"TS","MS","ISIN","ACTION","VOL","DATA"
2023-07-10 10:14:40,436,US8522341036,SELL,1.96,"{buyPrice=61.2312, quantity=32.0, buyRequestTs=2023-07-07T16:56:47.455, sellRequestTs=2023-07-06T09:44:46.493, change=0, openPrice=60.5018, sellPrice=61.2924, minPercent=-7.0, stepChange=0, buySpread=0.08, minPrice=60.5018, name=Block Inc A, reset=false, maxPrice=60.5018, closePrice=60.5018,}"
2023-07-10 15:46:41,172,HK0941009539,BUY,-918.41,"{buyPrice=7.3473, quantity=125, buyRequestTs=2023-07-10T15:46:41.161, sellRequestTs=2023-07-06T08:39:05.807, change=0, openPrice=7.2182, sellPrice=0.0, stepChange=0, buySpread=0.125, minPrice=7.2182, name=China Mobile Limited, reset=false, maxPrice=7.2182, closePrice=7.2182,}"
2023-07-10 17:16:40,498,US8522341036,BUY,-1951.54,"{buyPrice=62.9529, quantity=31, buyRequestTs=2023-07-10T17:16:40.486, sellRequestTs=2023-07-10T10:14:40.438, change=0, openPrice=62.7684, sellPrice=0.0, minPercent=-7.0, stepChange=0, buySpread=0.08, minPrice=62.7684, name=Block Inc A, reset=false, maxPrice=62.7684, closePrice=62.7684,}"
2023-07-11 09:26:44,995,DE000DTR0CK8,BUY,-1991.20,"{buyPrice=32.6426, quantity=61, buyRequestTs=2023-07-11T09:26:44.984, sellRequestTs=2023-03-17T11:30:18.958, change=0, openPrice=33.0376, sellPrice=0.0, minPercent=-7.0, stepChange=0, buySpread=0.02, minPrice=33.0376, name=DAIMLER TRUCK HOLDING AG, reset=false, maxPrice=33.0376, closePrice=33.0376,}"
2023-07-11 09:42:45,183,DE000DTR0CK8,SELL,2.89,"{buyPrice=32.6426, quantity=61, buyRequestTs=2023-07-11T09:26:44.984, sellRequestTs=2023-03-17T11:30:18.958, change=0, openPrice=32.4149, sellPrice=32.6900, minPercent=-7.0, stepChange=0, buySpread=0.02, minPrice=32.4149, name=DAIMLER TRUCK HOLDING AG, reset=false, maxPrice=32.4149, closePrice=32.4149,}"
2023-07-11 09:46:44,789,DE000DTR0CK8,BUY,-1993.64,"{buyPrice=32.6827, quantity=61, buyRequestTs=2023-07-11T09:46:44.778, sellRequestTs=2023-07-11T09:42:45.184, change=0, openPrice=32.5008, sellPrice=0.0, minPercent=-7.0, stepChange=0, buySpread=0.02, minPrice=32.5008, name=DAIMLER TRUCK HOLDING AG, reset=false, maxPrice=32.5008, closePrice=32.5008,}"
2023-07-11 11:20:45,864,DE000DTR0CK8,SELL,1.99,"{buyPrice=32.6827, quantity=61, buyRequestTs=2023-07-11T09:46:44.778, sellRequestTs=2023-07-11T09:42:45.184, change=0, openPrice=32.1545, sellPrice=32.7154, minPercent=-7.0, stepChange=0, buySpread=0.02, minPrice=32.1545, name=DAIMLER TRUCK HOLDING AG, reset=false, maxPrice=32.1545, closePrice=32.1545,}"
2023-07-11 18:46:46,598,US2791581091,BUY,-960.96,"{buyPrice=9.6096, quantity=100, buyRequestTs=2023-07-11T18:46:46.575, sellRequestTs=2023-07-06T17:16:45.910, change=0, openPrice=9.5000, sellPrice=0.0, minPercent=-7.0, stepChange=0, buySpread=0.1, minPrice=9.5000, name=ECOPETROL S.A., reset=false, maxPrice=9.5000, closePrice=9.5000,}"
2023-07-11 20:50:48,682,US8522341036,SELL,58.81,"{buyPrice=62.9529, quantity=31.0, buyRequestTs=2023-07-10T17:16:40.486, sellRequestTs=2023-07-10T10:14:40.438, change=0, openPrice=64.9296, sellPrice=64.8500, minPercent=-7.0, stepChange=0, buySpread=0.08, minPrice=64.9296, name=Block Inc A, reset=false, maxPrice=64.9296, closePrice=64.9296,}"
2023-07-13 11:26:48,111,US00287Y1091,BUY,-1925.12,"{buyPrice=120.3202, quantity=16, buyRequestTs=2023-07-13T11:26:48.099, sellRequestTs=2023-06-05T20:54:43.782, change=0, openPrice=119.6905, sellPrice=0.0, stepChange=0, buySpread=0.6, minPrice=119.6905, name=Abbvie Inc, reset=false, maxPrice=119.6905, closePrice=119.6905,}"
2023-07-13 11:36:47,573,US91324P1021,BUY,-1625.62,"{buyPrice=406.4060, quantity=4, buyRequestTs=2023-07-13T11:36:47.563, sellRequestTs=2023-06-15T20:43:06.314, change=0, openPrice=405.5000, sellPrice=0.0, stepChange=0, buySpread=0.5, minPrice=405.5000, name=Unitedhealth Grp. Inc, reset=false, maxPrice=405.5000, closePrice=405.5000,}"
2023-07-13 12:40:47,190,US7134481081,BUY,-4868.16,"{buyPrice=167.8677, quantity=29, buyRequestTs=2023-07-13T12:40:47.174, sellRequestTs=2023-05-30T16:10:40.119, change=0, minPercentForce=-4.0, openPrice=166.5986, sellPrice=0.0, stepChange=0, tradeAmount=5000.0, buySpread=0.34, minPrice=166.5986, name=PepsiCo Inc, reset=false, maxPrice=166.5986, closePrice=166.5986,}"
2023-07-13 16:32:47,788,US7134481081,SELL,4.87,"{buyPrice=167.8677, quantity=29, buyRequestTs=2023-07-13T12:40:47.174, sellRequestTs=2023-05-30T16:10:40.119, change=0, minPercentForce=-4.0, openPrice=164.5328, sellPrice=168.0356, stepChange=0, tradeAmount=5000.0, buySpread=0.34, minPrice=164.5328, name=PepsiCo Inc, reset=false, maxPrice=164.5328, closePrice=164.5328,}"
2023-07-13 16:54:49,223,US2791581091,SELL,19.04,"{buyPrice=9.6096, quantity=100.0, buyRequestTs=2023-07-11T18:46:46.575, sellRequestTs=2023-07-06T17:16:45.910, change=0, openPrice=9.8075, sellPrice=9.8000, minPercent=-7.0, stepChange=0, buySpread=0.1, minPrice=9.8075, name=ECOPETROL S.A., reset=false, maxPrice=9.8075, closePrice=9.8075,}"
2023-07-13 20:12:47,740,US91324P1021,SELL,1.63,"{buyPrice=406.4060, quantity=4, buyRequestTs=2023-07-13T11:36:47.563, sellRequestTs=2023-06-15T20:43:06.314, change=0, openPrice=400.9024, sellPrice=406.8124, stepChange=0, buySpread=0.5, minPrice=400.9024, name=Unitedhealth Grp. Inc, reset=false, maxPrice=400.9024, closePrice=400.9024,}"
2023-07-14 11:36:49,698,US91324P1021,BUY,-401.90,"{buyPrice=401.9015, quantity=1, buyRequestTs=2023-07-14T11:36:49.686, sellRequestTs=2023-07-13T20:12:47.740, change=0, openPrice=399.8343, sellPrice=0.0, stepChange=0, buySpread=2.0, minPrice=399.8343, name=Unitedhealth Grp. Inc, reset=false, maxPrice=399.8343, closePrice=399.8343,}"
2023-07-14 12:08:48,612,US5486611073,BUY,-1647.65,"{buyPrice=205.9558, quantity=8, buyRequestTs=2023-07-14T12:08:48.597, sellRequestTs=2023-06-28T13:12:44.295, change=0, openPrice=203.2399, sellPrice=0.0, stepChange=0, buySpread=2.00, minPrice=203.2399, name=Lowe's Companies Inc, reset=false, maxPrice=203.2399, closePrice=203.2399,}"
2023-07-14 14:42:48,922,US91324P1021,SELL,8.10,"{buyPrice=401.9015, quantity=1, buyRequestTs=2023-07-14T11:36:49.686, sellRequestTs=2023-07-13T20:12:47.740, change=0, openPrice=410.4919, sellPrice=410.0000, stepChange=0, buySpread=2.0, minPrice=410.4919, name=Unitedhealth Grp. Inc, reset=false, maxPrice=410.4919, closePrice=410.4919,}"
2023-07-14 18:46:50,097,US64110L1061,BUY,-1994.99,"{buyPrice=398.9986, quantity=5, buyRequestTs=2023-07-14T18:46:50.063, sellRequestTs=2022-05-09T16:13:57.311, change=0, openPrice=397.3262, sellPrice=0.0, stepChange=0, buySpread=0.7, minPrice=397.3262, name=Netflix Inc, reset=false, maxPrice=397.3262, closePrice=397.3262,}"
2023-07-14 21:04:49,371,US64110L1061,SELL,2.00,"{buyPrice=398.9986, quantity=5, buyRequestTs=2023-07-14T18:46:50.063, sellRequestTs=2022-05-09T16:13:57.311, change=0, openPrice=392.5106, sellPrice=399.3976, stepChange=0, buySpread=0.7, minPrice=392.5106, name=Netflix Inc, reset=false, maxPrice=392.5106, closePrice=392.5106,}"
2023-07-17 10:42:44,028,US4781601046,BUY,-1860.86,"{buyPrice=143.1430, quantity=13, buyRequestTs=2023-07-17T10:42:44.015, sellRequestTs=2023-06-01T16:08:41.156, change=0, minPercentForce=-4.0, openPrice=142.6771, sellPrice=0.0, stepChange=0, buySpread=0.2, minPrice=142.6771, name=Johnson & Johnson, reset=false, maxPrice=142.6771, closePrice=142.6771,}"
2023-07-17 17:06:44,855,US67066G1040,BUY,-1625.02,"{buyPrice=406.2559, quantity=4, buyRequestTs=2023-07-17T17:06:44.846, sellRequestTs=2023-05-19T16:20:07.602, change=0, openPrice=406.8107, sellPrice=0.0, stepChange=0, buySpread=0.20, minPrice=406.8107, name=NVIDIA Corp, reset=false, maxPrice=406.8107, closePrice=406.8107,}"
2023-07-18 09:36:47,821,DE0005140008,BUY,-1990.58,"{buyPrice=9.8058, quantity=203, buyRequestTs=2023-07-18T09:36:47.804, sellRequestTs=2023-05-18T16:30:06.117, change=0, openPrice=9.8160, sellPrice=0.0, minPercent=-7.0, stepChange=0, buySpread=0.003, minPrice=9.8160, name=Deutsche Bank AG, reset=false, maxPrice=9.8160, closePrice=9.8160,}"
2023-07-18 13:56:47,281,US91324P1021,BUY,-434.43,"{buyPrice=434.4340, quantity=1, buyRequestTs=2023-07-18T13:56:47.271, sellRequestTs=2023-07-14T14:42:48.922, change=0, openPrice=432.7361, sellPrice=0.0, stepChange=0, buySpread=1.5, minPrice=432.7361, name=Unitedhealth Grp. Inc, reset=false, maxPrice=432.7361, closePrice=432.7361,}"
2023-07-18 15:24:46,953,DE0005140008,SELL,1.99,"{buyPrice=9.8058, quantity=203, buyRequestTs=2023-07-18T09:36:47.804, sellRequestTs=2023-05-18T16:30:06.117, change=0, openPrice=9.7148, sellPrice=9.8156, minPercent=-7.0, stepChange=0, buySpread=0.003, minPrice=9.7148, name=Deutsche Bank AG, reset=false, maxPrice=9.7148, closePrice=9.7148,}"
2023-07-18 15:54:47,596,US67066G1040,SELL,12.98,"{buyPrice=406.2559, quantity=4.0, buyRequestTs=2023-07-17T17:06:44.846, sellRequestTs=2023-05-19T16:20:07.602, change=0, openPrice=413.8391, sellPrice=409.5000, stepChange=0, buySpread=0.2, minPrice=413.8391, name=NVIDIA Corp, reset=false, maxPrice=413.8391, closePrice=413.8391,}"
2023-07-18 17:24:48,186,US1912161007,BUY,-4956.26,"{buyPrice=54.4644, quantity=91, buyRequestTs=2023-07-18T17:24:48.175, sellRequestTs=2023-06-01T19:22:39.440, change=0, minPercentForce=-4.0, openPrice=54.4018, sellPrice=0.0, stepChange=0, tradeAmount=5000.0, buySpread=0.05, minPrice=54.4018, name=Coca-Cola Co, reset=false, maxPrice=54.4018, closePrice=54.4018,}"
2023-07-18 19:12:49,261,US00287Y1091,SELL,15.68,"{buyPrice=120.3202, quantity=16.0, buyRequestTs=2023-07-13T11:26:48.099, sellRequestTs=2023-06-05T20:54:43.782, change=0, openPrice=121.4812, sellPrice=121.3000, stepChange=0, buySpread=0.6, minPrice=121.4812, name=Abbvie Inc, reset=false, maxPrice=121.4812, closePrice=121.4812,}"
2023-07-18 20:16:48,781,US91324P1021,SELL,10.57,"{buyPrice=434.4340, quantity=1, buyRequestTs=2023-07-18T13:56:47.271, sellRequestTs=2023-07-14T14:42:48.922, change=0, openPrice=445.5849, sellPrice=445.0000, stepChange=0, buySpread=1.5, minPrice=445.5849, name=Unitedhealth Grp. Inc, reset=false, maxPrice=445.5849, closePrice=445.5849,}"
2023-07-18 21:16:47,950,US64110L1061,BUY,-1686.69,"{buyPrice=421.6713, quantity=4, buyRequestTs=2023-07-18T21:16:47.939, sellRequestTs=2023-07-14T21:04:49.371, change=0, openPrice=420.7021, sellPrice=0.0, stepChange=0, buySpread=0.60, minPrice=420.7021, name=Netflix Inc, reset=false, maxPrice=420.7021, closePrice=420.7021,}"
2023-07-18 21:16:53,462,US00287Y1091,BUY,-486.49,"{buyPrice=121.6215, quantity=4, buyRequestTs=2023-07-18T21:16:53.444, sellRequestTs=2023-07-18T19:12:49.261, change=0, openPrice=121.3883, sellPrice=0.0, stepChange=0, buySpread=0.1, minPrice=121.3883, name=Abbvie Inc, reset=false, maxPrice=121.3883, closePrice=121.3883,}"
2023-07-19 13:07:00,038,US4781601046,SELL,1.86,"{buyPrice=143.143, quantity=13.0, buyRequestTs=2023-07-17T10:42:44.015, sellRequestTs=2023-06-01T16:08:41.156, change=0, minPercentForce=-4.0, openPrice=140.9843, sellPrice=143.2861, stepChange=0, buySpread=0.2, minPrice=140.9843, name=Johnson & Johnson, reset=false, maxPrice=140.9843, closePrice=140.9843,}"
2023-07-19 15:26:49,974,US0079031078,BUY,-1952.79,"{buyPrice=108.4884, quantity=18, buyRequestTs=2023-07-19T15:26:49.963, sellRequestTs=2023-06-14T16:08:39.383, change=0, openPrice=106.4285, sellPrice=0.0, stepChange=0, buySpread=0.06, minPrice=106.4285, name=Advanced Micro Devices Inc, reset=false, maxPrice=106.4285, closePrice=106.4285,}"
2023-07-19 15:38:51,583,US64110L1061,SELL,1.69,"{buyPrice=421.6713, quantity=4.0, buyRequestTs=2023-07-18T21:16:47.939, sellRequestTs=2023-07-14T21:04:49.371, change=0, openPrice=426.9693, sellPrice=422.0930, stepChange=0, buySpread=0.6, minPrice=426.9693, name=Netflix Inc, reset=false, maxPrice=426.9693, closePrice=426.9693,}"
2023-07-19 16:54:49,880,US0079031078,SELL,1.95,"{buyPrice=108.4884, quantity=18, buyRequestTs=2023-07-19T15:26:49.963, sellRequestTs=2023-06-14T16:08:39.383, change=0, openPrice=105.2361, sellPrice=108.5969, stepChange=0, buySpread=0.06, minPrice=105.2361, name=Advanced Micro Devices Inc, reset=false, maxPrice=105.2361, closePrice=105.2361,}"
2023-07-19 16:56:50,077,US7475251036,BUY,-1925.30,"{buyPrice=113.2531, quantity=17, buyRequestTs=2023-07-19T16:56:50.065, sellRequestTs=2023-06-07T19:56:40.205, change=0, openPrice=112.6540, sellPrice=0.0, stepChange=0, buySpread=0.06, minPrice=112.6540, name=QUALCOMM INC., reset=false, maxPrice=112.6540, closePrice=112.6540,}"
2023-07-19 20:10:50,588,US7475251036,SELL,1.93,"{buyPrice=113.2531, quantity=17, buyRequestTs=2023-07-19T16:56:50.065, sellRequestTs=2023-06-07T19:56:40.205, change=0, openPrice=111.4595, sellPrice=113.3664, stepChange=0, buySpread=0.06, minPrice=111.4595, name=QUALCOMM INC., reset=false, maxPrice=111.4595, closePrice=111.4595,}"
2023-07-20 10:56:51,014,US64110L1061,BUY,-1991.99,"{buyPrice=398.3980, quantity=5, buyRequestTs=2023-07-20T10:56:51, sellRequestTs=2023-07-19T15:38:51.583, change=0, openPrice=395.6193, sellPrice=0.0, stepChange=0, buySpread=0.55, minPrice=395.6193, name=Netflix Inc, reset=false, maxPrice=395.6193, closePrice=395.6193,}"
2023-07-20 17:24:50,684,US64110L1061,SELL,1.99,"{buyPrice=398.3980, quantity=5, buyRequestTs=2023-07-20T10:56:51, sellRequestTs=2023-07-19T15:38:51.583, change=0, openPrice=391.0250, sellPrice=398.7964, stepChange=0, buySpread=0.55, minPrice=391.0250, name=Netflix Inc, reset=false, maxPrice=391.0250, closePrice=391.0250,}"
2023-07-21 08:38:47,859,US00287Y1091,SELL,20.31,"{buyPrice=121.6215, quantity=4.0, buyRequestTs=2023-07-18T21:16:53.444, sellRequestTs=2023-07-18T19:12:49.261, change=0, openPrice=127.0841, sellPrice=126.7000, stepChange=0, buySpread=0.1, minPrice=127.0841, name=Abbvie Inc, reset=false, maxPrice=127.0841, closePrice=127.0841,}"
2023-07-25 08:30:45,850,US5486611073,SELL,25.95,"{buyPrice=205.9558, quantity=8.0, buyRequestTs=2023-07-14T12:08:48.597, sellRequestTs=2023-06-28T13:12:44.295, change=0, openPrice=210.3472, sellPrice=209.2000, stepChange=0, buySpread=2.0, minPrice=210.3472, name=Lowe's Companies Inc, reset=false, maxPrice=210.3472, closePrice=210.3472,}"
2023-07-25 20:46:48,899,US64110L1061,BUY,-390.34,"{buyPrice=390.3400, quantity=1, buyRequestTs=2023-07-25T20:46:48.889, sellRequestTs=2023-07-20T17:24:50.685, change=0, openPrice=388.6149, sellPrice=0.0, stepChange=0, buySpread=0.65, minPrice=388.6149, name=Netflix Inc, reset=false, maxPrice=388.6149, closePrice=388.6149,}"
2023-07-25 20:46:54,917,US5128071082,BUY,-1774.77,"{buyPrice=591.5910, quantity=3, buyRequestTs=2023-07-25T20:46:54.880, sellRequestTs=2023-06-05T21:10:42.283, change=0, openPrice=588.4259, sellPrice=0.0, minPercent=-7.0, stepChange=0, buySpread=0.9, minPrice=588.4259, name=Lam Research Corp, reset=false, maxPrice=588.4259, closePrice=588.4259,}"
2023-07-25 20:47:06,008,US00287Y1091,BUY,-643.14,"{buyPrice=128.6285, quantity=5, buyRequestTs=2023-07-25T20:47:05.998, sellRequestTs=2023-07-21T08:38:47.861, change=0, openPrice=128.4866, sellPrice=0.0, stepChange=0, buySpread=0.1, minPrice=128.4866, name=Abbvie Inc, reset=false, maxPrice=128.4866, closePrice=128.4866,}"
2023-07-25 20:47:17,100,US23331A1097,BUY,-475.88,"{buyPrice=118.9689, quantity=4, buyRequestTs=2023-07-25T20:47:17.091, sellRequestTs=2023-06-26T17:16:42.370, change=0, openPrice=118.3111, sellPrice=0.0, minPercent=-7.0, stepChange=0, buySpread=0.55, minPrice=118.3111, name=D.R. Horton Inc, reset=false, maxPrice=118.3111, closePrice=118.3111,}"
2023-07-26 12:46:45,533,US5128071082,SELL,1.77,"{buyPrice=591.591, quantity=3.0, buyRequestTs=2023-07-25T20:46:54.880, sellRequestTs=2023-06-05T21:10:42.283, change=0, openPrice=581.5308, sellPrice=592.1826, minPercent=-7.0, stepChange=0, buySpread=0.9, minPrice=581.5308, name=Lam Research Corp, reset=false, maxPrice=581.5308, closePrice=581.5308,}"
2023-07-26 13:54:45,340,US64110L1061,SELL,0.39,"{buyPrice=390.34, quantity=1.0, buyRequestTs=2023-07-25T20:46:48.889, sellRequestTs=2023-07-20T17:24:50.685, change=0, openPrice=383.8028, sellPrice=390.7303, stepChange=0, buySpread=0.65, minPrice=383.8028, name=Netflix Inc, reset=false, maxPrice=383.8028, closePrice=383.8028,}"
2023-07-26 14:56:45,497,US1912161007,SELL,172.50,"{buyPrice=54.4644, quantity=91.0, buyRequestTs=2023-07-18T17:24:48.175, sellRequestTs=2023-06-01T19:22:39.440, change=0, minPercentForce=-4.0, openPrice=56.7127, sellPrice=56.3600, stepChange=0, tradeAmount=5000.0, buySpread=0.05, minPrice=56.7127, name=Coca-Cola Co, reset=false, maxPrice=56.7127, closePrice=56.7127,}"
2023-07-26 16:48:45,792,US23331A1097,SELL,0.48,"{buyPrice=118.9689, quantity=4.0, buyRequestTs=2023-07-25T20:47:17.091, sellRequestTs=2023-06-26T17:16:42.370, change=0, openPrice=116.5373, sellPrice=119.0879, minPercent=-7.0, stepChange=0, buySpread=0.55, minPrice=116.5373, name=D.R. Horton Inc, reset=false, maxPrice=116.5373, closePrice=116.5373,}"
2023-07-27 08:50:48,576,US00287Y1091,SELL,0.64,"{buyPrice=128.6285, quantity=5.0, buyRequestTs=2023-07-25T20:47:05.998, sellRequestTs=2023-07-21T08:38:47.861, change=0, openPrice=127.0201, sellPrice=128.7571, stepChange=0, buySpread=0.1, minPrice=127.0201, name=Abbvie Inc, reset=false, maxPrice=127.0201, closePrice=127.0201,}"
2023-07-27 09:46:47,576,DE000A1ML7J1,BUY,-1158.92,"{buyPrice=21.4614, quantity=54, buyRequestTs=2023-07-27T09:46:47.564, sellRequestTs=2023-02-23T11:32:37.798, change=0, openPrice=21.3318, sellPrice=0.0, minPercent=-7.0, stepChange=0, buySpread=0.01, minPrice=21.3318, name=Vonovia SE, reset=false, maxPrice=21.3318, closePrice=21.3318,}"
2023-07-27 14:06:47,660,US00287Y1091,BUY,-1947.45,"{buyPrice=129.8297, quantity=15, buyRequestTs=2023-07-27T14:06:47.650, sellRequestTs=2023-07-27T08:50:48.578, change=0, openPrice=128.6234, sellPrice=0.0, stepChange=0, buySpread=0.7, minPrice=128.6234, name=Abbvie Inc, reset=false, maxPrice=128.6234, closePrice=128.6234,}"
2023-07-27 17:28:47,877,US00287Y1091,SELL,83.55,"{buyPrice=129.8297, quantity=15, buyRequestTs=2023-07-27T14:06:47.650, sellRequestTs=2023-07-27T08:50:48.578, change=0, openPrice=136.2312, sellPrice=135.4000, stepChange=0, buySpread=0.7, minPrice=136.2312, name=Abbvie Inc, reset=false, maxPrice=136.2312, closePrice=136.2312,}"
2023-07-27 18:46:48,351,US02079K3059,BUY,-2906.42,"{buyPrice=121.1010, quantity=24, buyRequestTs=2023-07-27T18:46:48.339, sellRequestTs=2023-05-11T20:26:35.659, change=0, openPrice=120.2817, sellPrice=0.0, stepChange=0, tradeAmount=3000.0, buySpread=0.14, minPrice=120.2817, name=Alphabet Inc A, reset=false, maxPrice=120.2817, closePrice=120.2817,}"
2023-07-27 20:26:47,949,US02079K3059,SELL,2.91,"{buyPrice=121.1010, quantity=24, buyRequestTs=2023-07-27T18:46:48.339, sellRequestTs=2023-05-11T20:26:35.659, change=0, openPrice=118.8636, sellPrice=121.2221, stepChange=0, tradeAmount=3000.0, buySpread=0.14, minPrice=118.8636, name=Alphabet Inc A, reset=false, maxPrice=118.8636, closePrice=118.8636,}"
2023-07-27 20:54:48,572,DE000A1ML7J1,SELL,1.16,"{buyPrice=21.4614, quantity=54, buyRequestTs=2023-07-27T09:46:47.564, sellRequestTs=2023-02-23T11:32:37.798, change=0, openPrice=21.1080, sellPrice=21.4829, minPercent=-7.0, stepChange=0, buySpread=0.01, minPrice=21.1080, name=Vonovia SE, reset=false, maxPrice=21.1080, closePrice=21.1080,}"
2023-07-27 21:06:49,505,US5128071082,BUY,-1271.07,"{buyPrice=635.5349, quantity=2, buyRequestTs=2023-07-27T21:06:49.495, sellRequestTs=2023-07-26T12:46:45.535, change=0, openPrice=634.9612, sellPrice=0.0, minPercent=-7.0, stepChange=0, buySpread=1.1, minPrice=634.9612, name=Lam Research Corp, reset=false, maxPrice=634.9612, closePrice=634.9612,}"
2023-07-28 07:59:11,567,HK0941009539,SELL,9.71,"{buyPrice=7.3473, quantity=125.0, buyRequestTs=2023-07-10T15:46:41.161, sellRequestTs=2023-07-06T08:39:05.807, change=0, openPrice=7.5045, sellPrice=7.4250, stepChange=0, buySpread=0.125, minPrice=7.5045, name=China Mobile Limited, reset=false, maxPrice=7.5045, closePrice=7.5045,}"
2023-07-28 09:16:47,180,US2791581091,BUY,-490.09,"{buyPrice=10.2102, quantity=48, buyRequestTs=2023-07-28T09:16:47.167, sellRequestTs=2023-07-13T16:54:49.223, change=0, openPrice=10.1000, sellPrice=0.0, minPercent=-7.0, stepChange=0, buySpread=0.1, minPrice=10.1000, name=ECOPETROL S.A., reset=false, maxPrice=10.1000, closePrice=10.1000,}"
2023-07-28 11:16:46,922,DE000A1ML7J1,BUY,-1234.33,"{buyPrice=20.9209, quantity=59, buyRequestTs=2023-07-28T11:16:46.869, sellRequestTs=2023-07-27T20:54:48.572, change=0, openPrice=20.8196, sellPrice=0.0, minPercent=-7.0, stepChange=0, buySpread=0.01, minPrice=20.8196, name=Vonovia SE, reset=false, maxPrice=20.8196, closePrice=20.8196,}"
2023-07-28 12:30:47,009,US5128071082,SELL,12.53,"{buyPrice=635.5349, quantity=2.0, buyRequestTs=2023-07-27T21:06:49.495, sellRequestTs=2023-07-26T12:46:45.535, change=0, openPrice=642.8423, sellPrice=641.8000, minPercent=-7.0, stepChange=0, buySpread=1.1, minPrice=642.8423, name=Lam Research Corp, reset=false, maxPrice=642.8423, closePrice=642.8423,}"
2023-07-28 13:16:46,318,US69608A1088,BUY,-1999.75,"{buyPrice=15.2653, quantity=131, buyRequestTs=2023-07-28T13:16:46.308, sellRequestTs=2023-05-09T17:16:38.532, change=0, openPrice=15.0077, sellPrice=0.0, minPercent=-7.0, stepChange=0, buySpread=0.045, minPrice=15.0077, name=Palantir Technologies Inc, reset=false, maxPrice=15.0077, closePrice=15.0077,}"
2023-07-28 13:46:46,449,US4581401001,BUY,-1967.25,"{buyPrice=33.3433, quantity=59, buyRequestTs=2023-07-28T13:46:46.439, sellRequestTs=2023-04-21T21:48:49.289, change=0, openPrice=33.4074, sellPrice=0.0, stepChange=0, buySpread=0.07, minPrice=33.4074, name=Intel Corp, reset=false, maxPrice=33.4074, closePrice=33.4074,}"
2023-07-28 16:14:46,886,US4581401001,SELL,1.96,"{buyPrice=33.3433, quantity=59, buyRequestTs=2023-07-28T13:46:46.439, sellRequestTs=2023-04-21T21:48:49.289, change=0, openPrice=32.7678, sellPrice=33.3766, stepChange=0, buySpread=0.07, minPrice=32.7678, name=Intel Corp, reset=false, maxPrice=32.7678, closePrice=32.7678,}"
2023-07-28 16:16:47,055,US69608A1088,SELL,12.41,"{buyPrice=15.2653, quantity=131, buyRequestTs=2023-07-28T13:16:46.308, sellRequestTs=2023-05-09T17:16:38.532, change=0, openPrice=15.5430, sellPrice=15.3600, minPercent=-7.0, stepChange=0, buySpread=0.045, minPrice=15.5430, name=Palantir Technologies Inc, reset=false, maxPrice=15.5430, closePrice=15.5430,}"
2023-07-28 19:56:47,858,US64110L1061,BUY,-1160.96,"{buyPrice=386.9866, quantity=3, buyRequestTs=2023-07-28T19:56:47.815, sellRequestTs=2023-07-26T13:54:45.340, change=0, openPrice=385.6813, sellPrice=0.0, stepChange=0, buySpread=0.65, minPrice=385.6813, name=Netflix Inc, reset=false, maxPrice=385.6813, closePrice=385.6813,}"
2023-07-28 19:56:58,794,US91324P1021,BUY,-912.91,"{buyPrice=456.4560, quantity=2, buyRequestTs=2023-07-28T19:56:58.785, sellRequestTs=2023-07-18T20:16:48.781, change=0, openPrice=454.7952, sellPrice=0.0, stepChange=0, buySpread=0.5, minPrice=454.7952, name=Unitedhealth Grp. Inc, reset=false, maxPrice=454.7952, closePrice=454.7952,}"
2023-07-31 08:12:42,653,DE000A1ML7J1,SELL,6.44,"{buyPrice=20.9209, quantity=59.0, buyRequestTs=2023-07-28T11:16:46.869, sellRequestTs=2023-07-27T20:54:48.572, change=0, openPrice=21.1244, sellPrice=21.0300, minPercent=-7.0, stepChange=0, buySpread=0.01, minPrice=21.1244, name=Vonovia SE, reset=false, maxPrice=21.1244, closePrice=21.1244,}"
2023-07-31 09:56:42,217,HK0941009539,BUY,-499.31,"{buyPrice=7.4524, quantity=67, buyRequestTs=2023-07-31T09:56:42.203, sellRequestTs=2023-07-28T07:59:11.568, change=0, openPrice=7.3493, sellPrice=0.0, stepChange=0, buySpread=0.085, minPrice=7.3493, name=China Mobile Limited, reset=false, maxPrice=7.3493, closePrice=7.3493,}"
2023-08-01 13:12:45,066,US2791581091,SELL,13.91,"{buyPrice=10.2102, quantity=48.0, buyRequestTs=2023-07-28T09:16:47.167, sellRequestTs=2023-07-13T16:54:49.223, change=0, openPrice=10.5792, sellPrice=10.5000, minPercent=-7.0, stepChange=0, buySpread=0.1, minPrice=10.5792, name=ECOPETROL S.A., reset=false, maxPrice=10.5792, closePrice=10.5792,}"
2023-08-01 16:12:46,083,US64110L1061,SELL,36.64,"{buyPrice=386.9866, quantity=3.0, buyRequestTs=2023-07-28T19:56:47.815, sellRequestTs=2023-07-26T13:54:45.340, change=0, openPrice=395.7669, sellPrice=399.2000, stepChange=0, buySpread=0.65, minPrice=395.7669, name=Netflix Inc, reset=false, maxPrice=395.7669, closePrice=395.7669,}"
2023-08-01 19:32:46,395,US4781601046,BUY,-1998.80,"{buyPrice=153.7536, quantity=13, buyRequestTs=2023-08-01T19:32:46.386, sellRequestTs=2023-07-19T13:07:00.040, change=0, minPercentForce=-4.0, openPrice=153.3195, sellPrice=0.0, stepChange=0, buySpread=0.1, minPrice=153.3195, name=Johnson & Johnson, reset=false, maxPrice=153.3195, closePrice=153.3195,}"
2023-08-01 21:56:46,579,US64110L1061,BUY,-1600.60,"{buyPrice=400.1498, quantity=4, buyRequestTs=2023-08-01T21:56:46.569, sellRequestTs=2023-08-01T16:12:46.083, change=0, openPrice=400.7715, sellPrice=0.0, stepChange=0, buySpread=0.65, minPrice=400.7715, name=Netflix Inc, reset=false, maxPrice=400.7715, closePrice=400.7715,}"
2023-08-01 21:56:53,385,US5128071082,BUY,-1959.16,"{buyPrice=653.0524, quantity=3, buyRequestTs=2023-08-01T21:56:53.375, sellRequestTs=2023-07-28T12:30:47.009, change=0, openPrice=652.1631, sellPrice=0.0, minPercent=-7.0, stepChange=0, buySpread=0.6, minPrice=652.1631, name=Lam Research Corp, reset=false, maxPrice=652.1631, closePrice=652.1631,}"
2023-08-01 21:57:08,760,DE000A1ML7J1,BUY,-1989.39,"{buyPrice=20.9409, quantity=95, buyRequestTs=2023-08-01T21:57:08.579, sellRequestTs=2023-07-31T08:12:42.655, change=0, openPrice=20.8392, sellPrice=0.0, minPercent=-7.0, stepChange=0, buySpread=0.09, minPrice=20.8392, name=Vonovia SE, reset=false, maxPrice=20.8392, closePrice=20.8392,}"
2023-08-01 21:57:11,305,US23331A1097,BUY,-1988.44,"{buyPrice=116.9669, quantity=17, buyRequestTs=2023-08-01T21:57:11.295, sellRequestTs=2023-07-26T16:48:45.792, change=0, openPrice=116.3930, sellPrice=0.0, minPercent=-7.0, stepChange=0, buySpread=0.55, minPrice=116.3930, name=D.R. Horton Inc, reset=false, maxPrice=116.3930, closePrice=116.3930,}"
2023-08-02 08:00:48,939,US02079K3059,BUY,-2987.49,"{buyPrice=119.4994, quantity=25, buyRequestTs=2023-08-02T08:00:48.897, sellRequestTs=2023-07-27T20:26:47.950, change=0, openPrice=119.8532, sellPrice=0.0, stepChange=0, tradeAmount=3000.0, buySpread=0.36, minPrice=119.8532, name=Alphabet Inc A, reset=false, maxPrice=119.8532, closePrice=119.8532,}"
2023-08-02 08:38:46,905,US64110L1061,SELL,1.60,"{buyPrice=400.1498, quantity=4.0, buyRequestTs=2023-08-01T21:56:46.569, sellRequestTs=2023-08-01T16:12:46.083, change=0, openPrice=395.1520, sellPrice=400.5499, stepChange=0, buySpread=0.65, minPrice=395.1520, name=Netflix Inc, reset=false, maxPrice=395.1520, closePrice=395.1520,}"
2023-08-02 08:40:43,699,DE000A1ML7J1,SELL,1.99,"{buyPrice=20.9409, quantity=95.0, buyRequestTs=2023-08-01T21:57:08.579, sellRequestTs=2023-07-31T08:12:42.655, change=0, openPrice=20.5324, sellPrice=20.9618, minPercent=-7.0, stepChange=0, buySpread=0.09, minPrice=20.5324, name=Vonovia SE, reset=false, maxPrice=20.5324, closePrice=20.5324,}"
2023-08-02 08:42:44,134,US02079K3059,SELL,2.99,"{buyPrice=119.4994, quantity=25, buyRequestTs=2023-08-02T08:00:48.897, sellRequestTs=2023-07-27T20:26:47.950, change=0, openPrice=117.9836, sellPrice=119.6189, stepChange=0, tradeAmount=3000.0, buySpread=0.36, minPrice=117.9836, name=Alphabet Inc A, reset=false, maxPrice=117.9836, closePrice=117.9836,}"
2023-08-02 08:42:55,175,US5128071082,SELL,1.96,"{buyPrice=653.0524, quantity=3.0, buyRequestTs=2023-08-01T21:56:53.375, sellRequestTs=2023-07-28T12:30:47.009, change=0, openPrice=644.7642, sellPrice=653.7055, minPercent=-7.0, stepChange=0, buySpread=0.6, minPrice=644.7642, name=Lam Research Corp, reset=false, maxPrice=644.7642, closePrice=644.7642,}"
2023-08-02 16:56:44,633,US23331A1097,SELL,1.99,"{buyPrice=116.9669, quantity=17.0, buyRequestTs=2023-08-01T21:57:11.295, sellRequestTs=2023-07-26T16:48:45.792, change=0, openPrice=114.6535, sellPrice=117.0839, minPercent=-7.0, stepChange=0, buySpread=0.55, minPrice=114.6535, name=D.R. Horton Inc, reset=false, maxPrice=114.6535, closePrice=114.6535,}"
2023-08-02 19:46:46,037,US91324P1021,SELL,10.09,"{buyPrice=456.456, quantity=2.0, buyRequestTs=2023-07-28T19:56:58.785, sellRequestTs=2023-07-18T20:16:48.781, change=0, openPrice=461.5277, sellPrice=461.5000, stepChange=0, buySpread=0.5, minPrice=461.5277, name=Unitedhealth Grp. Inc, reset=false, maxPrice=461.5277, closePrice=461.5277,}"
2023-08-02 19:54:45,028,US4781601046,SELL,17.50,"{buyPrice=153.7536, quantity=13.0, buyRequestTs=2023-08-01T19:32:46.386, sellRequestTs=2023-07-19T13:07:00.040, change=0, minPercentForce=-4.0, openPrice=155.1402, sellPrice=155.1000, stepChange=0, buySpread=0.1, minPrice=155.1402, name=Johnson & Johnson, reset=false, maxPrice=155.1402, closePrice=155.1402,}"
2023-08-03 10:46:46,248,US70450Y1038,BUY,-1958.12,"{buyPrice=61.1911, quantity=32, buyRequestTs=2023-08-03T10:46:46.235, sellRequestTs=2023-07-06T15:32:46.387, change=0, openPrice=61.1209, sellPrice=0.0, stepChange=0, buySpread=0.01, minPrice=61.1209, name=PayPal Hldgs. Inc, reset=false, maxPrice=61.1209, closePrice=61.1209,}"
2023-08-03 15:56:46,677,US2791581091,BUY,-515.52,"{buyPrice=10.3103, quantity=50, buyRequestTs=2023-08-03T15:56:46.667, sellRequestTs=2023-08-01T13:12:45.068, change=0, openPrice=10.1745, sellPrice=0.0, minPercent=-7.0, stepChange=0, buySpread=0.2, minPrice=10.1745, name=ECOPETROL S.A., reset=false, maxPrice=10.1745, closePrice=10.1745,}"
2023-08-03 16:06:44,782,US70450Y1038,SELL,1.96,"{buyPrice=61.1911, quantity=32, buyRequestTs=2023-08-03T10:46:46.235, sellRequestTs=2023-07-06T15:32:46.387, change=0, openPrice=60.4866, sellPrice=61.2523, stepChange=0, buySpread=0.01, minPrice=60.4866, name=PayPal Hldgs. Inc, reset=false, maxPrice=60.4866, closePrice=60.4866,}"
2023-08-04 10:38:46,594,HK0941009539,SELL,3.86,"{buyPrice=7.4524, quantity=67.0, buyRequestTs=2023-07-31T09:56:42.203, sellRequestTs=2023-07-28T07:59:11.568, change=0, openPrice=7.5201, sellPrice=7.5100, stepChange=0, buySpread=0.085, minPrice=7.5201, name=China Mobile Limited, reset=false, maxPrice=7.5201, closePrice=7.5201,}"
2023-08-08 10:36:48,090,US30231G1022,BUY,-1937.54,"{buyPrice=96.8768, quantity=20, buyRequestTs=2023-08-08T10:36:48.065, sellRequestTs=2023-02-13T08:15:13.677, change=0, openPrice=96.6261, sellPrice=0.0, stepChange=0, buySpread=0.17, minPrice=96.6261, name=Exxon Mobil Corp, reset=false, maxPrice=96.6261, closePrice=96.6261,}"
2023-08-08 15:46:47,035,US0970231058,BUY,-1948.65,"{buyPrice=216.5163, quantity=9, buyRequestTs=2023-08-08T15:46:47.020, sellRequestTs=2023-02-24T08:17:59.129, change=0, openPrice=215.7841, sellPrice=0.0, stepChange=0, buySpread=0.15, minPrice=215.7841, name=Boeing Co, reset=false, maxPrice=215.7841, closePrice=215.7841,}"
2023-08-08 20:56:47,096,US0605051046,BUY,-1989.99,"{buyPrice=28.4284, quantity=70, buyRequestTs=2023-08-08T20:56:47.060, sellRequestTs=2023-06-29T17:20:42.144, change=0, minPercentForce=-4.0, openPrice=28.3673, sellPrice=0.0, stepChange=0, buySpread=0.02, minPrice=28.3673, name=Bank of America Corp, reset=false, maxPrice=28.3673, closePrice=28.3673,}"
2023-08-09 08:30:45,758,US2791581091,SELL,0.52,"{buyPrice=10.3103, quantity=50.0, buyRequestTs=2023-08-03T15:56:46.667, sellRequestTs=2023-08-01T13:12:45.068, change=0, openPrice=10.4611, sellPrice=10.3206, minPercent=-7.0, stepChange=0, buySpread=0.2, minPrice=10.4611, name=ECOPETROL S.A., reset=false, maxPrice=10.4611, closePrice=10.4611,}"
2023-08-09 15:46:47,279,US2791581091,BUY,-1531.53,"{buyPrice=10.2102, quantity=150, buyRequestTs=2023-08-09T15:46:47.266, sellRequestTs=2023-08-09T08:30:45.759, change=0, openPrice=10.2614, sellPrice=0.0, minPercent=-7.0, stepChange=0, buySpread=0.1, minPrice=10.2614, name=ECOPETROL S.A., reset=false, maxPrice=10.2614, closePrice=10.2614,}"
2023-08-09 16:14:46,372,US2791581091,SELL,1.53,"{buyPrice=10.2102, quantity=150, buyRequestTs=2023-08-09T15:46:47.266, sellRequestTs=2023-08-09T08:30:45.759, change=0, openPrice=10.0259, sellPrice=10.2204, minPercent=-7.0, stepChange=0, buySpread=0.1, minPrice=10.0259, name=ECOPETROL S.A., reset=false, maxPrice=10.0259, closePrice=10.0259,}"
2023-08-09 16:16:46,197,US2791581091,BUY,-1072.07,"{buyPrice=10.2102, quantity=105, buyRequestTs=2023-08-09T16:16:46.186, sellRequestTs=2023-08-09T16:14:46.372, change=0, openPrice=10.0283, sellPrice=0.0, minPercent=-7.0, stepChange=0, buySpread=0.1, minPrice=10.0283, name=ECOPETROL S.A., reset=false, maxPrice=10.0283, closePrice=10.0283,}"
2023-08-09 18:32:47,158,US30231G1022,SELL,47.66,"{buyPrice=96.8768, quantity=20.0, buyRequestTs=2023-08-08T10:36:48.065, sellRequestTs=2023-02-13T08:15:13.677, change=0, openPrice=99.4661, sellPrice=99.2600, stepChange=0, buySpread=0.17, minPrice=99.4661, name=Exxon Mobil Corp, reset=false, maxPrice=99.4661, closePrice=99.4661,}"
2023-08-10 08:12:49,600,US2791581091,SELL,1.07,"{buyPrice=10.2102, quantity=105.0, buyRequestTs=2023-08-09T16:16:46.186, sellRequestTs=2023-08-09T16:14:46.372, change=0, openPrice=10.2000, sellPrice=10.2204, minPercent=-7.0, stepChange=0, buySpread=0.1, minPrice=10.2000, name=ECOPETROL S.A., reset=false, maxPrice=10.2000, closePrice=10.2000,}"
2023-08-10 11:36:50,273,HK0941009539,BUY,-499.65,"{buyPrice=7.4575, quantity=67, buyRequestTs=2023-08-10T11:36:50.254, sellRequestTs=2023-08-04T10:38:46.598, change=0, openPrice=7.4616, sellPrice=0.0, stepChange=0, buySpread=0.03, minPrice=7.4616, name=China Mobile Limited, reset=false, maxPrice=7.4616, closePrice=7.4616,}"
2023-08-10 14:08:49,250,US0605051046,SELL,1.99,"{buyPrice=28.4284, quantity=70.0, buyRequestTs=2023-08-08T20:56:47.060, sellRequestTs=2023-06-29T17:20:42.144, change=0, minPercentForce=-4.0, openPrice=28.0589, sellPrice=28.4568, stepChange=0, buySpread=0.02, minPrice=28.0589, name=Bank of America Corp, reset=false, maxPrice=28.0589, closePrice=28.0589,}"
2023-08-11 11:44:46,766,HK0941009539,SELL,11.89,"{buyPrice=7.4575, quantity=67.0, buyRequestTs=2023-08-10T11:36:50.254, sellRequestTs=2023-08-04T10:38:46.598, change=0, openPrice=7.6041, sellPrice=7.6350, stepChange=0, buySpread=0.03, minPrice=7.6041, name=China Mobile Limited, reset=false, maxPrice=7.6041, closePrice=7.6041,}"
