"TS","MS","ISIN","ACTION","VOL","DATA"
2023-06-13 14:16:44,341,HK0941009539,BUY,-498.80,"{buyPrice=7.5576, quantity=66, buyRequestTs=2023-06-13T14:16:44.327, sellRequestTs=2023-06-07T08:00:43.181, change=0, openPrice=7.4700, sellPrice=0.0, stepChange=0, buySpread=0.08, minPrice=7.4700, name=China Mobile Limited, reset=false, maxPrice=7.4700, closePrice=7.4700,}"
2023-06-14 09:46:38,567,US91324P1021,BUY,-1755.75,"{buyPrice=438.9385, quantity=4, buyRequestTs=2023-06-14T09:46:38.553, sellRequestTs=2022-02-22T12:42:03.761, change=0, openPrice=437.7138, sellPrice=0.0, stepChange=0, buySpread=1.5, minPrice=437.7138, name=Unitedhealth Grp. Inc, reset=false, maxPrice=437.7138, closePrice=437.7138,}"
2023-06-14 10:56:38,203,US2791581091,BUY,-1093.59,"{buyPrice=9.5095, quantity=115, buyRequestTs=2023-06-14T10:56:38.191, sellRequestTs=2023-06-07T10:38:39.635, change=0, openPrice=9.4000, sellPrice=0.0, minPercent=-7.0, stepChange=0, buySpread=0.1, minPrice=9.4000, name=ECOPETROL S.A., reset=false, maxPrice=9.4000, closePrice=9.4000,}"
2023-06-14 13:32:40,271,US91324P1021,SELL,1.76,"{buyPrice=438.9385, quantity=4, buyRequestTs=2023-06-14T09:46:38.553, sellRequestTs=2022-02-22T12:42:03.761, change=0, openPrice=431.8038, sellPrice=439.3774, stepChange=0, buySpread=1.5, minPrice=431.8038, name=Unitedhealth Grp. Inc, reset=false, maxPrice=431.8038, closePrice=431.8038,}"
2023-06-14 13:36:39,440,US0079031078,BUY,-1907.19,"{buyPrice=119.1991, quantity=16, buyRequestTs=2023-06-14T13:36:39.400, sellRequestTs=2023-05-05T10:40:30.640, change=0, openPrice=118.0896, sellPrice=0.0, stepChange=0, buySpread=0.18, minPrice=118.0896, name=Advanced Micro Devices Inc, reset=false, maxPrice=118.0896, closePrice=118.0896,}"
2023-06-14 16:08:39,382,US0079031078,SELL,1.91,"{buyPrice=119.1991, quantity=16, buyRequestTs=2023-06-14T13:36:39.400, sellRequestTs=2023-05-05T10:40:30.640, change=0, openPrice=116.5383, sellPrice=119.3183, stepChange=0, buySpread=0.18, minPrice=116.5383, name=Advanced Micro Devices Inc, reset=false, maxPrice=116.5383, closePrice=116.5383,}"
2023-06-14 18:26:40,232,US91324P1021,BUY,-1681.68,"{buyPrice=420.4200, quantity=4, buyRequestTs=2023-06-14T18:26:40.169, sellRequestTs=2023-06-14T13:32:40.272, change=0, openPrice=419.4419, sellPrice=0.0, stepChange=0, buySpread=0.5, minPrice=419.4419, name=Unitedhealth Grp. Inc, reset=false, maxPrice=419.4419, closePrice=419.4419,}"
2023-06-15 16:47:04,912,US00507V1098,BUY,-1937.64,"{buyPrice=74.5245, quantity=26, buyRequestTs=2023-06-15T16:47:04.901, change=0, openPrice=74.2750, sellPrice=0.0, minPercent=-7.0, stepChange=0, buySpread=0.05, minPrice=74.2750, name=Activision Blizzard Inc, reset=false, maxPrice=74.2750, closePrice=74.2750,}"
2023-06-15 20:43:06,313,US91324P1021,SELL,22.32,"{buyPrice=420.42, quantity=4.0, buyRequestTs=2023-06-14T18:26:40.169, sellRequestTs=2023-06-14T13:32:40.272, change=0, openPrice=427.6137, sellPrice=426.0000, stepChange=0, buySpread=0.5, minPrice=427.6137, name=Unitedhealth Grp. Inc, reset=false, maxPrice=427.6137, closePrice=427.6137,}"
2023-06-16 15:46:42,231,US8522341036,BUY,-1965.16,"{buyPrice=61.4114, quantity=32, buyRequestTs=2023-06-16T15:46:42.201, sellRequestTs=2023-06-07T16:50:40.553, change=0, openPrice=61.0414, sellPrice=0.0, minPercent=-7.0, stepChange=0, buySpread=0.10, minPrice=61.0414, name=Block Inc A, reset=false, maxPrice=61.0414, closePrice=61.0414,}"
2023-06-16 18:04:42,648,US8522341036,SELL,1.96,"{buyPrice=61.4114, quantity=32, buyRequestTs=2023-06-16T15:46:42.201, sellRequestTs=2023-06-07T16:50:40.553, change=0, openPrice=60.3271, sellPrice=61.4728, minPercent=-7.0, stepChange=0, buySpread=0.10, minPrice=60.3271, name=Block Inc A, reset=false, maxPrice=60.3271, closePrice=60.3271,}"
2023-06-20 15:16:40,804,US70450Y1038,BUY,-1981.50,"{buyPrice=61.9219, quantity=32, buyRequestTs=2023-06-20T15:16:40.755, sellRequestTs=2023-06-07T16:58:40.367, change=0, openPrice=61.6872, sellPrice=0.0, stepChange=0, buySpread=0.15, minPrice=61.6872, name=PayPal Hldgs. Inc, reset=false, maxPrice=61.6872, closePrice=61.6872,}"
2023-06-20 18:52:40,175,US23331A1097,SELL,12.64,"{buyPrice=106.8067, quantity=17.0, buyRequestTs=2023-06-06T18:36:12.233, change=0, openPrice=107.8226, sellPrice=107.5500, minPercent=-7.0, stepChange=0, buySpread=0.55, minPrice=107.8226, name=D.R. Horton Inc, reset=false, maxPrice=107.8226, closePrice=107.8226,}"
2023-06-21 15:54:42,361,US70450Y1038,SELL,18.50,"{buyPrice=61.9219, quantity=32.0, buyRequestTs=2023-06-20T15:16:40.755, sellRequestTs=2023-06-07T16:58:40.367, change=0, openPrice=62.9119, sellPrice=62.5000, stepChange=0, buySpread=0.15, minPrice=62.9119, name=PayPal Hldgs. Inc, reset=false, maxPrice=62.9119, closePrice=62.9119,}"
2023-06-21 16:02:42,373,HK0941009539,SELL,0.50,"{buyPrice=7.5576, quantity=66.0, buyRequestTs=2023-06-13T14:16:44.327, sellRequestTs=2023-06-07T08:00:43.181, change=0, openPrice=7.3102, sellPrice=7.5652, stepChange=0, buySpread=0.08, minPrice=7.3102, name=China Mobile Limited, reset=false, maxPrice=7.3102, closePrice=7.3102,}"
2023-06-21 20:26:41,547,HK0941009539,BUY,-495.96,"{buyPrice=7.4024, quantity=67, buyRequestTs=2023-06-21T20:26:41.538, sellRequestTs=2023-06-21T16:02:42.373, change=0, openPrice=7.2700, sellPrice=0.0, stepChange=0, buySpread=0.125, minPrice=7.2700, name=China Mobile Limited, reset=false, maxPrice=7.2700, closePrice=7.2700,}"
2023-06-22 08:02:44,857,US2791581091,SELL,1.09,"{buyPrice=9.5095, quantity=115.0, buyRequestTs=2023-06-14T10:56:38.191, sellRequestTs=2023-06-07T10:38:39.635, change=0, openPrice=9.6323, sellPrice=9.5190, minPercent=-7.0, stepChange=0, buySpread=0.1, minPrice=9.6323, name=ECOPETROL S.A., reset=false, maxPrice=9.6323, closePrice=9.6323,}"
2023-06-22 08:38:45,446,US00507V1098,SELL,1.94,"{buyPrice=74.5245, quantity=26.0, buyRequestTs=2023-06-15T16:47:04.901, change=0, openPrice=73.3385, sellPrice=74.5990, minPercent=-7.0, stepChange=0, buySpread=0.05, minPrice=73.3385, name=Activision Blizzard Inc, reset=false, maxPrice=73.3385, closePrice=73.3385,}"
2023-06-22 10:06:43,472,US2791581091,BUY,-720.72,"{buyPrice=9.6096, quantity=75, buyRequestTs=2023-06-22T10:06:43.460, sellRequestTs=2023-06-22T08:02:44.859, change=0, openPrice=9.5217, sellPrice=0.0, minPercent=-7.0, stepChange=0, buySpread=0.15, minPrice=9.5217, name=ECOPETROL S.A., reset=false, maxPrice=9.5217, closePrice=9.5217,}"
2023-06-22 16:16:43,356,US70450Y1038,BUY,-1984.38,"{buyPrice=62.0120, quantity=32, buyRequestTs=2023-06-22T16:16:43.345, sellRequestTs=2023-06-21T15:54:42.363, change=0, openPrice=61.4769, sellPrice=0.0, stepChange=0, buySpread=0.06, minPrice=61.4769, name=PayPal Hldgs. Inc, reset=false, maxPrice=61.4769, closePrice=61.4769,}"
2023-06-22 19:46:43,732,US23331A1097,BUY,-1416.47,"{buyPrice=108.9589, quantity=13, buyRequestTs=2023-06-22T19:46:43.718, sellRequestTs=2023-06-20T18:52:40.175, change=0, openPrice=108.1944, sellPrice=0.0, minPercent=-7.0, stepChange=0, buySpread=0.50, minPrice=108.1944, name=D.R. Horton Inc, reset=false, maxPrice=108.1944, closePrice=108.1944,}"
2023-06-23 11:16:40,937,US5486611073,BUY,-1984.38,"{buyPrice=198.4382, quantity=10, buyRequestTs=2023-06-23T11:16:40.923, sellRequestTs=2021-08-18T14:06:06.941, change=0, openPrice=196.2059, sellPrice=0.0, stepChange=0, buySpread=1.96, minPrice=196.2059, name=Lowe's Companies Inc, reset=false, maxPrice=196.2059, closePrice=196.2059,}"
2023-06-23 15:06:40,949,US70450Y1038,SELL,1.98,"{buyPrice=62.012, quantity=32.0, buyRequestTs=2023-06-22T16:16:43.345, sellRequestTs=2023-06-21T15:54:42.363, change=0, openPrice=62.2424, sellPrice=62.0740, stepChange=0, buySpread=0.06, minPrice=62.2424, name=PayPal Hldgs. Inc, reset=false, maxPrice=62.2424, closePrice=62.2424,}"
2023-06-26 10:04:42,392,US2791581091,SELL,0.72,"{buyPrice=9.6096, quantity=75.0, buyRequestTs=2023-06-22T10:06:43.460, sellRequestTs=2023-06-22T08:02:44.859, change=0, openPrice=9.2576, sellPrice=9.6192, minPercent=-7.0, stepChange=0, buySpread=0.15, minPrice=9.2576, name=ECOPETROL S.A., reset=false, maxPrice=9.2576, closePrice=9.2576,}"
2023-06-26 16:14:43,604,US0605051046,BUY,-1977.80,"{buyPrice=25.6857, quantity=77, buyRequestTs=2023-06-26T16:14:43.591, sellRequestTs=2023-06-05T08:54:39.951, change=0, minPercentForce=-4.0, openPrice=25.6629, sellPrice=0.0, stepChange=0, buySpread=0.04, minPrice=25.6629, name=Bank of America Corp, reset=false, maxPrice=25.6629, closePrice=25.6629,}"
2023-06-26 17:16:42,369,US23331A1097,SELL,2.48,"{buyPrice=108.9589, quantity=13.0, buyRequestTs=2023-06-22T19:46:43.718, sellRequestTs=2023-06-20T18:52:40.175, change=0, openPrice=110.0616, sellPrice=109.1500, minPercent=-7.0, stepChange=0, buySpread=0.5, minPrice=110.0616, name=D.R. Horton Inc, reset=false, maxPrice=110.0616, closePrice=110.0616,}"
2023-06-28 13:12:44,294,US5486611073,SELL,33.12,"{buyPrice=198.4382, quantity=10.0, buyRequestTs=2023-06-23T11:16:40.923, sellRequestTs=2021-08-18T14:06:06.941, change=0, openPrice=201.6261, sellPrice=201.7500, stepChange=0, buySpread=1.96, minPrice=201.6261, name=Lowe's Companies Inc, reset=false, maxPrice=201.6261, closePrice=201.6261,}"
2023-06-29 12:56:41,302,US09075V1026,BUY,-1963.96,"{buyPrice=98.1981, quantity=20, buyRequestTs=2023-06-29T12:56:41.289, sellRequestTs=2023-06-02T14:42:41.928, change=0, openPrice=96.5092, sellPrice=0.0, minPercent=-7.0, stepChange=0, buySpread=0.28, minPrice=96.5092, name=BIONTECH SE, reset=false, maxPrice=96.5092, closePrice=96.5092,}"
2023-06-29 17:20:42,144,US0605051046,SELL,51.92,"{buyPrice=25.6857, quantity=77.0, buyRequestTs=2023-06-26T16:14:43.591, sellRequestTs=2023-06-05T08:54:39.951, change=0, minPercentForce=-4.0, openPrice=26.3620, sellPrice=26.3600, stepChange=0, buySpread=0.04, minPrice=26.3620, name=Bank of America Corp, reset=false, maxPrice=26.3620, closePrice=26.3620,}"
2023-06-29 17:50:42,552,US09075V1026,SELL,1.96,"{buyPrice=98.1981, quantity=20, buyRequestTs=2023-06-29T12:56:41.289, sellRequestTs=2023-06-02T14:42:41.928, change=0, openPrice=98.1803, sellPrice=98.2963, minPercent=-7.0, stepChange=0, buySpread=0.28, minPrice=98.1803, name=BIONTECH SE, reset=false, maxPrice=98.1803, closePrice=98.1803,}"
2023-07-05 15:56:48,848,US2791581091,BUY,-499.70,"{buyPrice=9.6096, quantity=52, buyRequestTs=2023-07-05T15:56:48.837, sellRequestTs=2023-06-26T10:04:42.394, change=0, openPrice=9.5623, sellPrice=0.0, minPercent=-7.0, stepChange=0, buySpread=0.05, minPrice=9.5623, name=ECOPETROL S.A., reset=false, maxPrice=9.5623, closePrice=9.5623,}"
2023-07-05 17:36:47,516,US8522341036,BUY,-1950.61,"{buyPrice=62.9229, quantity=31, buyRequestTs=2023-07-05T17:36:47.504, sellRequestTs=2023-06-16T18:04:42.649, change=0, openPrice=62.0879, sellPrice=0.0, minPercent=-7.0, stepChange=0, buySpread=0.08, minPrice=62.0879, name=Block Inc A, reset=false, maxPrice=62.0879, closePrice=62.0879,}"
2023-07-05 20:06:50,748,US8522341036,SELL,12.93,"{buyPrice=62.9229, quantity=31, buyRequestTs=2023-07-05T17:36:47.504, sellRequestTs=2023-06-16T18:04:42.649, change=0, openPrice=63.1456, sellPrice=63.3400, minPercent=-7.0, stepChange=0, buySpread=0.08, minPrice=63.1456, name=Block Inc A, reset=false, maxPrice=63.1456, closePrice=63.1456,}"
2023-07-05 20:56:47,868,US70450Y1038,BUY,-1962.71,"{buyPrice=63.3133, quantity=31, buyRequestTs=2023-07-05T20:56:47.832, sellRequestTs=2023-06-23T15:06:40.949, change=0, openPrice=63.0197, sellPrice=0.0, stepChange=0, buySpread=0.06, minPrice=63.0197, name=PayPal Hldgs. Inc, reset=false, maxPrice=63.0197, closePrice=63.0197,}"
2023-07-05 20:56:59,368,US8522341036,BUY,-1976.05,"{buyPrice=63.7437, quantity=31, buyRequestTs=2023-07-05T20:56:59.359, sellRequestTs=2023-07-05T20:06:50.748, change=0, openPrice=63.3244, sellPrice=0.0, minPercent=-7.0, stepChange=0, buySpread=0.07, minPrice=63.3244, name=Block Inc A, reset=false, maxPrice=63.3244, closePrice=63.3244,}"
2023-07-06 08:39:05,806,HK0941009539,SELL,5.53,"{buyPrice=7.4024, quantity=67.0, buyRequestTs=2023-06-21T20:26:41.538, sellRequestTs=2023-06-21T16:02:42.373, change=0, openPrice=7.4825, sellPrice=7.4850, stepChange=0, buySpread=0.125, minPrice=7.4825, name=China Mobile Limited, reset=false, maxPrice=7.4825, closePrice=7.4825,}"
2023-07-06 09:44:46,492,US8522341036,SELL,1.97,"{buyPrice=63.7437, quantity=31.0, buyRequestTs=2023-07-05T20:56:59.359, sellRequestTs=2023-07-05T20:06:50.748, change=0, openPrice=62.6075, sellPrice=63.8074, minPercent=-7.0, stepChange=0, buySpread=0.07, minPrice=62.6075, name=Block Inc A, reset=false, maxPrice=62.6075, closePrice=62.6075,}"
2023-07-06 12:52:45,829,US2791581091,SELL,0.50,"{buyPrice=9.6096, quantity=52.0, buyRequestTs=2023-07-05T15:56:48.837, sellRequestTs=2023-06-26T10:04:42.394, change=0, openPrice=9.4000, sellPrice=9.6192, minPercent=-7.0, stepChange=0, buySpread=0.05, minPrice=9.4000, name=ECOPETROL S.A., reset=false, maxPrice=9.4000, closePrice=9.4000,}"
2023-07-06 14:06:46,362,US2791581091,BUY,-955.96,"{buyPrice=9.5596, quantity=100, buyRequestTs=2023-07-06T14:06:46.351, sellRequestTs=2023-07-06T12:52:45.829, change=0, openPrice=9.5000, sellPrice=0.0, minPercent=-7.0, stepChange=0, buySpread=0.05, minPrice=9.5000, name=ECOPETROL S.A., reset=false, maxPrice=9.5000, closePrice=9.5000,}"
2023-07-06 15:32:46,387,US70450Y1038,SELL,1.96,"{buyPrice=63.3133, quantity=31.0, buyRequestTs=2023-07-05T20:56:47.832, sellRequestTs=2023-06-23T15:06:40.949, change=0, openPrice=62.3236, sellPrice=63.3766, stepChange=0, buySpread=0.06, minPrice=62.3236, name=PayPal Hldgs. Inc, reset=false, maxPrice=62.3236, closePrice=62.3236,}"
2023-07-06 16:20:45,998,US2791581091,SELL,0.96,"{buyPrice=9.5596, quantity=100, buyRequestTs=2023-07-06T14:06:46.351, sellRequestTs=2023-07-06T12:52:45.829, change=0, openPrice=9.3429, sellPrice=9.5692, minPercent=-7.0, stepChange=0, buySpread=0.05, minPrice=9.3429, name=ECOPETROL S.A., reset=false, maxPrice=9.3429, closePrice=9.3429,}"
2023-07-06 16:22:47,100,US2791581091,BUY,-496.05,"{buyPrice=9.3594, quantity=53, buyRequestTs=2023-07-06T16:22:47.090, sellRequestTs=2023-07-06T16:20:45.999, change=0, openPrice=9.3672, sellPrice=0.0, minPercent=-7.0, stepChange=0, buySpread=0.05, minPrice=9.3672, name=ECOPETROL S.A., reset=false, maxPrice=9.3672, closePrice=9.3672,}"
2023-07-06 17:16:45,910,US2791581091,SELL,0.50,"{buyPrice=9.3594, quantity=53, buyRequestTs=2023-07-06T16:22:47.090, sellRequestTs=2023-07-06T16:20:45.999, change=0, openPrice=9.2000, sellPrice=9.3688, minPercent=-7.0, stepChange=0, buySpread=0.05, minPrice=9.2000, name=ECOPETROL S.A., reset=false, maxPrice=9.2000, closePrice=9.2000,}"
2023-07-07 16:56:47,467,US8522341036,BUY,-1959.40,"{buyPrice=61.2312, quantity=32, buyRequestTs=2023-07-07T16:56:47.455, sellRequestTs=2023-07-06T09:44:46.493, change=0, openPrice=61.1967, sellPrice=0.0, minPercent=-7.0, stepChange=0, buySpread=0.08, minPrice=61.1967, name=Block Inc A, reset=false, maxPrice=61.1967, closePrice=61.1967,}"
2023-07-10 10:14:40,436,US8522341036,SELL,1.96,"{buyPrice=61.2312, quantity=32.0, buyRequestTs=2023-07-07T16:56:47.455, sellRequestTs=2023-07-06T09:44:46.493, change=0, openPrice=60.5018, sellPrice=61.2924, minPercent=-7.0, stepChange=0, buySpread=0.08, minPrice=60.5018, name=Block Inc A, reset=false, maxPrice=60.5018, closePrice=60.5018,}"
2023-07-10 15:46:41,172,HK0941009539,BUY,-918.41,"{buyPrice=7.3473, quantity=125, buyRequestTs=2023-07-10T15:46:41.161, sellRequestTs=2023-07-06T08:39:05.807, change=0, openPrice=7.2182, sellPrice=0.0, stepChange=0, buySpread=0.125, minPrice=7.2182, name=China Mobile Limited, reset=false, maxPrice=7.2182, closePrice=7.2182,}"
2023-07-10 17:16:40,498,US8522341036,BUY,-1951.54,"{buyPrice=62.9529, quantity=31, buyRequestTs=2023-07-10T17:16:40.486, sellRequestTs=2023-07-10T10:14:40.438, change=0, openPrice=62.7684, sellPrice=0.0, minPercent=-7.0, stepChange=0, buySpread=0.08, minPrice=62.7684, name=Block Inc A, reset=false, maxPrice=62.7684, closePrice=62.7684,}"
2023-07-11 09:26:44,995,DE000DTR0CK8,BUY,-1991.20,"{buyPrice=32.6426, quantity=61, buyRequestTs=2023-07-11T09:26:44.984, sellRequestTs=2023-03-17T11:30:18.958, change=0, openPrice=33.0376, sellPrice=0.0, minPercent=-7.0, stepChange=0, buySpread=0.02, minPrice=33.0376, name=DAIMLER TRUCK HOLDING AG, reset=false, maxPrice=33.0376, closePrice=33.0376,}"
2023-07-11 09:42:45,183,DE000DTR0CK8,SELL,2.89,"{buyPrice=32.6426, quantity=61, buyRequestTs=2023-07-11T09:26:44.984, sellRequestTs=2023-03-17T11:30:18.958, change=0, openPrice=32.4149, sellPrice=32.6900, minPercent=-7.0, stepChange=0, buySpread=0.02, minPrice=32.4149, name=DAIMLER TRUCK HOLDING AG, reset=false, maxPrice=32.4149, closePrice=32.4149,}"
2023-07-11 09:46:44,789,DE000DTR0CK8,BUY,-1993.64,"{buyPrice=32.6827, quantity=61, buyRequestTs=2023-07-11T09:46:44.778, sellRequestTs=2023-07-11T09:42:45.184, change=0, openPrice=32.5008, sellPrice=0.0, minPercent=-7.0, stepChange=0, buySpread=0.02, minPrice=32.5008, name=DAIMLER TRUCK HOLDING AG, reset=false, maxPrice=32.5008, closePrice=32.5008,}"
2023-07-11 11:20:45,864,DE000DTR0CK8,SELL,1.99,"{buyPrice=32.6827, quantity=61, buyRequestTs=2023-07-11T09:46:44.778, sellRequestTs=2023-07-11T09:42:45.184, change=0, openPrice=32.1545, sellPrice=32.7154, minPercent=-7.0, stepChange=0, buySpread=0.02, minPrice=32.1545, name=DAIMLER TRUCK HOLDING AG, reset=false, maxPrice=32.1545, closePrice=32.1545,}"
2023-07-11 18:46:46,598,US2791581091,BUY,-960.96,"{buyPrice=9.6096, quantity=100, buyRequestTs=2023-07-11T18:46:46.575, sellRequestTs=2023-07-06T17:16:45.910, change=0, openPrice=9.5000, sellPrice=0.0, minPercent=-7.0, stepChange=0, buySpread=0.1, minPrice=9.5000, name=ECOPETROL S.A., reset=false, maxPrice=9.5000, closePrice=9.5000,}"
2023-07-11 20:50:48,682,US8522341036,SELL,58.81,"{buyPrice=62.9529, quantity=31.0, buyRequestTs=2023-07-10T17:16:40.486, sellRequestTs=2023-07-10T10:14:40.438, change=0, openPrice=64.9296, sellPrice=64.8500, minPercent=-7.0, stepChange=0, buySpread=0.08, minPrice=64.9296, name=Block Inc A, reset=false, maxPrice=64.9296, closePrice=64.9296,}"
2023-07-13 11:26:48,111,US00287Y1091,BUY,-1925.12,"{buyPrice=120.3202, quantity=16, buyRequestTs=2023-07-13T11:26:48.099, sellRequestTs=2023-06-05T20:54:43.782, change=0, openPrice=119.6905, sellPrice=0.0, stepChange=0, buySpread=0.6, minPrice=119.6905, name=Abbvie Inc, reset=false, maxPrice=119.6905, closePrice=119.6905,}"
2023-07-13 11:36:47,573,US91324P1021,BUY,-1625.62,"{buyPrice=406.4060, quantity=4, buyRequestTs=2023-07-13T11:36:47.563, sellRequestTs=2023-06-15T20:43:06.314, change=0, openPrice=405.5000, sellPrice=0.0, stepChange=0, buySpread=0.5, minPrice=405.5000, name=Unitedhealth Grp. Inc, reset=false, maxPrice=405.5000, closePrice=405.5000,}"
2023-07-13 12:40:47,190,US7134481081,BUY,-4868.16,"{buyPrice=167.8677, quantity=29, buyRequestTs=2023-07-13T12:40:47.174, sellRequestTs=2023-05-30T16:10:40.119, change=0, minPercentForce=-4.0, openPrice=166.5986, sellPrice=0.0, stepChange=0, tradeAmount=5000.0, buySpread=0.34, minPrice=166.5986, name=PepsiCo Inc, reset=false, maxPrice=166.5986, closePrice=166.5986,}"
2023-07-13 16:32:47,788,US7134481081,SELL,4.87,"{buyPrice=167.8677, quantity=29, buyRequestTs=2023-07-13T12:40:47.174, sellRequestTs=2023-05-30T16:10:40.119, change=0, minPercentForce=-4.0, openPrice=164.5328, sellPrice=168.0356, stepChange=0, tradeAmount=5000.0, buySpread=0.34, minPrice=164.5328, name=PepsiCo Inc, reset=false, maxPrice=164.5328, closePrice=164.5328,}"
2023-07-13 16:54:49,223,US2791581091,SELL,19.04,"{buyPrice=9.6096, quantity=100.0, buyRequestTs=2023-07-11T18:46:46.575, sellRequestTs=2023-07-06T17:16:45.910, change=0, openPrice=9.8075, sellPrice=9.8000, minPercent=-7.0, stepChange=0, buySpread=0.1, minPrice=9.8075, name=ECOPETROL S.A., reset=false, maxPrice=9.8075, closePrice=9.8075,}"
2023-07-13 20:12:47,740,US91324P1021,SELL,1.63,"{buyPrice=406.4060, quantity=4, buyRequestTs=2023-07-13T11:36:47.563, sellRequestTs=2023-06-15T20:43:06.314, change=0, openPrice=400.9024, sellPrice=406.8124, stepChange=0, buySpread=0.5, minPrice=400.9024, name=Unitedhealth Grp. Inc, reset=false, maxPrice=400.9024, closePrice=400.9024,}"
