"TS","MS","ISIN","ACTION","VOL","DATA"
2023-08-24 16:10:49,288,US02079K3059,SELL,46.08,"{buyPrice=120.0599, quantity=24.0, buyRequestTs=2023-08-22T17:36:43.793, sellRequestTs=2023-08-02T08:42:44.134, change=0, openPrice=122.9066, sellPrice=121.9800, stepChange=0, tradeAmount=3000.0, buySpread=0.12, minPrice=122.9066, name=Alphabet Inc A, reset=false, maxPrice=122.9066, closePrice=122.9066,}"
2023-08-24 16:46:48,052,US69608A1088,BUY,-1994.75,"{buyPrice=13.2983, quantity=150, buyRequestTs=2023-08-24T16:46:48.043, sellRequestTs=2023-07-28T16:16:47.056, change=0, openPrice=13.5198, sellPrice=0.0, minPercent=-7.0, stepChange=0, buySpread=0.020, minPrice=13.5198, name=Palantir Technologies Inc, reset=false, maxPrice=13.5198, closePrice=13.5198,}"
2023-08-24 17:00:48,058,US69608A1088,SELL,2.00,"{buyPrice=13.2983, quantity=150, buyRequestTs=2023-08-24T16:46:48.043, sellRequestTs=2023-07-28T16:16:47.056, change=0, openPrice=13.3616, sellPrice=13.3116, minPercent=-7.0, stepChange=0, buySpread=0.020, minPrice=13.3616, name=Palantir Technologies Inc, reset=false, maxPrice=13.3616, closePrice=13.3616,}"
2023-08-24 17:02:48,177,US69608A1088,BUY,-1993.68,"{buyPrice=13.2032, quantity=151, buyRequestTs=2023-08-24T17:02:48.136, sellRequestTs=2023-08-24T17:00:48.058, change=0, openPrice=13.3245, sellPrice=0.0, minPercent=-7.0, stepChange=0, buySpread=0.02, minPrice=13.3245, name=Palantir Technologies Inc, reset=false, maxPrice=13.3245, closePrice=13.3245,}"
2023-08-24 17:36:48,798,US69608A1088,SELL,1.99,"{buyPrice=13.2032, quantity=151, buyRequestTs=2023-08-24T17:02:48.136, sellRequestTs=2023-08-24T17:00:48.058, change=0, openPrice=13.1022, sellPrice=13.2164, minPercent=-7.0, stepChange=0, buySpread=0.02, minPrice=13.1022, name=Palantir Technologies Inc, reset=false, maxPrice=13.1022, closePrice=13.1022,}"
2023-08-28 14:36:49,233,US69608A1088,BUY,-1992.70,"{buyPrice=13.6486, quantity=146, buyRequestTs=2023-08-28T14:36:49.212, sellRequestTs=2023-08-24T17:36:48.798, change=0, openPrice=13.5267, sellPrice=0.0, minPercent=-7.0, stepChange=0, buySpread=0.035, minPrice=13.5267, name=Palantir Technologies Inc, reset=false, maxPrice=13.5267, closePrice=13.5267,}"
2023-08-28 16:06:48,780,NL0012969182,BUY,-1583.98,"{buyPrice=791.9912, quantity=2, buyRequestTs=2023-08-28T16:06:48.770, sellRequestTs=2023-08-22T09:56:42.845, change=0, openPrice=787.1923, sellPrice=0.0, minPercent=-7.0, stepChange=0, buySpread=0.6, minPrice=787.1923, name=ADYEN N.V., reset=false, maxPrice=787.1923, closePrice=787.1923,}"
2023-08-29 09:40:47,303,NL0012969182,SELL,1.58,"{buyPrice=791.9912, quantity=2.0, buyRequestTs=2023-08-28T16:06:48.770, sellRequestTs=2023-08-22T09:56:42.845, change=0, openPrice=776.8951, sellPrice=792.7832, minPercent=-7.0, stepChange=0, buySpread=0.6, minPrice=776.8951, name=ADYEN N.V., reset=false, maxPrice=776.8951, closePrice=776.8951,}"
2023-08-29 12:18:48,647,US2791581091,SELL,20.28,"{buyPrice=10.3103, quantity=70.0, buyRequestTs=2023-08-15T15:46:44.832, sellRequestTs=2023-08-10T08:12:49.605, change=0, openPrice=10.5234, sellPrice=10.6000, minPercent=-7.0, stepChange=0, buySpread=0.2, minPrice=10.5234, name=ECOPETROL S.A., reset=false, maxPrice=10.5234, closePrice=10.5234,}"
2023-08-29 17:18:48,412,US7134481081,SELL,28.67,"{buyPrice=164.4243, quantity=30.0, buyRequestTs=2023-08-23T16:14:47.602, sellRequestTs=2023-07-13T16:32:47.788, change=0, minPercentForce=-4.0, openPrice=165.8187, sellPrice=165.3800, stepChange=0, tradeAmount=5000.0, buySpread=0.14, minPrice=165.8187, name=PepsiCo Inc, reset=false, maxPrice=165.8187, closePrice=165.8187,}"
2023-08-29 19:50:47,229,US69608A1088,SELL,76.12,"{buyPrice=13.6486, quantity=146.0, buyRequestTs=2023-08-28T14:36:49.212, sellRequestTs=2023-08-24T17:36:48.798, change=0, openPrice=14.2020, sellPrice=14.1700, minPercent=-7.0, stepChange=0, buySpread=0.035, minPrice=14.2020, name=Palantir Technologies Inc, reset=false, maxPrice=14.2020, closePrice=14.2020,}"
2023-08-31 16:56:50,041,US2791581091,BUY,-555.56,"{buyPrice=11.1111, quantity=50, buyRequestTs=2023-08-31T16:56:50.031, sellRequestTs=2023-08-29T12:18:48.647, change=0, openPrice=10.9232, sellPrice=0.0, minPercent=-7.0, stepChange=0, buySpread=0.2, minPrice=10.9232, name=ECOPETROL S.A., reset=false, maxPrice=10.9232, closePrice=10.9232,}"
2023-09-01 16:06:49,495,US4581401001,BUY,-1981.43,"{buyPrice=33.5836, quantity=59, buyRequestTs=2023-09-01T16:06:49.482, sellRequestTs=2023-07-28T16:14:46.887, change=0, openPrice=33.0373, sellPrice=0.0, stepChange=0, buySpread=0.05, minPrice=33.0373, name=Intel Corp, reset=false, maxPrice=33.0373, closePrice=33.0373,}"
2023-09-04 09:05:21,842,US4581401001,SELL,1.98,"{buyPrice=33.5836, quantity=59.0, buyRequestTs=2023-09-01T16:06:49.482, sellRequestTs=2023-07-28T16:14:46.887, change=0, openPrice=33.7354, sellPrice=33.6172, stepChange=0, buySpread=0.05, minPrice=33.7354, name=Intel Corp, reset=false, maxPrice=33.7354, closePrice=33.7354,}"
2023-09-04 17:27:23,718,NL0012969182,BUY,-1584.18,"{buyPrice=792.0913, quantity=2, buyRequestTs=2023-09-04T17:27:23.708, sellRequestTs=2023-08-29T09:40:47.304, change=0, openPrice=791.2229, sellPrice=0.0, minPercent=-7.0, stepChange=0, buySpread=0.5, minPrice=791.2229, name=ADYEN N.V., reset=false, maxPrice=791.2229, closePrice=791.2229,}"
2023-09-05 10:53:28,261,NL0012969182,SELL,1.58,"{buyPrice=792.0913, quantity=2.0, buyRequestTs=2023-09-04T17:27:23.708, sellRequestTs=2023-08-29T09:40:47.304, change=0, openPrice=782.4672, sellPrice=792.8834, minPercent=-7.0, stepChange=0, buySpread=0.5, minPrice=782.4672, name=ADYEN N.V., reset=false, maxPrice=782.4672, closePrice=782.4672,}"
2023-09-05 19:47:28,688,US09075V1026,BUY,-1938.24,"{buyPrice=114.0139, quantity=17, buyRequestTs=2023-09-05T19:47:28.678, sellRequestTs=2023-06-29T17:50:42.552, change=0, openPrice=113.7062, sellPrice=0.0, minPercent=-7.0, stepChange=0, buySpread=0.25, minPrice=113.7062, name=BIONTECH SE, reset=false, maxPrice=113.7062, closePrice=113.7062,}"
2023-09-06 09:07:25,618,ES0178430E18,BUY,-1996.70,"{buyPrice=3.8398, quantity=520, buyRequestTs=2023-09-06T09:07:25.605, sellRequestTs=2022-03-08T10:48:10.259, change=0, openPrice=3.8189, sellPrice=0.0, minPercent=-7.0, stepChange=0, buySpread=0.007, minPrice=3.8189, name=Telefonica SA, reset=false, maxPrice=3.8189, closePrice=3.8189,}"
2023-09-06 13:36:43,778,ES0178430E18,SELL,1.98,"{buyPrice=3.8398, quantity=520.0, buyRequestTs=2023-09-06T09:07:25.605, sellRequestTs=2022-03-08T10:48:10.259, change=0, openPrice=3.7682, sellPrice=3.8436, minPercent=-7.0, stepChange=0, buySpread=0.007, minPrice=3.7682, name=Telefonica SA, reset=false, maxPrice=3.7682, closePrice=3.7682,}"
2023-09-06 16:16:42,790,US09075V1026,SELL,1.94,"{buyPrice=114.0139, quantity=17.0, buyRequestTs=2023-09-05T19:47:28.678, sellRequestTs=2023-06-29T17:50:42.552, change=0, openPrice=112.2326, sellPrice=114.1279, minPercent=-7.0, stepChange=0, buySpread=0.25, minPrice=112.2326, name=BIONTECH SE, reset=false, maxPrice=112.2326, closePrice=112.2326,}"
2023-09-06 17:26:42,724,US4581401001,BUY,-1968.17,"{buyPrice=33.9339, quantity=58, buyRequestTs=2023-09-06T17:26:42.712, sellRequestTs=2023-09-04T09:05:21.843, change=0, openPrice=33.8043, sellPrice=0.0, stepChange=0, buySpread=0.045, minPrice=33.8043, name=Intel Corp, reset=false, maxPrice=33.8043, closePrice=33.8043,}"
2023-09-07 11:39:27,430,US8168511090,BUY,-1966.97,"{buyPrice=65.5655, quantity=30, buyRequestTs=2023-09-07T11:39:27.417, change=0, openPrice=64.9910, sellPrice=0.0, minPercent=-7.0, stepChange=0, buySpread=0.5, minPrice=64.9910, name=SEMPRA, reset=false, maxPrice=64.9910, closePrice=64.9910,}"
2023-09-07 16:09:25,885,US4781601046,BUY,-1959.76,"{buyPrice=150.7506, quantity=13, buyRequestTs=2023-09-07T16:09:25.874, sellRequestTs=2023-08-22T08:38:46.308, change=0, minPercentForce=-4.0, openPrice=149.6725, sellPrice=0.0, stepChange=0, buySpread=0.2, minPrice=149.6725, name=Johnson & Johnson, reset=false, maxPrice=149.6725, closePrice=149.6725,}"
2023-09-07 17:11:25,060,US4581401001,SELL,68.50,"{buyPrice=33.9339, quantity=58.0, buyRequestTs=2023-09-06T17:26:42.712, sellRequestTs=2023-09-04T09:05:21.843, change=0, openPrice=35.1246, sellPrice=35.1150, stepChange=0, buySpread=0.045, minPrice=35.1246, name=Intel Corp, reset=false, maxPrice=35.1246, closePrice=35.1246,}"
2023-09-07 17:17:24,844,US4581401001,BUY,-1975.41,"{buyPrice=35.2752, quantity=56, buyRequestTs=2023-09-07T17:17:24.834, sellRequestTs=2023-09-07T17:11:25.060, change=0, openPrice=35.0718, sellPrice=0.0, stepChange=0, buySpread=0.05, minPrice=35.0718, name=Intel Corp, reset=false, maxPrice=35.0718, closePrice=35.0718,}"
2023-09-08 16:35:33,953,US4581401001,SELL,20.71,"{buyPrice=35.2752, quantity=56.0, buyRequestTs=2023-09-07T17:17:24.834, sellRequestTs=2023-09-07T17:11:25.060, change=0, openPrice=35.5600, sellPrice=35.6450, stepChange=0, buySpread=0.05, minPrice=35.5600, name=Intel Corp, reset=false, maxPrice=35.5600, closePrice=35.5600,}"
2023-09-11 16:01:18,587,US2791581091,SELL,4.45,"{buyPrice=11.1111, quantity=50.0, buyRequestTs=2023-08-31T16:56:50.031, sellRequestTs=2023-08-29T12:18:48.647, change=0, openPrice=11.2993, sellPrice=11.2000, minPercent=-7.0, stepChange=0, buySpread=0.2, minPrice=11.2993, name=ECOPETROL S.A., reset=false, maxPrice=11.2993, closePrice=11.2993,}"
2023-09-12 10:41:27,066,US1912161007,BUY,-4953.15,"{buyPrice=55.0350, quantity=90, buyRequestTs=2023-09-12T10:41:27.052, sellRequestTs=2023-07-26T14:56:45.498, change=0, minPercentForce=-4.0, openPrice=54.8899, sellPrice=0.0, stepChange=0, tradeAmount=5000.0, buySpread=0.08, minPrice=54.8899, name=Coca-Cola Co, reset=false, maxPrice=54.8899, closePrice=54.8899,}"
2023-09-12 10:47:26,730,NL0012969182,BUY,-1407.01,"{buyPrice=703.5028, quantity=2, buyRequestTs=2023-09-12T10:47:26.720, sellRequestTs=2023-09-05T10:53:28.266, change=0, openPrice=699.3967, sellPrice=0.0, minPercent=-7.0, stepChange=0, buySpread=0.6, minPrice=699.3967, name=ADYEN N.V., reset=false, maxPrice=699.3967, closePrice=699.3967,}"
2023-09-12 10:57:28,038,US68389X1054,BUY,-1933.69,"{buyPrice=107.4273, quantity=18, buyRequestTs=2023-09-12T10:57:28.028, sellRequestTs=2023-03-28T14:52:17.296, change=0, openPrice=106.6788, sellPrice=0.0, stepChange=0, buySpread=0.24, minPrice=106.6788, name=Oracle Corp, reset=false, maxPrice=106.6788, closePrice=106.6788,}"
2023-09-12 16:03:27,650,US68389X1054,SELL,1.93,"{buyPrice=107.4273, quantity=18, buyRequestTs=2023-09-12T10:57:28.028, sellRequestTs=2023-03-28T14:52:17.296, change=0, openPrice=105.1406, sellPrice=107.5347, stepChange=0, buySpread=0.24, minPrice=105.1406, name=Oracle Corp, reset=false, maxPrice=105.1406, closePrice=105.1406,}"
2023-09-13 08:01:34,951,US1912161007,SELL,4.95,"{buyPrice=55.035, quantity=90.0, buyRequestTs=2023-09-12T10:41:27.052, sellRequestTs=2023-07-26T14:56:45.498, change=0, minPercentForce=-4.0, openPrice=54.2577, sellPrice=55.0900, stepChange=0, tradeAmount=5000.0, buySpread=0.08, minPrice=54.2577, name=Coca-Cola Co, reset=false, maxPrice=54.2577, closePrice=54.2577,}"
2023-09-13 08:17:30,922,US2791581091,BUY,-497.70,"{buyPrice=11.3113, quantity=44, buyRequestTs=2023-09-13T08:17:30.909, sellRequestTs=2023-09-11T16:01:18.588, change=0, openPrice=11.3608, sellPrice=0.0, minPercent=-7.0, stepChange=0, buySpread=0.1, minPrice=11.3608, name=ECOPETROL S.A., reset=false, maxPrice=11.3608, closePrice=11.3608,}"
2023-09-13 09:49:30,702,NL0012969182,SELL,1.41,"{buyPrice=703.5028, quantity=2.0, buyRequestTs=2023-09-12T10:47:26.720, sellRequestTs=2023-09-05T10:53:28.266, change=0, openPrice=691.1587, sellPrice=704.2063, minPercent=-7.0, stepChange=0, buySpread=0.6, minPrice=691.1587, name=ADYEN N.V., reset=false, maxPrice=691.1587, closePrice=691.1587,}"
2023-09-14 14:57:23,158,NL0013654783,BUY,-1989.88,"{buyPrice=29.6997, quantity=67, buyRequestTs=2023-09-14T14:57:23.147, sellRequestTs=2022-08-16T19:18:19.830, change=0, openPrice=29.5745, sellPrice=0.0, stepChange=0, buySpread=0.005, minPrice=29.5745, name=PROSUS N.V., reset=false, maxPrice=29.5745, closePrice=29.5745,}"
2023-09-14 15:47:24,047,US29355A1079,BUY,-1944.02,"{buyPrice=114.3542, quantity=17, buyRequestTs=2023-09-14T15:47:24.037, sellRequestTs=2023-05-02T17:06:36.856, change=0, openPrice=112.9478, sellPrice=0.0, minPercent=-7.0, stepChange=0, buySpread=0.60, minPrice=112.9478, name=Enphase Energy Inc, reset=false, maxPrice=112.9478, closePrice=112.9478,}"
2023-09-15 08:23:23,191,NL0013654783,SELL,3.04,"{buyPrice=29.6997, quantity=67.0, buyRequestTs=2023-09-14T14:57:23.147, sellRequestTs=2022-08-16T19:18:19.830, change=0, openPrice=29.9120, sellPrice=29.7450, stepChange=0, buySpread=0.005, minPrice=29.9120, name=PROSUS N.V., reset=false, maxPrice=29.9120, closePrice=29.9120,}"
2023-09-15 13:17:23,136,NL0012969182,BUY,-1437.84,"{buyPrice=718.9182, quantity=2, buyRequestTs=2023-09-15T13:17:23.091, sellRequestTs=2023-09-13T09:49:30.702, change=0, openPrice=708.3305, sellPrice=0.0, minPercent=-7.0, stepChange=0, buySpread=0.9, minPrice=708.3305, name=ADYEN N.V., reset=false, maxPrice=708.3305, closePrice=708.3305,}"
2023-09-15 15:23:23,744,US2791581091,SELL,17.10,"{buyPrice=11.3113, quantity=44.0, buyRequestTs=2023-09-13T08:17:30.909, sellRequestTs=2023-09-11T16:01:18.588, change=0, openPrice=11.7846, sellPrice=11.7000, minPercent=-7.0, stepChange=0, buySpread=0.1, minPrice=11.7846, name=ECOPETROL S.A., reset=false, maxPrice=11.7846, closePrice=11.7846,}"
2023-09-15 15:39:26,174,US8168511090,SELL,88.04,"{buyPrice=65.5655, quantity=30.0, buyRequestTs=2023-09-07T11:39:27.417, change=0, openPrice=68.5096, sellPrice=68.5000, minPercent=-7.0, stepChange=0, buySpread=0.5, minPrice=68.5096, name=SEMPRA, reset=false, maxPrice=68.5096, closePrice=68.5096,}"
2023-09-15 16:07:23,617,US4781601046,SELL,30.54,"{buyPrice=150.7506, quantity=13.0, buyRequestTs=2023-09-07T16:09:25.874, sellRequestTs=2023-08-22T08:38:46.308, change=0, minPercentForce=-4.0, openPrice=153.3627, sellPrice=153.1000, stepChange=0, buySpread=0.2, minPrice=153.3627, name=Johnson & Johnson, reset=false, maxPrice=153.3627, closePrice=153.3627,}"
2023-09-18 11:39:25,220,NL0012969182,SELL,1.44,"{buyPrice=718.9182, quantity=2.0, buyRequestTs=2023-09-15T13:17:23.091, sellRequestTs=2023-09-13T09:49:30.702, change=0, openPrice=700.2108, sellPrice=719.6371, minPercent=-7.0, stepChange=0, buySpread=0.9, minPrice=700.2108, name=ADYEN N.V., reset=false, maxPrice=700.2108, closePrice=700.2108,}"
2023-09-18 16:07:22,683,US29355A1079,SELL,1.94,"{buyPrice=114.3542, quantity=17.0, buyRequestTs=2023-09-14T15:47:24.037, sellRequestTs=2023-05-02T17:06:36.856, change=0, openPrice=110.8965, sellPrice=114.4686, minPercent=-7.0, stepChange=0, buySpread=0.6, minPrice=110.8965, name=Enphase Energy Inc, reset=false, maxPrice=110.8965, closePrice=110.8965,}"
2023-09-19 15:37:24,282,US09075V1026,BUY,-1958.96,"{buyPrice=103.1030, quantity=19, buyRequestTs=2023-09-19T15:37:24.269, sellRequestTs=2023-09-06T16:16:42.794, change=0, openPrice=101.9741, sellPrice=0.0, minPercent=-7.0, stepChange=0, buySpread=0.25, minPrice=101.9741, name=BIONTECH SE, reset=false, maxPrice=101.9741, closePrice=101.9741,}"
2023-09-19 16:07:24,172,US29355A1079,BUY,-1937.56,"{buyPrice=113.9739, quantity=17, buyRequestTs=2023-09-19T16:07:24.158, sellRequestTs=2023-09-18T16:07:22.683, change=0, openPrice=112.4896, sellPrice=0.0, minPercent=-7.0, stepChange=0, buySpread=0.56, minPrice=112.4896, name=Enphase Energy Inc, reset=false, maxPrice=112.4896, closePrice=112.4896,}"
2023-09-19 19:49:23,553,US29355A1079,SELL,8.94,"{buyPrice=113.9739, quantity=17, buyRequestTs=2023-09-19T16:07:24.158, sellRequestTs=2023-09-18T16:07:22.683, change=0, openPrice=114.4295, sellPrice=114.5000, minPercent=-7.0, stepChange=0, buySpread=0.56, minPrice=114.4295, name=Enphase Energy Inc, reset=false, maxPrice=114.4295, closePrice=114.4295,}"
2023-09-20 15:37:31,143,NL0012969182,BUY,-1336.54,"{buyPrice=668.2676, quantity=2, buyRequestTs=2023-09-20T15:37:31.127, sellRequestTs=2023-09-18T11:39:25.223, change=0, openPrice=664.6060, sellPrice=0.0, minPercent=-7.0, stepChange=0, buySpread=0.7, minPrice=664.6060, name=ADYEN N.V., reset=false, maxPrice=664.6060, closePrice=664.6060,}"
2023-09-20 15:47:30,209,US4581401001,BUY,-1985.86,"{buyPrice=33.6586, quantity=59, buyRequestTs=2023-09-20T15:47:30.172, sellRequestTs=2023-09-08T16:35:33.955, change=0, openPrice=33.8591, sellPrice=0.0, stepChange=0, buySpread=0.045, minPrice=33.8591, name=Intel Corp, reset=false, maxPrice=33.8591, closePrice=33.8591,}"
2023-09-20 16:09:29,752,US4581401001,SELL,1.99,"{buyPrice=33.6586, quantity=59, buyRequestTs=2023-09-20T15:47:30.172, sellRequestTs=2023-09-08T16:35:33.955, change=0, openPrice=33.4299, sellPrice=33.6923, stepChange=0, buySpread=0.045, minPrice=33.4299, name=Intel Corp, reset=false, maxPrice=33.4299, closePrice=33.4299,}"
2023-09-20 21:59:34,503,NL0012969182,SELL,1.34,"{buyPrice=668.2676, quantity=2, buyRequestTs=2023-09-20T15:37:31.127, sellRequestTs=2023-09-18T11:39:25.223, change=0, openPrice=657.1233, sellPrice=668.9359, minPercent=-7.0, stepChange=0, buySpread=0.7, minPrice=657.1233, name=ADYEN N.V., reset=false, maxPrice=657.1233, closePrice=657.1233,}"
2023-09-21 08:51:19,007,US09075V1026,SELL,1.96,"{buyPrice=103.103, quantity=19.0, buyRequestTs=2023-09-19T15:37:24.269, sellRequestTs=2023-09-06T16:16:42.794, change=0, openPrice=100.3361, sellPrice=103.2061, minPercent=-7.0, stepChange=0, buySpread=0.25, minPrice=100.3361, name=BIONTECH SE, reset=false, maxPrice=100.3361, closePrice=100.3361,}"
2023-09-22 09:17:22,745,NL0012969182,BUY,-1912.01,"{buyPrice=637.3367, quantity=3, buyRequestTs=2023-09-22T09:17:22.704, sellRequestTs=2023-09-20T21:59:34.503, change=0, openPrice=628.5844, sellPrice=0.0, minPercent=-7.0, stepChange=0, buySpread=1.4, minPrice=628.5844, name=ADYEN N.V., reset=false, maxPrice=628.5844, closePrice=628.5844,}"
2023-09-22 14:37:21,900,US2791581091,BUY,-488.39,"{buyPrice=11.9119, quantity=41, buyRequestTs=2023-09-22T14:37:21.886, sellRequestTs=2023-09-15T15:23:23.744, change=0, openPrice=11.8000, sellPrice=0.0, minPercent=-7.0, stepChange=0, buySpread=0.1, minPrice=11.8000, name=ECOPETROL S.A., reset=false, maxPrice=11.8000, closePrice=11.8000,}"
2023-09-22 16:17:22,442,NL0012969182,BUY,-1949.85,"{buyPrice=649.9493, quantity=3, buyRequestTs=2023-09-22T16:17:22.414, sellRequestTs=2023-09-20T21:59:34.503, change=0, openPrice=646.8151, sellPrice=0.0, minPercent=-7.0, stepChange=0, buySpread=0.9, minPrice=646.8151, name=ADYEN N.V., reset=false, maxPrice=646.8151, closePrice=646.8151,}"
2023-09-25 10:59:21,026,NL0012969182,SELL,1.95,"{buyPrice=649.9493, quantity=3.0, buyRequestTs=2023-09-22T16:17:22.414, sellRequestTs=2023-09-20T21:59:34.503, change=0, openPrice=639.3461, sellPrice=650.5992, minPercent=-7.0, stepChange=0, buySpread=0.9, minPrice=639.3461, name=ADYEN N.V., reset=false, maxPrice=639.3461, closePrice=639.3461,}"
2023-09-25 16:07:21,096,US29355A1079,BUY,-1950.49,"{buyPrice=114.7346, quantity=17, buyRequestTs=2023-09-25T16:07:21.086, sellRequestTs=2023-09-19T19:49:23.554, change=0, openPrice=113.3592, sellPrice=0.0, minPercent=-7.0, stepChange=0, buySpread=0.64, minPrice=113.3592, name=Enphase Energy Inc, reset=false, maxPrice=113.3592, closePrice=113.3592,}"
