"TS","MS","ISIN","ACTION","VOL","DATA"
2023-03-20 08:20:19,328,FR0000120628,SELL,0.49,"{buyPrice=26.001, quantity=19.0, buyRequestTs=2023-03-17T15:38:18.943, sellRequestTs=2023-03-15T17:30:23.566, change=0, openPrice=25.8718, sellPrice=26.0270, minPercent=-7.0, stepChange=0, buySpread=0.01, minPrice=25.8718, name=AXA SA, reset=false, maxPrice=25.8718, closePrice=25.8718,}"
2023-03-20 08:40:18,251,US0394831020,SELL,0.49,"{buyPrice=69.8498, quantity=7.0, buyRequestTs=2023-03-17T18:38:19.404, sellRequestTs=2023-03-17T16:02:37.523, change=0, openPrice=68.8163, sellPrice=69.9196, minPercent=-7.0, stepChange=0, buySpread=0.13, minPrice=68.8163, name=Archer Daniels Midland Co., reset=false, maxPrice=68.8163, closePrice=68.8163,}"
2023-03-20 09:06:20,612,DE0005140008,BUY,-1999.10,"{buyPrice=8.7297, quantity=229, buyRequestTs=2023-03-20T09:06:20.602, sellRequestTs=2023-03-17T10:54:30.494, change=0, openPrice=8.9338, sellPrice=0.0, minPercent=-7.0, stepChange=0, buySpread=0.017, minPrice=8.9338, name=Deutsche Bank AG, reset=false, maxPrice=8.9338, closePrice=8.9338,}"
2023-03-20 09:10:20,706,DE0005140008,SELL,1.99,"{buyPrice=8.7297, quantity=229, buyRequestTs=2023-03-20T09:06:20.602, sellRequestTs=2023-03-17T10:54:30.494, change=0, openPrice=8.9119, sellPrice=8.7384, minPercent=-7.0, stepChange=0, buySpread=0.017, minPrice=8.9119, name=Deutsche Bank AG, reset=false, maxPrice=8.9119, closePrice=8.9119,}"
2023-03-20 09:26:18,523,US0605051046,BUY,-1996.85,"{buyPrice=25.6006, quantity=78, buyRequestTs=2023-03-20T09:26:18.508, sellRequestTs=2023-03-15T11:36:24.246, change=0, minPercentForce=-4.0, openPrice=25.4439, sellPrice=0.0, stepChange=0, buySpread=0.060, minPrice=25.4439, name=Bank of America Corp, reset=false, maxPrice=25.4439, closePrice=25.4439,}"
2023-03-20 09:48:19,799,FR0000120628,BUY,-478.71,"{buyPrice=25.1952, quantity=19, buyRequestTs=2023-03-20T09:48:19.760, sellRequestTs=2023-03-20T08:20:19.329, change=0, openPrice=25.0241, sellPrice=0.0, minPercent=-7.0, stepChange=0, buySpread=0.01, minPrice=25.0241, name=AXA SA, reset=false, maxPrice=25.0241, closePrice=25.0241,}"
2023-03-20 10:00:25,027,DE0008404005,BUY,-393.47,"{buyPrice=196.7365, quantity=2, buyRequestTs=2023-03-20T10:00:25.014, sellRequestTs=2023-03-17T15:48:33.206, change=0, openPrice=193.7801, sellPrice=0.0, stepChange=0, buySpread=0.06, minPrice=193.7801, name=Allianz SE NA, reset=false, maxPrice=193.7801, closePrice=193.7801,}"
2023-03-20 12:16:19,418,US0605051046,SELL,24.13,"{buyPrice=25.6006, quantity=78, buyRequestTs=2023-03-20T09:26:18.508, sellRequestTs=2023-03-15T11:36:24.246, change=0, minPercentForce=-4.0, openPrice=25.7956, sellPrice=25.9100, stepChange=0, buySpread=0.060, minPrice=25.7956, name=Bank of America Corp, reset=false, maxPrice=25.7956, closePrice=25.7956,}"
2023-03-20 13:56:18,480,US46625H1005,BUY,-1899.50,"{buyPrice=118.7186, quantity=16, buyRequestTs=2023-03-20T13:56:18.471, sellRequestTs=2023-03-16T20:12:18.904, change=0, minPercentForce=-4.0, openPrice=117.2198, sellPrice=0.0, stepChange=0, buySpread=0.28, minPrice=117.2198, name=JPMorgan Chase & Co, reset=false, maxPrice=117.2198, closePrice=117.2198,}"
2023-03-20 16:06:24,520,US11135F1012,BUY,-1791.59,"{buyPrice=597.1966, quantity=3, buyRequestTs=2023-03-20T16:06:24.507, sellRequestTs=2023-03-14T20:48:21.455, change=0, openPrice=593.0406, sellPrice=0.0, stepChange=0, buySpread=1.2, minPrice=593.0406, name=BROADCOM INC., reset=false, maxPrice=593.0406, closePrice=593.0406,}"
2023-03-20 16:06:35,542,US8522341036,BUY,-1976.53,"{buyPrice=70.5905, quantity=28, buyRequestTs=2023-03-20T16:06:35.506, sellRequestTs=2023-02-27T15:18:57.959, change=0, openPrice=70.1512, sellPrice=0.0, minPercent=-7.0, stepChange=0, buySpread=0.19, minPrice=70.1512, name=Block Inc A, reset=false, maxPrice=70.1512, closePrice=70.1512,}"
2023-03-20 16:36:19,212,US0079031078,BUY,-1953.79,"{buyPrice=88.8087, quantity=22, buyRequestTs=2023-03-20T16:36:19.203, sellRequestTs=2023-03-15T17:46:21.882, change=0, openPrice=87.9141, sellPrice=0.0, stepChange=0, buySpread=0.06, minPrice=87.9141, name=Advanced Micro Devices Inc, reset=false, maxPrice=87.9141, closePrice=87.9141,}"
2023-03-20 17:20:20,222,US46625H1005,SELL,1.90,"{buyPrice=118.7186, quantity=16, buyRequestTs=2023-03-20T13:56:18.471, sellRequestTs=2023-03-16T20:12:18.904, change=0, minPercentForce=-4.0, openPrice=118.9672, sellPrice=118.8373, stepChange=0, buySpread=0.28, minPrice=118.9672, name=JPMorgan Chase & Co, reset=false, maxPrice=118.9672, closePrice=118.9672,}"
2023-03-20 17:46:24,036,US70450Y1038,BUY,-1347.35,"{buyPrice=67.3673, quantity=20, buyRequestTs=2023-03-20T17:46:24.026, sellRequestTs=2023-03-09T20:38:20.793, change=0, openPrice=67.4448, sellPrice=0.0, stepChange=0, buySpread=0.07, minPrice=67.4448, name=PayPal Hldgs. Inc, reset=false, maxPrice=67.4448, closePrice=67.4448,}"
2023-03-20 17:48:18,804,FR0000120628,SELL,29.16,"{buyPrice=25.1952, quantity=19, buyRequestTs=2023-03-20T09:48:19.760, sellRequestTs=2023-03-20T08:20:19.329, change=0, openPrice=26.6463, sellPrice=26.7300, minPercent=-7.0, stepChange=0, buySpread=0.01, minPrice=26.6463, name=AXA SA, reset=false, maxPrice=26.6463, closePrice=26.6463,}"
2023-03-20 17:50:30,032,US8522341036,SELL,1.98,"{buyPrice=70.5905, quantity=28, buyRequestTs=2023-03-20T16:06:35.506, sellRequestTs=2023-02-27T15:18:57.959, change=0, openPrice=69.2098, sellPrice=70.6611, minPercent=-7.0, stepChange=0, buySpread=0.19, minPrice=69.2098, name=Block Inc A, reset=false, maxPrice=69.2098, closePrice=69.2098,}"
2023-03-20 20:06:19,564,US69608A1088,BUY,-1886.63,"{buyPrice=7.5465, quantity=250, buyRequestTs=2023-03-20T20:06:19.555, sellRequestTs=2023-03-08T16:28:24.527, change=0, openPrice=7.4798, sellPrice=0.0, minPercent=-7.0, stepChange=0, buySpread=0.019, minPrice=7.4798, name=Palantir Technologies Inc, reset=false, maxPrice=7.4798, closePrice=7.4798,}"
2023-03-20 20:16:20,320,US67066G1040,BUY,-1690.79,"{buyPrice=241.5413, quantity=7, buyRequestTs=2023-03-20T20:16:20.307, sellRequestTs=2023-03-16T15:04:19.458, change=0, openPrice=241.2330, sellPrice=0.0, stepChange=0, buySpread=0.2, minPrice=241.2330, name=NVIDIA Corp, reset=false, maxPrice=241.2330, closePrice=241.2330,}"
2023-03-21 13:18:17,236,US0378331005,BUY,-438.20,"{buyPrice=146.0659, quantity=3, buyRequestTs=2023-03-21T13:18:17.224, sellRequestTs=2023-03-17T16:00:31.910, change=0, openPrice=146.1645, sellPrice=0.0, stepChange=0, buySpread=0.04, minPrice=146.1645, name=Apple Inc, reset=false, maxPrice=146.1645, closePrice=146.1645,}"
2023-03-21 13:18:23,323,NO0010096985,BUY,-474.23,"{buyPrice=26.3463, quantity=18, buyRequestTs=2023-03-21T13:18:23.310, sellRequestTs=2023-03-14T19:34:20.777, change=0, openPrice=26.1000, sellPrice=0.0, minPercent=-7.0, stepChange=0, buySpread=0.05, minPrice=26.1000, name=Equinor ASA, reset=false, maxPrice=26.1000, closePrice=26.1000,}"
2023-03-21 13:18:29,660,US17275R1023,BUY,-476.28,"{buyPrice=47.6276, quantity=10, buyRequestTs=2023-03-21T13:18:29.648, sellRequestTs=2023-03-17T08:40:18.471, change=0, openPrice=47.5123, sellPrice=0.0, stepChange=0, buySpread=0.09, minPrice=47.5123, name=Cisco Systems Inc, reset=false, maxPrice=47.5123, closePrice=47.5123,}"
2023-03-21 14:46:21,782,CA82509L1076,BUY,-1992.07,"{buyPrice=41.5015, quantity=48, buyRequestTs=2023-03-21T14:46:21.773, sellRequestTs=2023-02-15T16:06:34.002, change=0, openPrice=40.9854, sellPrice=0.0, minPercent=-7.0, stepChange=0, buySpread=0.105, minPrice=40.9854, name=SHOPIFY INC., reset=false, maxPrice=40.9854, closePrice=40.9854,}"
2023-03-21 14:46:27,977,US81141R1005,BUY,-1948.65,"{buyPrice=72.1721, quantity=27, buyRequestTs=2023-03-21T14:46:27.968, sellRequestTs=2023-03-13T13:58:18.627, change=0, openPrice=71.7402, sellPrice=0.0, minPercent=-7.0, stepChange=0, buySpread=0.2, minPrice=71.7402, name=Sea Ltd., reset=false, maxPrice=71.7402, closePrice=71.7402,}"
2023-03-21 14:46:34,409,US8522341036,BUY,-1933.51,"{buyPrice=71.6115, quantity=27, buyRequestTs=2023-03-21T14:46:34.400, sellRequestTs=2023-03-20T17:50:30.032, change=0, openPrice=69.9461, sellPrice=0.0, minPercent=-7.0, stepChange=0, buySpread=0.12, minPrice=69.9461, name=Block Inc A, reset=false, maxPrice=69.9461, closePrice=69.9461,}"
2023-03-21 15:30:21,564,US69608A1088,SELL,29.38,"{buyPrice=7.5465, quantity=250.0, buyRequestTs=2023-03-20T20:06:19.555, sellRequestTs=2023-03-08T16:28:24.527, change=0, openPrice=7.7370, sellPrice=7.6640, minPercent=-7.0, stepChange=0, buySpread=0.019, minPrice=7.7370, name=Palantir Technologies Inc, reset=false, maxPrice=7.7370, closePrice=7.7370,}"
2023-03-21 15:36:17,689,US0079031078,SELL,13.89,"{buyPrice=88.8087, quantity=22.0, buyRequestTs=2023-03-20T16:36:19.203, sellRequestTs=2023-03-15T17:46:21.882, change=0, openPrice=90.6869, sellPrice=89.4400, stepChange=0, buySpread=0.06, minPrice=90.6869, name=Advanced Micro Devices Inc, reset=false, maxPrice=90.6869, closePrice=90.6869,}"
2023-03-21 16:02:23,043,US8522341036,SELL,1.93,"{buyPrice=71.6115, quantity=27, buyRequestTs=2023-03-21T14:46:34.400, sellRequestTs=2023-03-20T17:50:30.032, change=0, openPrice=71.0732, sellPrice=71.6831, minPercent=-7.0, stepChange=0, buySpread=0.12, minPrice=71.0732, name=Block Inc A, reset=false, maxPrice=71.0732, closePrice=71.0732,}"
2023-03-21 16:44:17,493,NO0010096985,SELL,0.47,"{buyPrice=26.3463, quantity=18, buyRequestTs=2023-03-21T13:18:23.310, sellRequestTs=2023-03-14T19:34:20.777, change=0, openPrice=25.7750, sellPrice=26.3726, minPercent=-7.0, stepChange=0, buySpread=0.05, minPrice=25.7750, name=Equinor ASA, reset=false, maxPrice=25.7750, closePrice=25.7750,}"
2023-03-21 16:56:17,500,US17275R1023,SELL,0.48,"{buyPrice=47.6276, quantity=10, buyRequestTs=2023-03-21T13:18:29.648, sellRequestTs=2023-03-17T08:40:18.471, change=0, openPrice=46.9445, sellPrice=47.6752, stepChange=0, buySpread=0.09, minPrice=46.9445, name=Cisco Systems Inc, reset=false, maxPrice=46.9445, closePrice=46.9445,}"
2023-03-21 17:14:19,150,US67066G1040,SELL,1.69,"{buyPrice=241.5413, quantity=7.0, buyRequestTs=2023-03-20T20:16:20.307, sellRequestTs=2023-03-16T15:04:19.458, change=0, openPrice=238.3239, sellPrice=241.7828, stepChange=0, buySpread=0.2, minPrice=238.3239, name=NVIDIA Corp, reset=false, maxPrice=238.3239, closePrice=238.3239,}"
2023-03-21 18:16:17,479,US02079K3059,BUY,-2917.42,"{buyPrice=97.2472, quantity=30, buyRequestTs=2023-03-21T18:16:17.467, sellRequestTs=2023-01-10T16:57:02.181, change=0, openPrice=96.7544, sellPrice=0.0, stepChange=0, tradeAmount=3000.0, buySpread=0.10, minPrice=96.7544, name=Alphabet Inc A, reset=false, maxPrice=96.7544, closePrice=96.7544,}"
2023-03-21 19:36:17,598,US69608A1088,BUY,-1741.77,"{buyPrice=7.8458, quantity=222, buyRequestTs=2023-03-21T19:36:17.587, sellRequestTs=2023-03-21T15:30:21.565, change=0, openPrice=7.7982, sellPrice=0.0, minPercent=-7.0, stepChange=0, buySpread=0.019, minPrice=7.7982, name=Palantir Technologies Inc, reset=false, maxPrice=7.7982, closePrice=7.7982,}"
2023-03-21 20:58:18,691,US8522341036,BUY,-431.89,"{buyPrice=71.9819, quantity=6, buyRequestTs=2023-03-21T20:58:18.682, sellRequestTs=2023-03-21T16:02:23.043, change=0, openPrice=72.0429, sellPrice=0.0, minPercent=-7.0, stepChange=0, buySpread=0.09, minPrice=72.0429, name=Block Inc A, reset=false, maxPrice=72.0429, closePrice=72.0429,}"
2023-03-21 21:04:17,972,US81141R1005,SELL,38.55,"{buyPrice=72.1721, quantity=27, buyRequestTs=2023-03-21T14:46:27.968, sellRequestTs=2023-03-13T13:58:18.627, change=0, openPrice=74.0407, sellPrice=73.6000, minPercent=-7.0, stepChange=0, buySpread=0.2, minPrice=74.0407, name=Sea Ltd., reset=false, maxPrice=74.0407, closePrice=74.0407,}"
2023-03-21 21:08:27,835,US17275R1023,BUY,-471.12,"{buyPrice=47.1121, quantity=10, buyRequestTs=2023-03-21T21:08:27.826, sellRequestTs=2023-03-21T16:56:17.500, change=0, openPrice=47.0957, sellPrice=0.0, stepChange=0, buySpread=0.135, minPrice=47.0957, name=Cisco Systems Inc, reset=false, maxPrice=47.0957, closePrice=47.0957,}"
2023-03-21 21:38:19,175,CA82509L1076,SELL,34.25,"{buyPrice=41.5015, quantity=48, buyRequestTs=2023-03-21T14:46:21.773, sellRequestTs=2023-02-15T16:06:34.002, change=0, openPrice=42.2206, sellPrice=42.2150, minPercent=-7.0, stepChange=0, buySpread=0.105, minPrice=42.2206, name=SHOPIFY INC., reset=false, maxPrice=42.2206, closePrice=42.2206,}"
2023-03-22 09:20:23,354,US8522341036,SELL,0.43,"{buyPrice=71.9819, quantity=6.0, buyRequestTs=2023-03-21T20:58:18.682, sellRequestTs=2023-03-21T16:02:23.043, change=0, openPrice=71.2215, sellPrice=72.0539, minPercent=-7.0, stepChange=0, buySpread=0.09, minPrice=71.2215, name=Block Inc A, reset=false, maxPrice=71.2215, closePrice=71.2215,}"
2023-03-22 14:06:23,687,US02079K3059,SELL,2.92,"{buyPrice=97.2472, quantity=30.0, buyRequestTs=2023-03-21T18:16:17.467, sellRequestTs=2023-01-10T16:57:02.181, change=0, openPrice=95.6764, sellPrice=97.3444, stepChange=0, tradeAmount=3000.0, buySpread=0.1, minPrice=95.6764, name=Alphabet Inc A, reset=false, maxPrice=95.6764, closePrice=95.6764,}"
2023-03-22 15:04:21,211,US70450Y1038,SELL,59.05,"{buyPrice=67.3673, quantity=20.0, buyRequestTs=2023-03-20T17:46:24.026, sellRequestTs=2023-03-09T20:38:20.793, change=0, openPrice=70.7213, sellPrice=70.3200, stepChange=0, buySpread=0.07, minPrice=70.7213, name=PayPal Hldgs. Inc, reset=false, maxPrice=70.7213, closePrice=70.7213,}"
2023-03-22 16:26:21,374,US69608A1088,SELL,1.73,"{buyPrice=7.8458, quantity=222.0, buyRequestTs=2023-03-21T19:36:17.587, sellRequestTs=2023-03-21T15:30:21.565, change=0, openPrice=7.8944, sellPrice=7.8536, minPercent=-7.0, stepChange=0, buySpread=0.019, minPrice=7.8944, name=Palantir Technologies Inc, reset=false, maxPrice=7.8944, closePrice=7.8944,}"
2023-03-22 16:38:21,583,DE0008404005,SELL,23.13,"{buyPrice=196.7365, quantity=2.0, buyRequestTs=2023-03-20T10:00:25.014, sellRequestTs=2023-03-17T15:48:33.206, change=0, openPrice=208.7417, sellPrice=208.3000, stepChange=0, buySpread=0.06, minPrice=208.7417, name=Allianz SE NA, reset=false, maxPrice=208.7417, closePrice=208.7417,}"
2023-03-22 16:46:21,342,US02079K3059,BUY,-2943.54,"{buyPrice=98.1180, quantity=30, buyRequestTs=2023-03-22T16:46:21.330, sellRequestTs=2023-03-22T14:06:23.687, change=0, openPrice=97.5780, sellPrice=0.0, stepChange=0, tradeAmount=3000.0, buySpread=0.06, minPrice=97.5780, name=Alphabet Inc A, reset=false, maxPrice=97.5780, closePrice=97.5780,}"
2023-03-22 18:38:21,973,US17275R1023,SELL,0.47,"{buyPrice=47.1121, quantity=10.0, buyRequestTs=2023-03-21T21:08:27.826, sellRequestTs=2023-03-21T16:56:17.500, change=0, openPrice=46.4858, sellPrice=47.1592, stepChange=0, buySpread=0.135, minPrice=46.4858, name=Cisco Systems Inc, reset=false, maxPrice=46.4858, closePrice=46.4858,}"
2023-03-22 20:06:21,759,US5949181045,BUY,-1780.48,"{buyPrice=254.3541, quantity=7, buyRequestTs=2023-03-22T20:06:21.747, sellRequestTs=2023-03-17T16:20:19.948, change=0, openPrice=256.4189, sellPrice=0.0, stepChange=0, buySpread=0.1, minPrice=256.4189, name=Microsoft Corp, reset=false, maxPrice=256.4189, closePrice=256.4189,}"
2023-03-22 20:06:27,949,US70450Y1038,BUY,-1950.19,"{buyPrice=69.6496, quantity=28, buyRequestTs=2023-03-22T20:06:27.940, sellRequestTs=2023-03-22T15:04:21.211, change=0, openPrice=70.1469, sellPrice=0.0, stepChange=0, buySpread=0.06, minPrice=70.1469, name=PayPal Hldgs. Inc, reset=false, maxPrice=70.1469, closePrice=70.1469,}"
2023-03-22 20:06:39,132,US67066G1040,BUY,-1998.40,"{buyPrice=249.7996, quantity=8, buyRequestTs=2023-03-22T20:06:39.123, sellRequestTs=2023-03-21T17:14:19.150, change=0, openPrice=251.6340, sellPrice=0.0, stepChange=0, buySpread=0.30, minPrice=251.6340, name=NVIDIA Corp, reset=false, maxPrice=251.6340, closePrice=251.6340,}"
2023-03-22 20:06:50,214,US69608A1088,BUY,-858.88,"{buyPrice=7.7377, quantity=111, buyRequestTs=2023-03-22T20:06:50.205, sellRequestTs=2023-03-22T16:26:21.374, change=0, openPrice=7.7543, sellPrice=0.0, minPercent=-7.0, stepChange=0, buySpread=0.02, minPrice=7.7543, name=Palantir Technologies Inc, reset=false, maxPrice=7.7543, closePrice=7.7543,}"
2023-03-22 20:50:32,055,US67066G1040,SELL,2.00,"{buyPrice=249.7996, quantity=8, buyRequestTs=2023-03-22T20:06:39.123, sellRequestTs=2023-03-21T17:14:19.150, change=0, openPrice=248.6163, sellPrice=250.0494, stepChange=0, buySpread=0.30, minPrice=248.6163, name=NVIDIA Corp, reset=false, maxPrice=248.6163, closePrice=248.6163,}"
2023-03-22 21:04:21,796,US5949181045,SELL,1.78,"{buyPrice=254.3541, quantity=7, buyRequestTs=2023-03-22T20:06:21.747, sellRequestTs=2023-03-17T16:20:19.948, change=0, openPrice=253.7400, sellPrice=254.6085, stepChange=0, buySpread=0.1, minPrice=253.7400, name=Microsoft Corp, reset=false, maxPrice=253.7400, closePrice=253.7400,}"
2023-03-22 21:06:21,346,US02079K3059,SELL,2.94,"{buyPrice=98.1180, quantity=30, buyRequestTs=2023-03-22T16:46:21.330, sellRequestTs=2023-03-22T14:06:23.687, change=0, openPrice=96.4307, sellPrice=98.2161, stepChange=0, tradeAmount=3000.0, buySpread=0.06, minPrice=96.4307, name=Alphabet Inc A, reset=false, maxPrice=96.4307, closePrice=96.4307,}"
2023-03-22 21:06:32,350,US0394831020,BUY,-496.94,"{buyPrice=70.9909, quantity=7, buyRequestTs=2023-03-22T21:06:32.340, sellRequestTs=2023-03-20T08:40:18.251, change=0, openPrice=71.4063, sellPrice=0.0, minPercent=-7.0, stepChange=0, buySpread=0.13, minPrice=71.4063, name=Archer Daniels Midland Co., reset=false, maxPrice=71.4063, closePrice=71.4063,}"
2023-03-22 21:08:21,838,US70450Y1038,SELL,1.95,"{buyPrice=69.6496, quantity=28, buyRequestTs=2023-03-22T20:06:27.940, sellRequestTs=2023-03-22T15:04:21.211, change=0, openPrice=69.3842, sellPrice=69.7192, stepChange=0, buySpread=0.06, minPrice=69.3842, name=PayPal Hldgs. Inc, reset=false, maxPrice=69.3842, closePrice=69.3842,}"
2023-03-22 21:10:21,741,US69608A1088,SELL,0.85,"{buyPrice=7.7377, quantity=111, buyRequestTs=2023-03-22T20:06:50.205, sellRequestTs=2023-03-22T16:26:21.374, change=0, openPrice=7.6440, sellPrice=7.7454, minPercent=-7.0, stepChange=0, buySpread=0.02, minPrice=7.6440, name=Palantir Technologies Inc, reset=false, maxPrice=7.6440, closePrice=7.6440,}"
2023-03-22 21:16:21,864,US11135F1012,SELL,1.79,"{buyPrice=597.1966, quantity=3.0, buyRequestTs=2023-03-20T16:06:24.507, sellRequestTs=2023-03-14T20:48:21.455, change=0, openPrice=585.7863, sellPrice=597.7938, stepChange=0, buySpread=1.2, minPrice=585.7863, name=BROADCOM INC., reset=false, maxPrice=585.7863, closePrice=585.7863,}"
2023-03-23 14:46:26,092,US70450Y1038,BUY,-668.87,"{buyPrice=66.8868, quantity=10, buyRequestTs=2023-03-23T14:46:26.038, sellRequestTs=2023-03-22T21:08:21.838, change=0, openPrice=67.0732, sellPrice=0.0, stepChange=0, buySpread=0.06, minPrice=67.0732, name=PayPal Hldgs. Inc, reset=false, maxPrice=67.0732, closePrice=67.0732,}"
2023-03-23 15:56:22,710,US4824801009,BUY,-1818.07,"{buyPrice=363.6133, quantity=5, buyRequestTs=2023-03-23T15:56:22.699, sellRequestTs=2023-03-17T16:24:20.513, change=0, openPrice=360.3760, sellPrice=0.0, minPercent=-7.0, stepChange=0, buySpread=1.00, minPrice=360.3760, name=KLA CORP., reset=false, maxPrice=360.3760, closePrice=360.3760,}"
2023-03-23 16:06:26,117,US5949181045,BUY,-1804.30,"{buyPrice=257.7575, quantity=7, buyRequestTs=2023-03-23T16:06:26.106, sellRequestTs=2023-03-22T21:04:21.797, change=0, openPrice=255.8396, sellPrice=0.0, stepChange=0, buySpread=0.05, minPrice=255.8396, name=Microsoft Corp, reset=false, maxPrice=255.8396, closePrice=255.8396,}"
2023-03-23 16:06:37,129,US69608A1088,BUY,-867.66,"{buyPrice=7.8168, quantity=111, buyRequestTs=2023-03-23T16:06:37.118, sellRequestTs=2023-03-22T21:10:21.742, change=0, openPrice=7.7937, sellPrice=0.0, minPercent=-7.0, stepChange=0, buySpread=0.019, minPrice=7.7937, name=Palantir Technologies Inc, reset=false, maxPrice=7.7937, closePrice=7.7937,}"
2023-03-23 16:36:26,228,US5128071082,BUY,-1945.54,"{buyPrice=486.3859, quantity=4, buyRequestTs=2023-03-23T16:36:26.219, sellRequestTs=2022-10-13T18:13:49.848, change=0, openPrice=485.5871, sellPrice=0.0, minPercent=-7.0, stepChange=0, buySpread=1.3, minPrice=485.5871, name=Lam Research Corp, reset=false, maxPrice=485.5871, closePrice=485.5871,}"
2023-03-23 17:04:28,750,US69608A1088,SELL,0.87,"{buyPrice=7.8168, quantity=111, buyRequestTs=2023-03-23T16:06:37.118, sellRequestTs=2023-03-22T21:10:21.742, change=0, openPrice=7.6872, sellPrice=7.8246, minPercent=-7.0, stepChange=0, buySpread=0.019, minPrice=7.6872, name=Palantir Technologies Inc, reset=false, maxPrice=7.6872, closePrice=7.6872,}"
2023-03-23 17:06:26,913,US70450Y1038,SELL,8.13,"{buyPrice=66.8868, quantity=10, buyRequestTs=2023-03-23T14:46:26.038, sellRequestTs=2023-03-22T21:08:21.838, change=0, openPrice=67.6972, sellPrice=67.7000, stepChange=0, buySpread=0.06, minPrice=67.6972, name=PayPal Hldgs. Inc, reset=false, maxPrice=67.6972, closePrice=67.6972,}"
2023-03-23 18:39:01,313,US0394831020,SELL,0.50,"{buyPrice=70.9909, quantity=7.0, buyRequestTs=2023-03-22T21:06:32.340, sellRequestTs=2023-03-20T08:40:18.251, change=0, openPrice=70.5465, sellPrice=71.0619, minPercent=-7.0, stepChange=0, buySpread=0.13, minPrice=70.5465, name=Archer Daniels Midland Co., reset=false, maxPrice=70.5465, closePrice=70.5465,}"
2023-03-23 19:07:03,688,US0394831020,BUY,-491.19,"{buyPrice=70.1701, quantity=7, buyRequestTs=2023-03-23T19:07:03.636, sellRequestTs=2023-03-23T18:39:01.315, change=0, openPrice=70.1830, sellPrice=0.0, minPercent=-7.0, stepChange=0, buySpread=0.15, minPrice=70.1830, name=Archer Daniels Midland Co., reset=false, maxPrice=70.1830, closePrice=70.1830,}"
2023-03-23 20:01:00,139,US4824801009,SELL,1.82,"{buyPrice=363.6133, quantity=5.0, buyRequestTs=2023-03-23T15:56:22.699, sellRequestTs=2023-03-17T16:24:20.513, change=0, openPrice=355.6941, sellPrice=363.9769, minPercent=-7.0, stepChange=0, buySpread=1.0, minPrice=355.6941, name=KLA CORP., reset=false, maxPrice=355.6941, closePrice=355.6941,}"
2023-03-23 20:01:11,380,US5128071082,SELL,1.95,"{buyPrice=486.3859, quantity=4.0, buyRequestTs=2023-03-23T16:36:26.219, sellRequestTs=2022-10-13T18:13:49.848, change=0, openPrice=479.0717, sellPrice=486.8723, minPercent=-7.0, stepChange=0, buySpread=1.3, minPrice=479.0717, name=Lam Research Corp, reset=false, maxPrice=479.0717, closePrice=479.0717,}"
2023-03-23 20:47:03,846,US0394831020,SELL,0.49,"{buyPrice=70.1701, quantity=7, buyRequestTs=2023-03-23T19:07:03.636, sellRequestTs=2023-03-23T18:39:01.315, change=0, openPrice=69.3298, sellPrice=70.2403, minPercent=-7.0, stepChange=0, buySpread=0.15, minPrice=69.3298, name=Archer Daniels Midland Co., reset=false, maxPrice=69.3298, closePrice=69.3298,}"
2023-03-24 10:00:21,534,US4781601046,BUY,-1974.29,"{buyPrice=141.0209, quantity=14, buyRequestTs=2023-03-24T10:00:21.520, sellRequestTs=2023-03-10T08:24:20.959, change=0, minPercentForce=-4.0, openPrice=139.9978, sellPrice=0.0, stepChange=0, buySpread=0.66, minPrice=139.9978, name=Johnson & Johnson, reset=false, maxPrice=139.9978, closePrice=139.9978,}"
2023-03-24 15:14:17,273,US0605051046,BUY,-1986.38,"{buyPrice=24.8298, quantity=80, buyRequestTs=2023-03-24T15:14:17.263, sellRequestTs=2023-03-20T12:16:19.418, change=0, minPercentForce=-4.0, openPrice=24.7577, sellPrice=0.0, stepChange=0, buySpread=0.050, minPrice=24.7577, name=Bank of America Corp, reset=false, maxPrice=24.7577, closePrice=24.7577,}"
2023-03-24 17:46:17,441,JE00B4T3BW64,BUY,-633.14,"{buyPrice=5.0651, quantity=125, buyRequestTs=2023-03-24T17:46:17.432, sellRequestTs=2023-03-17T12:22:27.899, change=0, openPrice=5.0348, sellPrice=0.0, minPercent=-7.0, stepChange=0, buySpread=0.014, minPrice=5.0348, name=Glencore PLC, reset=false, maxPrice=5.0348, closePrice=5.0348,}"
2023-03-24 17:58:17,433,JP3633400001,BUY,-497.67,"{buyPrice=12.7607, quantity=39, buyRequestTs=2023-03-24T17:58:17.424, sellRequestTs=2023-02-22T08:24:25.596, change=0, openPrice=12.5407, sellPrice=0.0, stepChange=0, buySpread=0.192, minPrice=12.5407, name=Toyota Motor Corp, reset=false, maxPrice=12.5407, closePrice=12.5407,}"
2023-03-24 17:58:28,426,AU000000BHP4,BUY,-677.30,"{buyPrice=27.0921, quantity=25, buyRequestTs=2023-03-24T17:58:28.416, sellRequestTs=2023-03-17T12:02:19.019, change=0, openPrice=26.8685, sellPrice=0.0, minPercent=-7.0, stepChange=0, buySpread=0.160, minPrice=26.8685, name=BHP Grp. Ltd, reset=false, maxPrice=26.8685, closePrice=26.8685,}"
2023-03-24 20:48:22,381,US0605051046,SELL,25.62,"{buyPrice=24.8298, quantity=80, buyRequestTs=2023-03-24T15:14:17.263, sellRequestTs=2023-03-20T12:16:19.418, change=0, minPercentForce=-4.0, openPrice=25.1265, sellPrice=25.1500, stepChange=0, buySpread=0.050, minPrice=25.1265, name=Bank of America Corp, reset=false, maxPrice=25.1265, closePrice=25.1265,}"
2023-03-27 09:34:22,825,US46625H1005,BUY,-1995.75,"{buyPrice=117.3973, quantity=17, buyRequestTs=2023-03-27T09:34:22.811, sellRequestTs=2023-03-20T17:20:20.222, change=0, minPercentForce=-4.0, openPrice=116.5117, sellPrice=0.0, stepChange=0, buySpread=0.78, minPrice=116.5117, name=JPMorgan Chase & Co, reset=false, maxPrice=116.5117, closePrice=116.5117,}"
2023-03-27 13:06:21,350,US09075V1026,BUY,-1993.54,"{buyPrice=117.2672, quantity=17, buyRequestTs=2023-03-27T13:06:21.339, sellRequestTs=2023-02-16T15:34:22.055, change=0, openPrice=119.2261, sellPrice=0.0, minPercent=-7.0, stepChange=0, buySpread=0.55, minPrice=119.2261, name=BIONTECH SE, reset=false, maxPrice=119.2261, closePrice=119.2261,}"
2023-03-27 13:26:21,607,US09075V1026,SELL,1.99,"{buyPrice=117.2672, quantity=17, buyRequestTs=2023-03-27T13:06:21.339, sellRequestTs=2023-02-16T15:34:22.055, change=0, openPrice=116.4837, sellPrice=117.3845, minPercent=-7.0, stepChange=0, buySpread=0.55, minPrice=116.4837, name=BIONTECH SE, reset=false, maxPrice=116.4837, closePrice=116.4837,}"
2023-03-27 13:28:23,372,US09075V1026,BUY,-1961.21,"{buyPrice=115.3653, quantity=17, buyRequestTs=2023-03-27T13:28:23.363, sellRequestTs=2023-03-27T13:26:21.608, change=0, openPrice=116.1527, sellPrice=0.0, minPercent=-7.0, stepChange=0, buySpread=0.25, minPrice=116.1527, name=BIONTECH SE, reset=false, maxPrice=116.1527, closePrice=116.1527,}"
2023-03-27 13:34:20,549,US09075V1026,SELL,1.96,"{buyPrice=115.3653, quantity=17, buyRequestTs=2023-03-27T13:28:23.363, sellRequestTs=2023-03-27T13:26:21.608, change=0, openPrice=114.3964, sellPrice=115.4807, minPercent=-7.0, stepChange=0, buySpread=0.25, minPrice=114.3964, name=BIONTECH SE, reset=false, maxPrice=114.3964, closePrice=114.3964,}"
2023-03-27 13:36:22,759,US09075V1026,BUY,-1961.21,"{buyPrice=115.3653, quantity=17, buyRequestTs=2023-03-27T13:36:22.750, sellRequestTs=2023-03-27T13:34:20.549, change=0, openPrice=114.4113, sellPrice=0.0, minPercent=-7.0, stepChange=0, buySpread=0.40, minPrice=114.4113, name=BIONTECH SE, reset=false, maxPrice=114.4113, closePrice=114.4113,}"
2023-03-27 15:26:29,808,US5949181045,SELL,14.30,"{buyPrice=257.7575, quantity=7.0, buyRequestTs=2023-03-23T16:06:26.106, sellRequestTs=2023-03-22T21:04:21.797, change=0, openPrice=260.2460, sellPrice=259.8000, stepChange=0, buySpread=0.05, minPrice=260.2460, name=Microsoft Corp, reset=false, maxPrice=260.2460, closePrice=260.2460,}"
2023-03-27 16:12:21,104,US09075V1026,SELL,1.96,"{buyPrice=115.3653, quantity=17, buyRequestTs=2023-03-27T13:36:22.750, sellRequestTs=2023-03-27T13:34:20.549, change=0, openPrice=112.8457, sellPrice=115.4807, minPercent=-7.0, stepChange=0, buySpread=0.40, minPrice=112.8457, name=BIONTECH SE, reset=false, maxPrice=112.8457, closePrice=112.8457,}"
2023-03-27 17:06:21,248,US0378331005,SELL,5.80,"{buyPrice=146.0659, quantity=3.0, buyRequestTs=2023-03-21T13:18:17.224, sellRequestTs=2023-03-17T16:00:31.910, change=0, openPrice=148.2965, sellPrice=148.0000, stepChange=0, buySpread=0.04, minPrice=148.2965, name=Apple Inc, reset=false, maxPrice=148.2965, closePrice=148.2965,}"
2023-03-27 21:16:22,715,US00724F1012,BUY,-347.35,"{buyPrice=347.3470, quantity=1, buyRequestTs=2023-03-27T21:16:22.705, sellRequestTs=2023-01-30T09:19:43.501, change=0, openPrice=346.2528, sellPrice=0.0, stepChange=0, buySpread=0.35, minPrice=346.2528, name=Adobe Inc, reset=false, maxPrice=346.2528, closePrice=346.2528,}"
2023-03-27 21:36:23,739,US68389X1054,BUY,-1929.10,"{buyPrice=83.8738, quantity=23, buyRequestTs=2023-03-27T21:36:23.727, sellRequestTs=2021-06-16T15:57:26.772, change=0, openPrice=83.5724, sellPrice=0.0, stepChange=0, buySpread=0.09, minPrice=83.5724, name=Oracle Corp, reset=false, maxPrice=83.5724, closePrice=83.5724,}"
2023-03-28 10:56:16,527,US00724F1012,SELL,0.35,"{buyPrice=347.347, quantity=1.0, buyRequestTs=2023-03-27T21:16:22.705, sellRequestTs=2023-01-30T09:19:43.501, change=0, openPrice=342.1585, sellPrice=347.6943, stepChange=0, buySpread=0.35, minPrice=342.1585, name=Adobe Inc, reset=false, maxPrice=342.1585, closePrice=342.1585,}"
2023-03-28 11:44:16,277,AU000000BHP4,SELL,3.57,"{buyPrice=27.0921, quantity=25.0, buyRequestTs=2023-03-24T17:58:28.416, sellRequestTs=2023-03-17T12:02:19.019, change=0, openPrice=27.3292, sellPrice=27.2350, minPercent=-7.0, stepChange=0, buySpread=0.16, minPrice=27.3292, name=BHP Grp. Ltd, reset=false, maxPrice=27.3292, closePrice=27.3292,}"
2023-03-28 12:36:16,146,US46625H1005,SELL,20.79,"{buyPrice=117.3973, quantity=17.0, buyRequestTs=2023-03-27T09:34:22.811, sellRequestTs=2023-03-20T17:20:20.222, change=0, minPercentForce=-4.0, openPrice=118.8356, sellPrice=118.6200, stepChange=0, buySpread=0.78, minPrice=118.8356, name=JPMorgan Chase & Co, reset=false, maxPrice=118.8356, closePrice=118.8356,}"
2023-03-28 14:52:17,296,US68389X1054,SELL,1.93,"{buyPrice=83.8738, quantity=23.0, buyRequestTs=2023-03-27T21:36:23.727, sellRequestTs=2021-06-16T15:57:26.772, change=0, openPrice=82.4247, sellPrice=83.9577, stepChange=0, buySpread=0.09, minPrice=82.4247, name=Oracle Corp, reset=false, maxPrice=82.4247, closePrice=82.4247,}"
2023-03-29 13:56:19,780,US0079031078,BUY,-440.74,"{buyPrice=88.1481, quantity=5, buyRequestTs=2023-03-29T13:56:19.770, sellRequestTs=2023-03-21T15:36:17.689, change=0, openPrice=87.9351, sellPrice=0.0, stepChange=0, buySpread=0.05, minPrice=87.9351, name=Advanced Micro Devices Inc, reset=false, maxPrice=87.9351, closePrice=87.9351,}"
2023-03-29 15:46:19,892,US5949181045,BUY,-257.96,"{buyPrice=257.9577, quantity=1, buyRequestTs=2023-03-29T15:46:19.883, sellRequestTs=2023-03-27T15:26:29.808, change=0, openPrice=256.4176, sellPrice=0.0, stepChange=0, buySpread=0.1, minPrice=256.4176, name=Microsoft Corp, reset=false, maxPrice=256.4176, closePrice=256.4176,}"
2023-03-29 15:46:31,082,US00724F1012,BUY,-348.50,"{buyPrice=348.4982, quantity=1, buyRequestTs=2023-03-29T15:46:31.073, sellRequestTs=2023-03-28T10:56:16.529, change=0, openPrice=346.2652, sellPrice=0.0, stepChange=0, buySpread=0.45, minPrice=346.2652, name=Adobe Inc, reset=false, maxPrice=346.2652, closePrice=346.2652,}"
2023-03-29 15:56:18,799,CA82509L1076,BUY,-1960.18,"{buyPrice=42.6126, quantity=46, buyRequestTs=2023-03-29T15:56:18.790, sellRequestTs=2023-03-21T21:38:19.175, change=0, openPrice=41.7197, sellPrice=0.0, minPercent=-7.0, stepChange=0, buySpread=0.11, minPrice=41.7197, name=SHOPIFY INC., reset=false, maxPrice=41.7197, closePrice=41.7197,}"
2023-03-29 16:52:20,149,CA82509L1076,SELL,1.96,"{buyPrice=42.6126, quantity=46, buyRequestTs=2023-03-29T15:56:18.790, sellRequestTs=2023-03-21T21:38:19.175, change=0, openPrice=42.2111, sellPrice=42.6552, minPercent=-7.0, stepChange=0, buySpread=0.11, minPrice=42.2111, name=SHOPIFY INC., reset=false, maxPrice=42.2111, closePrice=42.2111,}"
2023-03-29 21:06:20,075,US81141R1005,BUY,-1971.97,"{buyPrice=78.8788, quantity=25, buyRequestTs=2023-03-29T21:06:20.066, sellRequestTs=2023-03-21T21:04:17.972, change=0, openPrice=78.3237, sellPrice=0.0, minPercent=-7.0, stepChange=0, buySpread=0.2, minPrice=78.3237, name=Sea Ltd., reset=false, maxPrice=78.3237, closePrice=78.3237,}"
2023-03-29 21:26:19,760,US17275R1023,BUY,-472.97,"{buyPrice=47.2973, quantity=10, buyRequestTs=2023-03-29T21:26:19.752, sellRequestTs=2023-03-22T18:38:21.974, change=0, openPrice=47.1206, sellPrice=0.0, stepChange=0, buySpread=0.025, minPrice=47.1206, name=Cisco Systems Inc, reset=false, maxPrice=47.1206, closePrice=47.1206,}"
2023-03-29 21:38:20,902,US6311031081,BUY,-450.45,"{buyPrice=50.0500, quantity=9, buyRequestTs=2023-03-29T21:38:20.889, change=0, openPrice=49.8335, sellPrice=0.0, minPercent=-7.0, stepChange=0, buySpread=0.09, minPrice=49.8335, name=Nasdaq Inc, reset=false, maxPrice=49.8335, closePrice=49.8335,}"
2023-03-29 21:56:19,435,US4581401001,BUY,-495.28,"{buyPrice=29.1341, quantity=17, buyRequestTs=2023-03-29T21:56:19.426, sellRequestTs=2021-07-26T17:13:39.420, change=0, openPrice=29.2433, sellPrice=0.0, stepChange=0, buySpread=0.020, minPrice=29.2433, name=Intel Corp, reset=false, maxPrice=29.2433, closePrice=29.2433,}"
2023-03-30 15:12:18,029,JE00B4T3BW64,SELL,32.49,"{buyPrice=5.0651, quantity=125.0, buyRequestTs=2023-03-24T17:46:17.432, sellRequestTs=2023-03-17T12:22:27.899, change=0, openPrice=5.3478, sellPrice=5.3250, minPercent=-7.0, stepChange=0, buySpread=0.014, minPrice=5.3478, name=Glencore PLC, reset=false, maxPrice=5.3478, closePrice=5.3478,}"
2023-03-30 15:56:18,655,US8522341036,BUY,-1990.33,"{buyPrice=64.2041, quantity=31, buyRequestTs=2023-03-30T15:56:18.640, sellRequestTs=2023-03-22T09:20:23.388, change=0, openPrice=63.0980, sellPrice=0.0, minPercent=-7.0, stepChange=0, buySpread=0.10, minPrice=63.0980, name=Block Inc A, reset=false, maxPrice=63.0980, closePrice=63.0980,}"
2023-03-30 16:08:19,365,US81141R1005,SELL,1.97,"{buyPrice=78.8788, quantity=25.0, buyRequestTs=2023-03-29T21:06:20.066, sellRequestTs=2023-03-21T21:04:17.972, change=0, openPrice=79.2477, sellPrice=78.9577, minPercent=-7.0, stepChange=0, buySpread=0.2, minPrice=79.2477, name=Sea Ltd., reset=false, maxPrice=79.2477, closePrice=79.2477,}"
2023-03-30 16:56:18,906,US0079031078,SELL,9.01,"{buyPrice=88.1481, quantity=5.0, buyRequestTs=2023-03-29T13:56:19.770, sellRequestTs=2023-03-21T15:36:17.689, change=0, openPrice=90.0187, sellPrice=89.9500, stepChange=0, buySpread=0.05, minPrice=90.0187, name=Advanced Micro Devices Inc, reset=false, maxPrice=90.0187, closePrice=90.0187,}"
2023-03-30 18:26:17,074,US4581401001,SELL,4.69,"{buyPrice=29.1341, quantity=17.0, buyRequestTs=2023-03-29T21:56:19.426, sellRequestTs=2021-07-26T17:13:39.420, change=0, openPrice=29.5330, sellPrice=29.4100, stepChange=0, buySpread=0.02, minPrice=29.5330, name=Intel Corp, reset=false, maxPrice=29.5330, closePrice=29.5330,}"
2023-03-30 20:22:36,264,US8522341036,SELL,1.99,"{buyPrice=64.2041, quantity=31, buyRequestTs=2023-03-30T15:56:18.640, sellRequestTs=2023-03-22T09:20:23.388, change=0, openPrice=62.3336, sellPrice=64.2683, minPercent=-7.0, stepChange=0, buySpread=0.10, minPrice=62.3336, name=Block Inc A, reset=false, maxPrice=62.3336, closePrice=62.3336,}"
2023-03-31 08:34:21,367,JP3371200001,BUY,-1991.22,"{buyPrice=29.7197, quantity=67, buyRequestTs=2023-03-31T08:34:21.351, sellRequestTs=2022-10-03T18:03:45.730, change=0, openPrice=28.8004, sellPrice=0.0, minPercent=-7.0, stepChange=0, buySpread=0.45, minPrice=28.8004, name=Shin-Etsu Chemical Co Ltd, reset=false, maxPrice=28.8004, closePrice=28.8004,}"
2023-03-31 10:08:20,254,DE000A1EWWW0,BUY,-1874.35,"{buyPrice=156.1960, quantity=12, buyRequestTs=2023-03-31T10:08:20.244, sellRequestTs=2022-11-14T09:14:04.147, change=0, openPrice=155.5375, sellPrice=0.0, minPercent=-7.0, stepChange=0, buySpread=0.04, minPrice=155.5375, name=adidas AG, reset=false, maxPrice=155.5375, closePrice=155.5375,}"
2023-03-31 16:06:19,668,US09075V1026,BUY,-1935.68,"{buyPrice=113.8638, quantity=17, buyRequestTs=2023-03-31T16:06:19.657, sellRequestTs=2023-03-27T16:12:21.104, change=0, openPrice=112.0709, sellPrice=0.0, minPercent=-7.0, stepChange=0, buySpread=0.40, minPrice=112.0709, name=BIONTECH SE, reset=false, maxPrice=112.0709, closePrice=112.0709,}"
2023-03-31 16:06:25,911,FR0000120628,BUY,-480.56,"{buyPrice=28.2682, quantity=17, buyRequestTs=2023-03-31T16:06:25.856, sellRequestTs=2023-03-20T17:48:18.804, change=0, openPrice=28.2241, sellPrice=0.0, minPercent=-7.0, stepChange=0, buySpread=0.005, minPrice=28.2241, name=AXA SA, reset=false, maxPrice=28.2241, closePrice=28.2241,}"
2023-03-31 16:06:32,143,US5128071082,BUY,-1938.94,"{buyPrice=484.7343, quantity=4, buyRequestTs=2023-03-31T16:06:32.129, sellRequestTs=2023-03-23T20:01:11.380, change=0, openPrice=483.6806, sellPrice=0.0, minPercent=-7.0, stepChange=0, buySpread=1.15, minPrice=483.6806, name=Lam Research Corp, reset=false, maxPrice=483.6806, closePrice=483.6806,}"
2023-04-03 08:52:22,084,JP3633400001,SELL,8.71,"{buyPrice=12.7607, quantity=39.0, buyRequestTs=2023-03-24T17:58:17.424, sellRequestTs=2023-02-22T08:24:25.596, change=0, openPrice=12.8565, sellPrice=12.9840, stepChange=0, buySpread=0.192, minPrice=12.8565, name=Toyota Motor Corp, reset=false, maxPrice=12.8565, closePrice=12.8565,}"
2023-04-03 10:28:22,747,US5949181045,SELL,5.74,"{buyPrice=257.9577, quantity=1.0, buyRequestTs=2023-03-29T15:46:19.883, sellRequestTs=2023-03-27T15:26:29.808, change=0, openPrice=264.1009, sellPrice=263.7000, stepChange=0, buySpread=0.1, minPrice=264.1009, name=Microsoft Corp, reset=false, maxPrice=264.1009, closePrice=264.1009,}"
2023-04-03 11:54:20,701,US00724F1012,SELL,3.50,"{buyPrice=348.4982, quantity=1.0, buyRequestTs=2023-03-29T15:46:31.073, sellRequestTs=2023-03-28T10:56:16.529, change=0, openPrice=352.0801, sellPrice=352.0000, stepChange=0, buySpread=0.45, minPrice=352.0801, name=Adobe Inc, reset=false, maxPrice=352.0801, closePrice=352.0801,}"
2023-04-03 12:36:22,528,NO0010096985,BUY,-495.14,"{buyPrice=27.5075, quantity=18, buyRequestTs=2023-04-03T12:36:22.519, sellRequestTs=2023-03-21T16:44:17.493, change=0, openPrice=27.4385, sellPrice=0.0, minPercent=-7.0, stepChange=0, buySpread=0.055, minPrice=27.4385, name=Equinor ASA, reset=false, maxPrice=27.4385, closePrice=27.4385,}"
2023-04-03 13:04:21,025,US17275R1023,SELL,5.68,"{buyPrice=47.2973, quantity=10.0, buyRequestTs=2023-03-29T21:26:19.752, sellRequestTs=2023-03-22T18:38:21.974, change=0, openPrice=47.9447, sellPrice=47.8650, stepChange=0, buySpread=0.025, minPrice=47.9447, name=Cisco Systems Inc, reset=false, maxPrice=47.9447, closePrice=47.9447,}"
2023-04-03 15:42:20,929,US4781601046,SELL,13.71,"{buyPrice=141.0209, quantity=14.0, buyRequestTs=2023-03-24T10:00:21.520, sellRequestTs=2023-03-10T08:24:20.959, change=0, minPercentForce=-4.0, openPrice=142.7812, sellPrice=142.0000, stepChange=0, buySpread=0.66, minPrice=142.7812, name=Johnson & Johnson, reset=false, maxPrice=142.7812, closePrice=142.7812,}"
2023-04-03 16:22:20,896,US5128071082,SELL,1.94,"{buyPrice=484.7343, quantity=4.0, buyRequestTs=2023-03-31T16:06:32.129, sellRequestTs=2023-03-23T20:01:11.380, change=0, openPrice=477.6572, sellPrice=485.2190, minPercent=-7.0, stepChange=0, buySpread=1.15, minPrice=477.6572, name=Lam Research Corp, reset=false, maxPrice=477.6572, closePrice=477.6572,}"
2023-04-03 17:16:23,828,DE000A1EWWW0,SELL,80.21,"{buyPrice=156.196, quantity=12.0, buyRequestTs=2023-03-31T10:08:20.244, sellRequestTs=2022-11-14T09:14:04.147, change=0, openPrice=163.2297, sellPrice=162.8800, minPercent=-7.0, stepChange=0, buySpread=0.04, minPrice=163.2297, name=adidas AG, reset=false, maxPrice=163.2297, closePrice=163.2297,}"
2023-04-03 17:46:20,585,US8716071076,BUY,-1774.77,"{buyPrice=354.9546, quantity=5, buyRequestTs=2023-04-03T17:46:20.576, sellRequestTs=2022-05-19T08:44:05.958, change=0, openPrice=354.2206, sellPrice=0.0, minPercent=-7.0, stepChange=0, buySpread=0.2, minPrice=354.2206, name=Synopsys Inc, reset=false, maxPrice=354.2206, closePrice=354.2206,}"
2023-04-04 09:42:14,846,NO0010096985,SELL,2.39,"{buyPrice=27.5075, quantity=18.0, buyRequestTs=2023-04-03T12:36:22.519, sellRequestTs=2023-03-21T16:44:17.493, change=0, openPrice=27.7108, sellPrice=27.6400, minPercent=-7.0, stepChange=0, buySpread=0.055, minPrice=27.7108, name=Equinor ASA, reset=false, maxPrice=27.7108, closePrice=27.7108,}"
2023-04-04 10:00:17,346,US09075V1026,SELL,90.72,"{buyPrice=113.8638, quantity=17.0, buyRequestTs=2023-03-31T16:06:19.657, sellRequestTs=2023-03-27T16:12:21.104, change=0, openPrice=118.7710, sellPrice=119.2000, minPercent=-7.0, stepChange=0, buySpread=0.4, minPrice=118.7710, name=BIONTECH SE, reset=false, maxPrice=118.7710, closePrice=118.7710,}"
2023-04-04 15:58:16,234,US0394831020,BUY,-437.24,"{buyPrice=72.8728, quantity=6, buyRequestTs=2023-04-04T15:58:16.221, sellRequestTs=2023-03-23T20:47:03.846, change=0, openPrice=73.5110, sellPrice=0.0, minPercent=-7.0, stepChange=0, buySpread=0.2, minPrice=73.5110, name=Archer Daniels Midland Co., reset=false, maxPrice=73.5110, closePrice=73.5110,}"
2023-04-04 16:32:16,444,US0394831020,SELL,0.44,"{buyPrice=72.8728, quantity=6, buyRequestTs=2023-04-04T15:58:16.221, sellRequestTs=2023-03-23T20:47:03.846, change=0, openPrice=72.5733, sellPrice=72.9457, minPercent=-7.0, stepChange=0, buySpread=0.2, minPrice=72.5733, name=Archer Daniels Midland Co., reset=false, maxPrice=72.5733, closePrice=72.5733,}"
2023-04-04 17:00:15,142,FR0000120628,SELL,3.77,"{buyPrice=28.2682, quantity=17.0, buyRequestTs=2023-03-31T16:06:25.856, sellRequestTs=2023-03-20T17:48:18.804, change=0, openPrice=28.4988, sellPrice=28.4900, minPercent=-7.0, stepChange=0, buySpread=0.005, minPrice=28.4988, name=AXA SA, reset=false, maxPrice=28.4988, closePrice=28.4988,}"
2023-04-05 08:40:11,141,US8716071076,SELL,1.78,"{buyPrice=354.9546, quantity=5.0, buyRequestTs=2023-04-03T17:46:20.576, sellRequestTs=2022-05-19T08:44:05.958, change=0, openPrice=350.3849, sellPrice=355.3096, minPercent=-7.0, stepChange=0, buySpread=0.2, minPrice=350.3849, name=Synopsys Inc, reset=false, maxPrice=350.3849, closePrice=350.3849,}"
2023-04-05 14:06:13,005,US69608A1088,BUY,-763.42,"{buyPrice=8.0360, quantity=95, buyRequestTs=2023-04-05T14:06:12.996, sellRequestTs=2023-03-23T17:04:28.750, change=0, openPrice=7.7970, sellPrice=0.0, minPercent=-7.0, stepChange=0, buySpread=0.026, minPrice=7.7970, name=Palantir Technologies Inc, reset=false, maxPrice=7.7970, closePrice=7.7970,}"
2023-04-05 15:14:12,715,US69608A1088,SELL,0.76,"{buyPrice=8.0360, quantity=95, buyRequestTs=2023-04-05T14:06:12.996, sellRequestTs=2023-03-23T17:04:28.750, change=0, openPrice=7.9838, sellPrice=8.0440, minPercent=-7.0, stepChange=0, buySpread=0.026, minPrice=7.9838, name=Palantir Technologies Inc, reset=false, maxPrice=7.9838, closePrice=7.9838,}"
2023-04-05 16:06:11,657,US65339F1012,BUY,-430.03,"{buyPrice=71.6716, quantity=6, buyRequestTs=2023-04-05T16:06:11.647, sellRequestTs=2023-02-21T16:00:39.399, change=0, openPrice=70.7474, sellPrice=0.0, stepChange=0, buySpread=0.15, minPrice=70.7474, name=NEXTERA ENERGY INC., reset=false, maxPrice=70.7474, closePrice=70.7474,}"
2023-04-05 16:48:11,767,JP3371200001,SELL,1.99,"{buyPrice=29.7197, quantity=67.0, buyRequestTs=2023-03-31T08:34:21.351, sellRequestTs=2022-10-03T18:03:45.730, change=0, openPrice=28.0123, sellPrice=29.7494, minPercent=-7.0, stepChange=0, buySpread=0.45, minPrice=28.0123, name=Shin-Etsu Chemical Co Ltd, reset=false, maxPrice=28.0123, closePrice=28.0123,}"
2023-04-05 16:58:12,096,FR0000120073,BUY,-778.88,"{buyPrice=155.7756, quantity=5, buyRequestTs=2023-04-05T16:58:12.086, sellRequestTs=2022-12-22T12:10:49.416, change=0, openPrice=155.2351, sellPrice=0.0, minPercent=-7.0, stepChange=0, buySpread=0.08, minPrice=155.2351, name=AIR LIQUIDE-SA ÉT.EXPL.P.G.CL., reset=false, maxPrice=155.2351, closePrice=155.2351,}"
2023-04-05 17:18:11,964,DK0060094928,BUY,-470.99,"{buyPrice=78.4984, quantity=6, buyRequestTs=2023-04-05T17:18:11.954, sellRequestTs=2022-12-21T18:49:15.685, change=0, openPrice=78.1496, sellPrice=0.0, minPercent=-7.0, stepChange=0, buySpread=0.40, minPrice=78.1496, name=Orsted A/S, reset=false, maxPrice=78.1496, closePrice=78.1496,}"
2023-04-05 17:18:22,932,JE00B4T3BW64,BUY,-653.28,"{buyPrice=5.2262, quantity=125, buyRequestTs=2023-04-05T17:18:22.922, sellRequestTs=2023-03-30T15:12:18.030, change=0, openPrice=5.2068, sellPrice=0.0, minPercent=-7.0, stepChange=0, buySpread=0.001, minPrice=5.2068, name=Glencore PLC, reset=false, maxPrice=5.2068, closePrice=5.2068,}"
2023-04-05 17:28:12,346,US29355A1079,BUY,-349.19,"{buyPrice=174.5944, quantity=2, buyRequestTs=2023-04-05T17:28:12.332, sellRequestTs=2023-03-17T15:34:21.359, change=0, openPrice=175.5286, sellPrice=0.0, minPercent=-7.0, stepChange=0, buySpread=0.56, minPrice=175.5286, name=Enphase Energy Inc, reset=false, maxPrice=175.5286, closePrice=175.5286,}"
2023-04-05 18:44:12,303,US29355A1079,SELL,0.35,"{buyPrice=174.5944, quantity=2, buyRequestTs=2023-04-05T17:28:12.332, sellRequestTs=2023-03-17T15:34:21.359, change=0, openPrice=173.0446, sellPrice=174.7690, minPercent=-7.0, stepChange=0, buySpread=0.56, minPrice=173.0446, name=Enphase Energy Inc, reset=false, maxPrice=173.0446, closePrice=173.0446,}"
2023-04-05 21:18:21,559,US8725901040,BUY,-411.83,"{buyPrice=137.2771, quantity=3, buyRequestTs=2023-04-05T21:18:21.550, sellRequestTs=2023-02-21T16:36:43.383, change=0, openPrice=137.2655, sellPrice=0.0, stepChange=0, buySpread=0.16, minPrice=137.2655, name=T-Mobile US Inc, reset=false, maxPrice=137.2655, closePrice=137.2655,}"
2023-04-06 09:50:11,725,US65339F1012,SELL,0.43,"{buyPrice=71.6716, quantity=6.0, buyRequestTs=2023-04-05T16:06:11.647, sellRequestTs=2023-02-21T16:00:39.399, change=0, openPrice=71.6291, sellPrice=71.7433, stepChange=0, buySpread=0.15, minPrice=71.6291, name=NEXTERA ENERGY INC., reset=false, maxPrice=71.6291, closePrice=71.6291,}"
2023-04-06 10:36:13,729,US8725901040,SELL,0.41,"{buyPrice=137.2771, quantity=3.0, buyRequestTs=2023-04-05T21:18:21.550, sellRequestTs=2023-02-21T16:36:43.383, change=0, openPrice=135.7322, sellPrice=137.4144, stepChange=0, buySpread=0.16, minPrice=135.7322, name=T-Mobile US Inc, reset=false, maxPrice=135.7322, closePrice=135.7322,}"
2023-04-06 15:56:12,517,US0394831020,BUY,-433.63,"{buyPrice=72.2722, quantity=6, buyRequestTs=2023-04-06T15:56:12.460, sellRequestTs=2023-04-04T16:32:16.445, change=0, openPrice=72.6032, sellPrice=0.0, minPercent=-7.0, stepChange=0, buySpread=0.2, minPrice=72.6032, name=Archer Daniels Midland Co., reset=false, maxPrice=72.6032, closePrice=72.6032,}"
2023-04-06 16:26:13,806,US0605051046,BUY,-1974.71,"{buyPrice=25.6456, quantity=77, buyRequestTs=2023-04-06T16:26:13.779, sellRequestTs=2023-03-24T20:48:22.381, change=0, minPercentForce=-4.0, openPrice=25.5374, sellPrice=0.0, stepChange=0, buySpread=0.02, minPrice=25.5374, name=Bank of America Corp, reset=false, maxPrice=25.5374, closePrice=25.5374,}"
2023-04-06 17:22:17,118,US0394831020,SELL,0.43,"{buyPrice=72.2722, quantity=6, buyRequestTs=2023-04-06T15:56:12.460, sellRequestTs=2023-04-04T16:32:16.445, change=0, openPrice=71.6559, sellPrice=72.3445, minPercent=-7.0, stepChange=0, buySpread=0.2, minPrice=71.6559, name=Archer Daniels Midland Co., reset=false, maxPrice=71.6559, closePrice=71.6559,}"
2023-04-06 21:56:12,247,US02079K3059,BUY,-2981.68,"{buyPrice=99.3893, quantity=30, buyRequestTs=2023-04-06T21:56:12.238, sellRequestTs=2023-03-22T21:06:21.346, change=0, openPrice=99.0466, sellPrice=0.0, stepChange=0, tradeAmount=3000.0, buySpread=0.08, minPrice=99.0466, name=Alphabet Inc A, reset=false, maxPrice=99.0466, closePrice=99.0466,}"
2023-04-11 08:48:12,298,US02079K3059,SELL,2.98,"{buyPrice=99.3893, quantity=30.0, buyRequestTs=2023-04-06T21:56:12.238, sellRequestTs=2023-03-22T21:06:21.346, change=0, openPrice=97.9315, sellPrice=99.4887, stepChange=0, tradeAmount=3000.0, buySpread=0.08, minPrice=97.9315, name=Alphabet Inc A, reset=false, maxPrice=97.9315, closePrice=97.9315,}"
2023-04-11 09:42:12,106,JE00B4T3BW64,SELL,15.85,"{buyPrice=5.2262, quantity=125.0, buyRequestTs=2023-04-05T17:18:22.922, sellRequestTs=2023-03-30T15:12:18.030, change=0, openPrice=5.3912, sellPrice=5.3530, minPercent=-7.0, stepChange=0, buySpread=0.001, minPrice=5.3912, name=Glencore PLC, reset=false, maxPrice=5.3912, closePrice=5.3912,}"
2023-04-11 10:38:11,949,US6311031081,SELL,0.45,"{buyPrice=50.05, quantity=9.0, buyRequestTs=2023-03-29T21:38:20.889, change=0, openPrice=49.1617, sellPrice=50.1001, minPercent=-7.0, stepChange=0, buySpread=0.09, minPrice=49.1617, name=Nasdaq Inc, reset=false, maxPrice=49.1617, closePrice=49.1617,}"
2023-04-18 09:49:54,862,DK0060094928,SELL,6.61,"{buyPrice=78.4984, quantity=6.0, buyRequestTs=2023-04-05T17:18:11.954, sellRequestTs=2022-12-21T18:49:15.685, change=0, openPrice=80.4355, sellPrice=79.6000, minPercent=-7.0, stepChange=0, buySpread=0.4, minPrice=80.4355, name=Orsted A/S, reset=false, maxPrice=80.4355, closePrice=80.4355,}"
2023-04-18 10:43:55,572,US0605051046,SELL,175.13,"{buyPrice=25.6456, quantity=77.0, buyRequestTs=2023-04-06T16:26:13.779, sellRequestTs=2023-03-24T20:48:22.381, change=0, minPercentForce=-4.0, openPrice=27.8636, sellPrice=27.9200, stepChange=0, buySpread=0.02, minPrice=27.8636, name=Bank of America Corp, reset=false, maxPrice=27.8636, closePrice=27.8636,}"
2023-04-18 16:07:58,900,US5398301094,BUY,-1852.25,"{buyPrice=463.0626, quantity=4, buyRequestTs=2023-04-18T16:07:58.797, sellRequestTs=2023-02-28T08:40:24.978, change=0, openPrice=457.2007, sellPrice=0.0, stepChange=0, buySpread=1.4, minPrice=457.2007, name=Lockheed Martin Corp, reset=false, maxPrice=457.2007, closePrice=457.2007,}"
2023-04-19 20:57:54,106,US6311031081,BUY,-473.51,"{buyPrice=52.6126, quantity=9, buyRequestTs=2023-04-19T20:57:54.094, sellRequestTs=2023-04-11T10:38:11.949, change=0, openPrice=52.5389, sellPrice=0.0, minPercent=-7.0, stepChange=0, buySpread=0.16, minPrice=52.5389, name=Nasdaq Inc, reset=false, maxPrice=52.5389, closePrice=52.5389,}"
2023-04-20 08:08:29,258,US5398301094,SELL,1.85,"{buyPrice=463.0626, quantity=4.0, buyRequestTs=2023-04-18T16:07:58.797, sellRequestTs=2023-02-28T08:40:24.978, change=0, openPrice=451.0679, sellPrice=463.5257, stepChange=0, buySpread=1.4, minPrice=451.0679, name=Lockheed Martin Corp, reset=false, maxPrice=451.0679, closePrice=451.0679,}"
2023-04-20 10:16:24,872,US6311031081,SELL,0.47,"{buyPrice=52.6126, quantity=9.0, buyRequestTs=2023-04-19T20:57:54.094, sellRequestTs=2023-04-11T10:38:11.949, change=0, openPrice=51.8229, sellPrice=52.6652, minPercent=-7.0, stepChange=0, buySpread=0.16, minPrice=51.8229, name=Nasdaq Inc, reset=false, maxPrice=51.8229, closePrice=51.8229,}"
2023-04-20 16:36:49,035,US0605051046,BUY,-1977.65,"{buyPrice=27.4674, quantity=72, buyRequestTs=2023-04-20T16:36:49.019, sellRequestTs=2023-04-18T10:43:55.573, change=0, minPercentForce=-4.0, openPrice=27.4162, sellPrice=0.0, stepChange=0, buySpread=0.04, minPrice=27.4162, name=Bank of America Corp, reset=false, maxPrice=27.4162, closePrice=27.4162,}"
2023-04-20 17:26:51,317,US00206R1023,BUY,-490.99,"{buyPrice=16.3664, quantity=30, buyRequestTs=2023-04-20T17:26:51.305, sellRequestTs=2021-11-18T16:33:31.303, change=0, openPrice=16.3057, sellPrice=0.0, stepChange=0, buySpread=0.055, minPrice=16.3057, name=AT&T Inc, reset=false, maxPrice=16.3057, closePrice=16.3057,}"
2023-04-20 18:10:51,104,US29355A1079,BUY,-406.71,"{buyPrice=203.3532, quantity=2, buyRequestTs=2023-04-20T18:10:51.067, sellRequestTs=2023-04-05T18:44:12.303, change=0, openPrice=201.5066, sellPrice=0.0, minPercent=-7.0, stepChange=0, buySpread=0.65, minPrice=201.5066, name=Enphase Energy Inc, reset=false, maxPrice=201.5066, closePrice=201.5066,}"
2023-04-20 20:42:49,381,US00206R1023,SELL,0.49,"{buyPrice=16.3664, quantity=30, buyRequestTs=2023-04-20T17:26:51.305, sellRequestTs=2021-11-18T16:33:31.303, change=0, openPrice=16.0862, sellPrice=16.3828, stepChange=0, buySpread=0.055, minPrice=16.0862, name=AT&T Inc, reset=false, maxPrice=16.0862, closePrice=16.0862,}"
2023-04-21 16:06:31,695,US4581401001,BUY,-1994.23,"{buyPrice=27.6977, quantity=72, buyRequestTs=2023-04-21T16:06:31.681, sellRequestTs=2023-03-30T18:26:17.074, change=0, openPrice=27.9007, sellPrice=0.0, stepChange=0, buySpread=0.05, minPrice=27.9007, name=Intel Corp, reset=false, maxPrice=27.9007, closePrice=27.9007,}"
2023-04-21 16:12:29,471,US0605051046,SELL,1.98,"{buyPrice=27.4674, quantity=72.0, buyRequestTs=2023-04-20T16:36:49.019, sellRequestTs=2023-04-18T10:43:55.573, change=0, minPercentForce=-4.0, openPrice=27.0158, sellPrice=27.4949, stepChange=0, buySpread=0.04, minPrice=27.0158, name=Bank of America Corp, reset=false, maxPrice=27.0158, closePrice=27.0158,}"
2023-04-21 21:48:49,288,US4581401001,SELL,1.99,"{buyPrice=27.6977, quantity=72, buyRequestTs=2023-04-21T16:06:31.681, sellRequestTs=2023-03-30T18:26:17.074, change=0, openPrice=27.5691, sellPrice=27.7254, stepChange=0, buySpread=0.05, minPrice=27.5691, name=Intel Corp, reset=false, maxPrice=27.5691, closePrice=27.5691,}"
