"TS","MS","ISIN","ACTION","VOL","DATA"
2023-08-04 10:38:46,594,HK0941009539,SELL,3.86,"{buyPrice=7.4524, quantity=67.0, buyRequestTs=2023-07-31T09:56:42.203, sellRequestTs=2023-07-28T07:59:11.568, change=0, openPrice=7.5201, sellPrice=7.5100, stepChange=0, buySpread=0.085, minPrice=7.5201, name=China Mobile Limited, reset=false, maxPrice=7.5201, closePrice=7.5201,}"
2023-08-08 10:36:48,090,US30231G1022,BUY,-1937.54,"{buyPrice=96.8768, quantity=20, buyRequestTs=2023-08-08T10:36:48.065, sellRequestTs=2023-02-13T08:15:13.677, change=0, openPrice=96.6261, sellPrice=0.0, stepChange=0, buySpread=0.17, minPrice=96.6261, name=Exxon Mobil Corp, reset=false, maxPrice=96.6261, closePrice=96.6261,}"
2023-08-08 15:46:47,035,US0970231058,BUY,-1948.65,"{buyPrice=216.5163, quantity=9, buyRequestTs=2023-08-08T15:46:47.020, sellRequestTs=2023-02-24T08:17:59.129, change=0, openPrice=215.7841, sellPrice=0.0, stepChange=0, buySpread=0.15, minPrice=215.7841, name=Boeing Co, reset=false, maxPrice=215.7841, closePrice=215.7841,}"
2023-08-08 20:56:47,096,US0605051046,BUY,-1989.99,"{buyPrice=28.4284, quantity=70, buyRequestTs=2023-08-08T20:56:47.060, sellRequestTs=2023-06-29T17:20:42.144, change=0, minPercentForce=-4.0, openPrice=28.3673, sellPrice=0.0, stepChange=0, buySpread=0.02, minPrice=28.3673, name=Bank of America Corp, reset=false, maxPrice=28.3673, closePrice=28.3673,}"
2023-08-09 08:30:45,758,US2791581091,SELL,0.52,"{buyPrice=10.3103, quantity=50.0, buyRequestTs=2023-08-03T15:56:46.667, sellRequestTs=2023-08-01T13:12:45.068, change=0, openPrice=10.4611, sellPrice=10.3206, minPercent=-7.0, stepChange=0, buySpread=0.2, minPrice=10.4611, name=ECOPETROL S.A., reset=false, maxPrice=10.4611, closePrice=10.4611,}"
2023-08-09 15:46:47,279,US2791581091,BUY,-1531.53,"{buyPrice=10.2102, quantity=150, buyRequestTs=2023-08-09T15:46:47.266, sellRequestTs=2023-08-09T08:30:45.759, change=0, openPrice=10.2614, sellPrice=0.0, minPercent=-7.0, stepChange=0, buySpread=0.1, minPrice=10.2614, name=ECOPETROL S.A., reset=false, maxPrice=10.2614, closePrice=10.2614,}"
2023-08-09 16:14:46,372,US2791581091,SELL,1.53,"{buyPrice=10.2102, quantity=150, buyRequestTs=2023-08-09T15:46:47.266, sellRequestTs=2023-08-09T08:30:45.759, change=0, openPrice=10.0259, sellPrice=10.2204, minPercent=-7.0, stepChange=0, buySpread=0.1, minPrice=10.0259, name=ECOPETROL S.A., reset=false, maxPrice=10.0259, closePrice=10.0259,}"
2023-08-09 16:16:46,197,US2791581091,BUY,-1072.07,"{buyPrice=10.2102, quantity=105, buyRequestTs=2023-08-09T16:16:46.186, sellRequestTs=2023-08-09T16:14:46.372, change=0, openPrice=10.0283, sellPrice=0.0, minPercent=-7.0, stepChange=0, buySpread=0.1, minPrice=10.0283, name=ECOPETROL S.A., reset=false, maxPrice=10.0283, closePrice=10.0283,}"
2023-08-09 18:32:47,158,US30231G1022,SELL,47.66,"{buyPrice=96.8768, quantity=20.0, buyRequestTs=2023-08-08T10:36:48.065, sellRequestTs=2023-02-13T08:15:13.677, change=0, openPrice=99.4661, sellPrice=99.2600, stepChange=0, buySpread=0.17, minPrice=99.4661, name=Exxon Mobil Corp, reset=false, maxPrice=99.4661, closePrice=99.4661,}"
2023-08-10 08:12:49,600,US2791581091,SELL,1.07,"{buyPrice=10.2102, quantity=105.0, buyRequestTs=2023-08-09T16:16:46.186, sellRequestTs=2023-08-09T16:14:46.372, change=0, openPrice=10.2000, sellPrice=10.2204, minPercent=-7.0, stepChange=0, buySpread=0.1, minPrice=10.2000, name=ECOPETROL S.A., reset=false, maxPrice=10.2000, closePrice=10.2000,}"
2023-08-10 11:36:50,273,HK0941009539,BUY,-499.65,"{buyPrice=7.4575, quantity=67, buyRequestTs=2023-08-10T11:36:50.254, sellRequestTs=2023-08-04T10:38:46.598, change=0, openPrice=7.4616, sellPrice=0.0, stepChange=0, buySpread=0.03, minPrice=7.4616, name=China Mobile Limited, reset=false, maxPrice=7.4616, closePrice=7.4616,}"
2023-08-10 14:08:49,250,US0605051046,SELL,1.99,"{buyPrice=28.4284, quantity=70.0, buyRequestTs=2023-08-08T20:56:47.060, sellRequestTs=2023-06-29T17:20:42.144, change=0, minPercentForce=-4.0, openPrice=28.0589, sellPrice=28.4568, stepChange=0, buySpread=0.02, minPrice=28.0589, name=Bank of America Corp, reset=false, maxPrice=28.0589, closePrice=28.0589,}"
2023-08-11 11:44:46,766,HK0941009539,SELL,11.89,"{buyPrice=7.4575, quantity=67.0, buyRequestTs=2023-08-10T11:36:50.254, sellRequestTs=2023-08-04T10:38:46.598, change=0, openPrice=7.6041, sellPrice=7.6350, stepChange=0, buySpread=0.03, minPrice=7.6041, name=China Mobile Limited, reset=false, maxPrice=7.6041, closePrice=7.6041,}"
2023-08-14 09:44:39,883,US0970231058,SELL,1.95,"{buyPrice=216.5163, quantity=9.0, buyRequestTs=2023-08-08T15:46:47.020, sellRequestTs=2023-02-24T08:17:59.129, change=0, openPrice=213.0279, sellPrice=216.7328, stepChange=0, buySpread=0.15, minPrice=213.0279, name=Boeing Co, reset=false, maxPrice=213.0279, closePrice=213.0279,}"
2023-08-15 15:46:44,843,US2791581091,BUY,-721.72,"{buyPrice=10.3103, quantity=70, buyRequestTs=2023-08-15T15:46:44.832, sellRequestTs=2023-08-10T08:12:49.605, change=0, openPrice=10.1770, sellPrice=0.0, minPercent=-7.0, stepChange=0, buySpread=0.2, minPrice=10.1770, name=ECOPETROL S.A., reset=false, maxPrice=10.1770, closePrice=10.1770,}"
2023-08-21 09:16:41,781,NL0012969182,BUY,-1662.86,"{buyPrice=831.4306, quantity=2, buyRequestTs=2023-08-21T09:16:41.769, sellRequestTs=2023-01-26T10:57:22.434, change=0, openPrice=861.0586, sellPrice=0.0, minPercent=-7.0, stepChange=0, buySpread=0.8, minPrice=861.0586, name=ADYEN N.V., reset=false, maxPrice=861.0586, closePrice=861.0586,}"
2023-08-21 09:38:44,196,NL0012969182,SELL,1.66,"{buyPrice=831.4306, quantity=2, buyRequestTs=2023-08-21T09:16:41.769, sellRequestTs=2023-01-26T10:57:22.434, change=0, openPrice=842.3536, sellPrice=832.2620, minPercent=-7.0, stepChange=0, buySpread=0.8, minPrice=842.3536, name=ADYEN N.V., reset=false, maxPrice=842.3536, closePrice=842.3536,}"
2023-08-21 13:56:41,286,NL0012969182,BUY,-1691.09,"{buyPrice=845.5447, quantity=2, buyRequestTs=2023-08-21T13:56:41.242, sellRequestTs=2023-08-21T09:38:44.196, change=0, openPrice=842.0608, sellPrice=0.0, minPercent=-7.0, stepChange=0, buySpread=0.5, minPrice=842.0608, name=ADYEN N.V., reset=false, maxPrice=842.0608, closePrice=842.0608,}"
2023-08-21 15:20:41,285,NL0012969182,SELL,1.69,"{buyPrice=845.5447, quantity=2, buyRequestTs=2023-08-21T13:56:41.242, sellRequestTs=2023-08-21T09:38:44.196, change=0, openPrice=831.3012, sellPrice=846.3902, minPercent=-7.0, stepChange=0, buySpread=0.5, minPrice=831.3012, name=ADYEN N.V., reset=false, maxPrice=831.3012, closePrice=831.3012,}"
2023-08-21 18:42:42,167,US4781601046,BUY,-1869.07,"{buyPrice=155.7556, quantity=12, buyRequestTs=2023-08-21T18:42:42.156, sellRequestTs=2023-08-02T19:54:45.028, change=0, minPercentForce=-4.0, openPrice=154.9202, sellPrice=0.0, stepChange=0, buySpread=0.2, minPrice=154.9202, name=Johnson & Johnson, reset=false, maxPrice=154.9202, closePrice=154.9202,}"
2023-08-22 08:38:46,307,US4781601046,SELL,1.87,"{buyPrice=155.7556, quantity=12.0, buyRequestTs=2023-08-21T18:42:42.156, sellRequestTs=2023-08-02T19:54:45.028, change=0, minPercentForce=-4.0, openPrice=153.1223, sellPrice=155.9114, stepChange=0, buySpread=0.2, minPrice=153.1223, name=Johnson & Johnson, reset=false, maxPrice=153.1223, closePrice=153.1223,}"
2023-08-22 09:46:43,802,NL0012969182,BUY,-1593.59,"{buyPrice=796.7960, quantity=2, buyRequestTs=2023-08-22T09:46:43.788, sellRequestTs=2023-08-21T15:20:41.285, change=0, openPrice=807.3396, sellPrice=0.0, minPercent=-7.0, stepChange=0, buySpread=0.8, minPrice=807.3396, name=ADYEN N.V., reset=false, maxPrice=807.3396, closePrice=807.3396,}"
2023-08-22 09:56:42,845,NL0012969182,SELL,1.59,"{buyPrice=796.7960, quantity=2, buyRequestTs=2023-08-22T09:46:43.788, sellRequestTs=2023-08-21T15:20:41.285, change=0, openPrice=794.8198, sellPrice=797.5928, minPercent=-7.0, stepChange=0, buySpread=0.8, minPrice=794.8198, name=ADYEN N.V., reset=false, maxPrice=794.8198, closePrice=794.8198,}"
2023-08-22 12:48:43,044,US0605051046,BUY,-1995.55,"{buyPrice=26.9669, quantity=74, buyRequestTs=2023-08-22T12:48:43.034, sellRequestTs=2023-08-10T14:08:49.250, change=0, minPercentForce=-4.0, openPrice=26.8278, sellPrice=0.0, stepChange=0, buySpread=0.10, minPrice=26.8278, name=Bank of America Corp, reset=false, maxPrice=26.8278, closePrice=26.8278,}"
2023-08-22 13:06:43,314,US46625H1005,BUY,-1932.53,"{buyPrice=138.0379, quantity=14, buyRequestTs=2023-08-22T13:06:43.302, sellRequestTs=2023-05-05T16:34:31.233, change=0, minPercentForce=-4.0, openPrice=137.6969, sellPrice=0.0, stepChange=0, buySpread=0.2, minPrice=137.6969, name=JPMorgan Chase & Co, reset=false, maxPrice=137.6969, closePrice=137.6969,}"
2023-08-22 17:08:43,872,US46625H1005,SELL,1.93,"{buyPrice=138.0379, quantity=14, buyRequestTs=2023-08-22T13:06:43.302, sellRequestTs=2023-05-05T16:34:31.233, change=0, minPercentForce=-4.0, openPrice=136.1196, sellPrice=138.1759, stepChange=0, buySpread=0.2, minPrice=136.1196, name=JPMorgan Chase & Co, reset=false, maxPrice=136.1196, closePrice=136.1196,}"
2023-08-22 17:24:43,604,US0605051046,SELL,2.00,"{buyPrice=26.9669, quantity=74, buyRequestTs=2023-08-22T12:48:43.034, sellRequestTs=2023-08-10T14:08:49.250, change=0, minPercentForce=-4.0, openPrice=26.4537, sellPrice=26.9939, stepChange=0, buySpread=0.10, minPrice=26.4537, name=Bank of America Corp, reset=false, maxPrice=26.4537, closePrice=26.4537,}"
2023-08-22 17:36:43,803,US02079K3059,BUY,-2881.44,"{buyPrice=120.0599, quantity=24, buyRequestTs=2023-08-22T17:36:43.793, sellRequestTs=2023-08-02T08:42:44.134, change=0, openPrice=119.7333, sellPrice=0.0, stepChange=0, tradeAmount=3000.0, buySpread=0.12, minPrice=119.7333, name=Alphabet Inc A, reset=false, maxPrice=119.7333, closePrice=119.7333,}"
2023-08-23 16:14:47,613,US7134481081,BUY,-4932.73,"{buyPrice=164.4243, quantity=30, buyRequestTs=2023-08-23T16:14:47.602, sellRequestTs=2023-07-13T16:32:47.788, change=0, minPercentForce=-4.0, openPrice=163.7935, sellPrice=0.0, stepChange=0, tradeAmount=5000.0, buySpread=0.14, minPrice=163.7935, name=PepsiCo Inc, reset=false, maxPrice=163.7935, closePrice=163.7935,}"
2023-08-24 16:10:49,288,US02079K3059,SELL,46.08,"{buyPrice=120.0599, quantity=24.0, buyRequestTs=2023-08-22T17:36:43.793, sellRequestTs=2023-08-02T08:42:44.134, change=0, openPrice=122.9066, sellPrice=121.9800, stepChange=0, tradeAmount=3000.0, buySpread=0.12, minPrice=122.9066, name=Alphabet Inc A, reset=false, maxPrice=122.9066, closePrice=122.9066,}"
2023-08-24 16:46:48,052,US69608A1088,BUY,-1994.75,"{buyPrice=13.2983, quantity=150, buyRequestTs=2023-08-24T16:46:48.043, sellRequestTs=2023-07-28T16:16:47.056, change=0, openPrice=13.5198, sellPrice=0.0, minPercent=-7.0, stepChange=0, buySpread=0.020, minPrice=13.5198, name=Palantir Technologies Inc, reset=false, maxPrice=13.5198, closePrice=13.5198,}"
2023-08-24 17:00:48,058,US69608A1088,SELL,2.00,"{buyPrice=13.2983, quantity=150, buyRequestTs=2023-08-24T16:46:48.043, sellRequestTs=2023-07-28T16:16:47.056, change=0, openPrice=13.3616, sellPrice=13.3116, minPercent=-7.0, stepChange=0, buySpread=0.020, minPrice=13.3616, name=Palantir Technologies Inc, reset=false, maxPrice=13.3616, closePrice=13.3616,}"
2023-08-24 17:02:48,177,US69608A1088,BUY,-1993.68,"{buyPrice=13.2032, quantity=151, buyRequestTs=2023-08-24T17:02:48.136, sellRequestTs=2023-08-24T17:00:48.058, change=0, openPrice=13.3245, sellPrice=0.0, minPercent=-7.0, stepChange=0, buySpread=0.02, minPrice=13.3245, name=Palantir Technologies Inc, reset=false, maxPrice=13.3245, closePrice=13.3245,}"
2023-08-24 17:36:48,798,US69608A1088,SELL,1.99,"{buyPrice=13.2032, quantity=151, buyRequestTs=2023-08-24T17:02:48.136, sellRequestTs=2023-08-24T17:00:48.058, change=0, openPrice=13.1022, sellPrice=13.2164, minPercent=-7.0, stepChange=0, buySpread=0.02, minPrice=13.1022, name=Palantir Technologies Inc, reset=false, maxPrice=13.1022, closePrice=13.1022,}"
2023-08-28 14:36:49,233,US69608A1088,BUY,-1992.70,"{buyPrice=13.6486, quantity=146, buyRequestTs=2023-08-28T14:36:49.212, sellRequestTs=2023-08-24T17:36:48.798, change=0, openPrice=13.5267, sellPrice=0.0, minPercent=-7.0, stepChange=0, buySpread=0.035, minPrice=13.5267, name=Palantir Technologies Inc, reset=false, maxPrice=13.5267, closePrice=13.5267,}"
2023-08-28 16:06:48,780,NL0012969182,BUY,-1583.98,"{buyPrice=791.9912, quantity=2, buyRequestTs=2023-08-28T16:06:48.770, sellRequestTs=2023-08-22T09:56:42.845, change=0, openPrice=787.1923, sellPrice=0.0, minPercent=-7.0, stepChange=0, buySpread=0.6, minPrice=787.1923, name=ADYEN N.V., reset=false, maxPrice=787.1923, closePrice=787.1923,}"
2023-08-29 09:40:47,303,NL0012969182,SELL,1.58,"{buyPrice=791.9912, quantity=2.0, buyRequestTs=2023-08-28T16:06:48.770, sellRequestTs=2023-08-22T09:56:42.845, change=0, openPrice=776.8951, sellPrice=792.7832, minPercent=-7.0, stepChange=0, buySpread=0.6, minPrice=776.8951, name=ADYEN N.V., reset=false, maxPrice=776.8951, closePrice=776.8951,}"
2023-08-29 12:18:48,647,US2791581091,SELL,20.28,"{buyPrice=10.3103, quantity=70.0, buyRequestTs=2023-08-15T15:46:44.832, sellRequestTs=2023-08-10T08:12:49.605, change=0, openPrice=10.5234, sellPrice=10.6000, minPercent=-7.0, stepChange=0, buySpread=0.2, minPrice=10.5234, name=ECOPETROL S.A., reset=false, maxPrice=10.5234, closePrice=10.5234,}"
2023-08-29 17:18:48,412,US7134481081,SELL,28.67,"{buyPrice=164.4243, quantity=30.0, buyRequestTs=2023-08-23T16:14:47.602, sellRequestTs=2023-07-13T16:32:47.788, change=0, minPercentForce=-4.0, openPrice=165.8187, sellPrice=165.3800, stepChange=0, tradeAmount=5000.0, buySpread=0.14, minPrice=165.8187, name=PepsiCo Inc, reset=false, maxPrice=165.8187, closePrice=165.8187,}"
2023-08-29 19:50:47,229,US69608A1088,SELL,76.12,"{buyPrice=13.6486, quantity=146.0, buyRequestTs=2023-08-28T14:36:49.212, sellRequestTs=2023-08-24T17:36:48.798, change=0, openPrice=14.2020, sellPrice=14.1700, minPercent=-7.0, stepChange=0, buySpread=0.035, minPrice=14.2020, name=Palantir Technologies Inc, reset=false, maxPrice=14.2020, closePrice=14.2020,}"
2023-08-31 16:56:50,041,US2791581091,BUY,-555.56,"{buyPrice=11.1111, quantity=50, buyRequestTs=2023-08-31T16:56:50.031, sellRequestTs=2023-08-29T12:18:48.647, change=0, openPrice=10.9232, sellPrice=0.0, minPercent=-7.0, stepChange=0, buySpread=0.2, minPrice=10.9232, name=ECOPETROL S.A., reset=false, maxPrice=10.9232, closePrice=10.9232,}"
2023-09-01 16:06:49,495,US4581401001,BUY,-1981.43,"{buyPrice=33.5836, quantity=59, buyRequestTs=2023-09-01T16:06:49.482, sellRequestTs=2023-07-28T16:14:46.887, change=0, openPrice=33.0373, sellPrice=0.0, stepChange=0, buySpread=0.05, minPrice=33.0373, name=Intel Corp, reset=false, maxPrice=33.0373, closePrice=33.0373,}"
2023-09-04 09:05:21,842,US4581401001,SELL,1.98,"{buyPrice=33.5836, quantity=59.0, buyRequestTs=2023-09-01T16:06:49.482, sellRequestTs=2023-07-28T16:14:46.887, change=0, openPrice=33.7354, sellPrice=33.6172, stepChange=0, buySpread=0.05, minPrice=33.7354, name=Intel Corp, reset=false, maxPrice=33.7354, closePrice=33.7354,}"
2023-09-04 17:27:23,718,NL0012969182,BUY,-1584.18,"{buyPrice=792.0913, quantity=2, buyRequestTs=2023-09-04T17:27:23.708, sellRequestTs=2023-08-29T09:40:47.304, change=0, openPrice=791.2229, sellPrice=0.0, minPercent=-7.0, stepChange=0, buySpread=0.5, minPrice=791.2229, name=ADYEN N.V., reset=false, maxPrice=791.2229, closePrice=791.2229,}"
2023-09-05 10:53:28,261,NL0012969182,SELL,1.58,"{buyPrice=792.0913, quantity=2.0, buyRequestTs=2023-09-04T17:27:23.708, sellRequestTs=2023-08-29T09:40:47.304, change=0, openPrice=782.4672, sellPrice=792.8834, minPercent=-7.0, stepChange=0, buySpread=0.5, minPrice=782.4672, name=ADYEN N.V., reset=false, maxPrice=782.4672, closePrice=782.4672,}"
2023-09-05 19:47:28,688,US09075V1026,BUY,-1938.24,"{buyPrice=114.0139, quantity=17, buyRequestTs=2023-09-05T19:47:28.678, sellRequestTs=2023-06-29T17:50:42.552, change=0, openPrice=113.7062, sellPrice=0.0, minPercent=-7.0, stepChange=0, buySpread=0.25, minPrice=113.7062, name=BIONTECH SE, reset=false, maxPrice=113.7062, closePrice=113.7062,}"
