"TS","MS","ISIN","ACTION","VOL","DATA"
2023-05-15 17:58:04,542,CA82509L1076,BUY,-455.66,"{buyPrice=56.9569, quantity=8, buyRequestTs=2023-05-15T17:58:04.493, sellRequestTs=2023-05-04T16:42:33.386, change=0, openPrice=56.5437, sellPrice=0.0, minPercent=-7.0, stepChange=0, buySpread=0.05, minPrice=56.5437, name=SHOPIFY INC., reset=false, maxPrice=56.5437, closePrice=56.5437,}"
2023-05-15 18:08:06,742,US70450Y1038,BUY,-459.18,"{buyPrice=57.3973, quantity=8, buyRequestTs=2023-05-15T18:08:06.733, sellRequestTs=2023-05-12T16:00:28.391, change=0, openPrice=57.0616, sellPrice=0.0, stepChange=0, buySpread=0.10, minPrice=57.0616, name=PayPal Hldgs. Inc, reset=false, maxPrice=57.0616, closePrice=57.0616,}"
2023-05-16 08:32:04,554,US98980G1022,SELL,20.78,"{buyPrice=105.2451, quantity=4.0, buyRequestTs=2023-05-11T17:26:35.337, sellRequestTs=2023-05-09T16:48:37.247, change=0, openPrice=110.6137, sellPrice=110.4400, minPercent=-7.0, stepChange=0, buySpread=0.28, minPrice=110.6137, name=Zscaler Inc, reset=false, maxPrice=110.6137, closePrice=110.6137,}"
2023-05-16 08:40:05,374,US0394831020,SELL,6.52,"{buyPrice=68.2682, quantity=7.0, buyRequestTs=2023-05-03T11:38:28.934, sellRequestTs=2023-05-02T19:00:37.480, change=0, openPrice=69.2000, sellPrice=69.2000, minPercent=-7.0, stepChange=0, buySpread=0.4, minPrice=69.2000, name=Archer Daniels Midland Co., reset=false, maxPrice=69.2000, closePrice=69.2000,}"
2023-05-16 13:26:05,061,CA82509L1076,SELL,0.46,"{buyPrice=56.9569, quantity=8.0, buyRequestTs=2023-05-15T17:58:04.493, sellRequestTs=2023-05-04T16:42:33.386, change=0, openPrice=55.8118, sellPrice=57.0139, minPercent=-7.0, stepChange=0, buySpread=0.05, minPrice=55.8118, name=SHOPIFY INC., reset=false, maxPrice=55.8118, closePrice=55.8118,}"
2023-05-16 15:38:07,146,US0394831020,BUY,-480.68,"{buyPrice=68.6686, quantity=7, buyRequestTs=2023-05-16T15:38:07.088, sellRequestTs=2023-05-16T08:40:05.374, change=0, openPrice=69.0999, sellPrice=0.0, minPercent=-7.0, stepChange=0, buySpread=0.2, minPrice=69.0999, name=Archer Daniels Midland Co., reset=false, maxPrice=69.0999, closePrice=69.0999,}"
2023-05-16 17:02:05,505,US70450Y1038,SELL,0.46,"{buyPrice=57.3973, quantity=8.0, buyRequestTs=2023-05-15T18:08:06.733, sellRequestTs=2023-05-12T16:00:28.391, change=0, openPrice=56.3309, sellPrice=57.4547, stepChange=0, buySpread=0.1, minPrice=56.3309, name=PayPal Hldgs. Inc, reset=false, maxPrice=56.3309, closePrice=56.3309,}"
2023-05-16 18:40:06,112,US0394831020,SELL,0.48,"{buyPrice=68.6686, quantity=7, buyRequestTs=2023-05-16T15:38:07.088, sellRequestTs=2023-05-16T08:40:05.374, change=0, openPrice=68.1629, sellPrice=68.7373, minPercent=-7.0, stepChange=0, buySpread=0.2, minPrice=68.1629, name=Archer Daniels Midland Co., reset=false, maxPrice=68.1629, closePrice=68.1629,}"
2023-05-16 18:56:07,582,US0394831020,BUY,-477.88,"{buyPrice=68.2682, quantity=7, buyRequestTs=2023-05-16T18:56:07.573, sellRequestTs=2023-05-16T18:40:06.112, change=0, openPrice=68.1097, sellPrice=0.0, minPercent=-7.0, stepChange=0, buySpread=0.2, minPrice=68.1097, name=Archer Daniels Midland Co., reset=false, maxPrice=68.1097, closePrice=68.1097,}"
2023-05-16 20:46:06,230,US70450Y1038,BUY,-561.76,"{buyPrice=56.1761, quantity=10, buyRequestTs=2023-05-16T20:46:06.220, sellRequestTs=2023-05-16T17:02:05.505, change=0, openPrice=56.0365, sellPrice=0.0, stepChange=0, buySpread=0.04, minPrice=56.0365, name=PayPal Hldgs. Inc, reset=false, maxPrice=56.0365, closePrice=56.0365,}"
2023-05-17 08:40:05,875,US5949181045,SELL,27.77,"{buyPrice=282.5823, quantity=7.0, buyRequestTs=2023-05-11T16:38:46.383, sellRequestTs=2023-05-10T09:56:37, change=0, openPrice=286.4704, sellPrice=286.5500, stepChange=0, buySpread=0.15, minPrice=286.4704, name=Microsoft Corp, reset=false, maxPrice=286.4704, closePrice=286.4704,}"
2023-05-17 09:36:06,081,DE0008404005,BUY,-417.02,"{buyPrice=208.5083, quantity=2, buyRequestTs=2023-05-17T09:36:06.035, sellRequestTs=2023-05-12T18:50:29.211, change=0, openPrice=208.3535, sellPrice=0.0, stepChange=0, buySpread=0.05, minPrice=208.3535, name=Allianz SE NA, reset=false, maxPrice=208.3535, closePrice=208.3535,}"
2023-05-17 14:56:05,768,DE0005140008,BUY,-1991.46,"{buyPrice=9.6206, quantity=207, buyRequestTs=2023-05-17T14:56:05.757, sellRequestTs=2023-03-20T09:10:20.707, change=0, openPrice=9.5862, sellPrice=0.0, minPercent=-7.0, stepChange=0, buySpread=0.002, minPrice=9.5862, name=Deutsche Bank AG, reset=false, maxPrice=9.5862, closePrice=9.5862,}"
2023-05-17 16:22:07,717,US0394831020,SELL,0.48,"{buyPrice=68.2682, quantity=7.0, buyRequestTs=2023-05-16T18:56:07.573, sellRequestTs=2023-05-16T18:40:06.112, change=0, openPrice=67.1691, sellPrice=68.3365, minPercent=-7.0, stepChange=0, buySpread=0.2, minPrice=67.1691, name=Archer Daniels Midland Co., reset=false, maxPrice=67.1691, closePrice=67.1691,}"
2023-05-17 17:18:17,613,US0394831020,BUY,-470.87,"{buyPrice=67.2672, quantity=7, buyRequestTs=2023-05-17T17:18:17.602, sellRequestTs=2023-05-17T16:22:07.717, change=0, openPrice=66.9939, sellPrice=0.0, minPercent=-7.0, stepChange=0, buySpread=0.2, minPrice=66.9939, name=Archer Daniels Midland Co., reset=false, maxPrice=66.9939, closePrice=66.9939,}"
2023-05-18 16:12:08,744,US70450Y1038,SELL,5.84,"{buyPrice=56.1761, quantity=10.0, buyRequestTs=2023-05-16T20:46:06.220, sellRequestTs=2023-05-16T17:02:05.505, change=0, openPrice=56.7314, sellPrice=56.7600, stepChange=0, buySpread=0.04, minPrice=56.7314, name=PayPal Hldgs. Inc, reset=false, maxPrice=56.7314, closePrice=56.7314,}"
2023-05-18 16:30:06,116,DE0005140008,SELL,29.06,"{buyPrice=9.6206, quantity=207.0, buyRequestTs=2023-05-17T14:56:05.757, sellRequestTs=2023-03-20T09:10:20.707, change=0, openPrice=9.7505, sellPrice=9.7610, minPercent=-7.0, stepChange=0, buySpread=0.002, minPrice=9.7505, name=Deutsche Bank AG, reset=false, maxPrice=9.7505, closePrice=9.7505,}"
2023-05-18 17:36:07,153,CA82509L1076,BUY,-454.45,"{buyPrice=56.8068, quantity=8, buyRequestTs=2023-05-18T17:36:07.144, sellRequestTs=2023-05-16T13:26:05.061, change=0, openPrice=56.6111, sellPrice=0.0, minPercent=-7.0, stepChange=0, buySpread=0.05, minPrice=56.6111, name=SHOPIFY INC., reset=false, maxPrice=56.6111, closePrice=56.6111,}"
2023-05-18 20:16:07,352,US0231351067,BUY,-2170.97,"{buyPrice=108.5484, quantity=20, buyRequestTs=2023-05-18T20:16:07.342, sellRequestTs=2023-05-12T18:52:28.474, change=0, openPrice=108.7351, sellPrice=0.0, stepChange=0, tradeAmount=3000.0, buySpread=0.04, minPrice=108.7351, name=Amazon.com Inc, reset=false, maxPrice=108.7351, closePrice=108.7351,}"
2023-05-18 20:16:13,304,US67066G1040,BUY,-1751.35,"{buyPrice=291.8916, quantity=6, buyRequestTs=2023-05-18T20:16:13.292, sellRequestTs=2023-03-22T20:50:32.055, change=0, openPrice=292.6238, sellPrice=0.0, stepChange=0, buySpread=0.1, minPrice=292.6238, name=NVIDIA Corp, reset=false, maxPrice=292.6238, closePrice=292.6238,}"
2023-05-18 20:16:19,838,US5949181045,BUY,-1766.67,"{buyPrice=294.4442, quantity=6, buyRequestTs=2023-05-18T20:16:19.829, sellRequestTs=2023-05-17T08:40:05.879, change=0, openPrice=294.0990, sellPrice=0.0, stepChange=0, buySpread=0.10, minPrice=294.0990, name=Microsoft Corp, reset=false, maxPrice=294.0990, closePrice=294.0990,}"
2023-05-18 20:34:06,391,CA82509L1076,SELL,0.45,"{buyPrice=56.8068, quantity=8, buyRequestTs=2023-05-18T17:36:07.144, sellRequestTs=2023-05-16T13:26:05.061, change=0, openPrice=55.9875, sellPrice=56.8636, minPercent=-7.0, stepChange=0, buySpread=0.05, minPrice=55.9875, name=SHOPIFY INC., reset=false, maxPrice=55.9875, closePrice=55.9875,}"
2023-05-18 21:26:06,960,CA82509L1076,BUY,-453.65,"{buyPrice=56.7067, quantity=8, buyRequestTs=2023-05-18T21:26:06.922, sellRequestTs=2023-05-18T20:34:06.391, change=0, openPrice=56.2998, sellPrice=0.0, minPercent=-7.0, stepChange=0, buySpread=0.15, minPrice=56.2998, name=SHOPIFY INC., reset=false, maxPrice=56.2998, closePrice=56.2998,}"
2023-05-19 13:32:06,465,US6311031081,SELL,5.67,"{buyPrice=50.3903, quantity=9.0, buyRequestTs=2023-05-10T21:58:38.599, sellRequestTs=2023-04-20T10:16:24.872, change=0, openPrice=51.2324, sellPrice=51.0200, minPercent=-7.0, stepChange=0, buySpread=0.14, minPrice=51.2324, name=Nasdaq Inc, reset=false, maxPrice=51.2324, closePrice=51.2324,}"
2023-05-19 16:20:07,602,US67066G1040,SELL,1.75,"{buyPrice=291.8916, quantity=6.0, buyRequestTs=2023-05-18T20:16:13.292, sellRequestTs=2023-03-22T20:50:32.055, change=0, openPrice=289.5337, sellPrice=292.1835, stepChange=0, buySpread=0.1, minPrice=289.5337, name=NVIDIA Corp, reset=false, maxPrice=289.5337, closePrice=289.5337,}"
2023-05-19 18:18:07,547,CA82509L1076,SELL,0.45,"{buyPrice=56.7067, quantity=8.0, buyRequestTs=2023-05-18T21:26:06.922, sellRequestTs=2023-05-18T20:34:06.391, change=0, openPrice=55.5387, sellPrice=56.7634, minPercent=-7.0, stepChange=0, buySpread=0.15, minPrice=55.5387, name=SHOPIFY INC., reset=false, maxPrice=55.5387, closePrice=55.5387,}"
2023-05-19 18:22:07,867,US0231351067,SELL,2.17,"{buyPrice=108.5484, quantity=20.0, buyRequestTs=2023-05-18T20:16:07.342, sellRequestTs=2023-05-12T18:52:28.474, change=0, openPrice=107.5900, sellPrice=108.6569, stepChange=0, tradeAmount=3000.0, buySpread=0.04, minPrice=107.5900, name=Amazon.com Inc, reset=false, maxPrice=107.5900, closePrice=107.5900,}"
2023-05-19 21:16:07,146,US98980G1022,BUY,-465.10,"{buyPrice=116.2762, quantity=4, buyRequestTs=2023-05-19T21:16:07.136, sellRequestTs=2023-05-16T08:32:04.558, change=0, openPrice=115.6409, sellPrice=0.0, minPercent=-7.0, stepChange=0, buySpread=0.26, minPrice=115.6409, name=Zscaler Inc, reset=false, maxPrice=115.6409, closePrice=115.6409,}"
2023-05-22 13:24:07,232,DE0008404005,SELL,4.28,"{buyPrice=208.5083, quantity=2.0, buyRequestTs=2023-05-17T09:36:06.035, sellRequestTs=2023-05-12T18:50:29.211, change=0, openPrice=210.9181, sellPrice=210.6500, stepChange=0, buySpread=0.05, minPrice=210.9181, name=Allianz SE NA, reset=false, maxPrice=210.9181, closePrice=210.9181,}"
2023-05-22 13:36:05,951,IE000S9YS762,SELL,5.31,"{buyPrice=336.5362, quantity=1.0, buyRequestTs=2023-05-10T21:46:38.100, sellRequestTs=2023-05-02T17:14:36.732, change=0, openPrice=341.5769, sellPrice=341.8500, minPercent=-7.0, stepChange=0, buySpread=0.6, minPrice=341.5769, name=LINDE PLC, reset=false, maxPrice=341.5769, closePrice=341.5769,}"
2023-05-22 15:56:09,079,DE0007165607,BUY,-1940.94,"{buyPrice=277.2770, quantity=7, buyRequestTs=2023-05-22T15:56:09.068, sellRequestTs=2022-05-16T09:38:28.496, change=0, openPrice=273.2610, sellPrice=0.0, minPercent=-7.0, stepChange=0, buySpread=1.5, minPrice=273.2610, name=Sartorius AG, reset=false, maxPrice=273.2610, closePrice=273.2610,}"
2023-05-22 16:06:08,352,US5738741041,BUY,-466.59,"{buyPrice=42.4174, quantity=11, buyRequestTs=2023-05-22T16:06:08.341, sellRequestTs=2022-08-26T08:07:09.826, change=0, openPrice=41.8049, sellPrice=0.0, minPercent=-7.0, stepChange=0, buySpread=0.045, minPrice=41.8049, name=MARVELL TECHNOLOGY INC., reset=false, maxPrice=41.8049, closePrice=41.8049,}"
2023-05-22 17:36:07,832,US70450Y1038,BUY,-1984.52,"{buyPrice=58.3683, quantity=34, buyRequestTs=2023-05-22T17:36:07.821, sellRequestTs=2023-05-18T16:12:08.745, change=0, openPrice=58.0394, sellPrice=0.0, stepChange=0, buySpread=0.10, minPrice=58.0394, name=PayPal Hldgs. Inc, reset=false, maxPrice=58.0394, closePrice=58.0394,}"
2023-05-22 17:36:18,943,US8522341036,BUY,-1952.85,"{buyPrice=55.7957, quantity=35, buyRequestTs=2023-05-22T17:36:18.930, sellRequestTs=2023-05-10T16:58:37.924, change=0, openPrice=55.3404, sellPrice=0.0, minPercent=-7.0, stepChange=0, buySpread=0.08, minPrice=55.3404, name=Block Inc A, reset=false, maxPrice=55.3404, closePrice=55.3404,}"
2023-05-22 19:54:08,707,US98980G1022,SELL,14.50,"{buyPrice=116.2762, quantity=4.0, buyRequestTs=2023-05-19T21:16:07.136, sellRequestTs=2023-05-16T08:32:04.558, change=0, openPrice=119.6881, sellPrice=119.9000, minPercent=-7.0, stepChange=0, buySpread=0.26, minPrice=119.6881, name=Zscaler Inc, reset=false, maxPrice=119.6881, closePrice=119.6881,}"
2023-05-23 08:36:08,078,US8522341036,SELL,2.25,"{buyPrice=55.7957, quantity=35.0, buyRequestTs=2023-05-22T17:36:18.930, sellRequestTs=2023-05-10T16:58:37.924, change=0, openPrice=56.0030, sellPrice=55.8600, minPercent=-7.0, stepChange=0, buySpread=0.08, minPrice=56.0030, name=Block Inc A, reset=false, maxPrice=56.0030, closePrice=56.0030,}"
2023-05-23 10:42:07,909,US5738741041,SELL,2.72,"{buyPrice=42.4174, quantity=11.0, buyRequestTs=2023-05-22T16:06:08.341, sellRequestTs=2022-08-26T08:07:09.826, change=0, openPrice=42.6619, sellPrice=42.6650, minPercent=-7.0, stepChange=0, buySpread=0.045, minPrice=42.6619, name=MARVELL TECHNOLOGY INC., reset=false, maxPrice=42.6619, closePrice=42.6619,}"
2023-05-23 16:06:08,400,US8522341036,BUY,-1983.68,"{buyPrice=56.6766, quantity=35, buyRequestTs=2023-05-23T16:06:08.379, sellRequestTs=2023-05-23T08:36:08.082, change=0, openPrice=55.8262, sellPrice=0.0, minPercent=-7.0, stepChange=0, buySpread=0.07, minPrice=55.8262, name=Block Inc A, reset=false, maxPrice=55.8262, closePrice=55.8262,}"
2023-05-23 16:18:07,730,DE0007165607,SELL,5.06,"{buyPrice=277.277, quantity=7.0, buyRequestTs=2023-05-22T15:56:09.068, sellRequestTs=2022-05-16T09:38:28.496, change=0, openPrice=278.5983, sellPrice=278.0000, minPercent=-7.0, stepChange=0, buySpread=1.5, minPrice=278.5983, name=Sartorius AG, reset=false, maxPrice=278.5983, closePrice=278.5983,}"
2023-05-23 17:46:17,194,US8716071076,BUY,-366.97,"{buyPrice=366.9666, quantity=1, buyRequestTs=2023-05-23T17:46:17.184, sellRequestTs=2023-04-05T08:40:11.144, change=0, openPrice=367.2368, sellPrice=0.0, minPercent=-7.0, stepChange=0, buySpread=0.2, minPrice=367.2368, name=Synopsys Inc, reset=false, maxPrice=367.2368, closePrice=367.2368,}"
2023-05-23 18:26:07,850,US8522341036,SELL,14.12,"{buyPrice=56.6766, quantity=35, buyRequestTs=2023-05-23T16:06:08.379, sellRequestTs=2023-05-23T08:36:08.082, change=0, openPrice=57.0649, sellPrice=57.0800, minPercent=-7.0, stepChange=0, buySpread=0.07, minPrice=57.0649, name=Block Inc A, reset=false, maxPrice=57.0649, closePrice=57.0649,}"
2023-05-24 08:38:39,817,US8716071076,SELL,0.37,"{buyPrice=366.9666, quantity=1.0, buyRequestTs=2023-05-23T17:46:17.184, sellRequestTs=2023-04-05T08:40:11.144, change=0, openPrice=363.3021, sellPrice=367.3336, minPercent=-7.0, stepChange=0, buySpread=0.2, minPrice=363.3021, name=Synopsys Inc, reset=false, maxPrice=363.3021, closePrice=363.3021,}"
2023-05-24 09:21:59,328,US0394831020,SELL,14.93,"{buyPrice=67.2672, quantity=7.0, buyRequestTs=2023-05-17T17:18:17.602, sellRequestTs=2023-05-17T16:22:07.717, change=0, openPrice=69.4185, sellPrice=69.4000, minPercent=-7.0, stepChange=0, buySpread=0.2, minPrice=69.4185, name=Archer Daniels Midland Co., reset=false, maxPrice=69.4185, closePrice=69.4185,}"
2023-05-24 13:37:54,909,US70450Y1038,SELL,1.99,"{buyPrice=58.3683, quantity=34.0, buyRequestTs=2023-05-22T17:36:07.821, sellRequestTs=2023-05-18T16:12:08.745, change=0, openPrice=57.3579, sellPrice=58.4267, stepChange=0, buySpread=0.1, minPrice=57.3579, name=PayPal Hldgs. Inc, reset=false, maxPrice=57.3579, closePrice=57.3579,}"
2023-05-24 15:01:55,628,US5949181045,SELL,1.77,"{buyPrice=294.4442, quantity=6.0, buyRequestTs=2023-05-18T20:16:19.829, sellRequestTs=2023-05-17T08:40:05.879, change=0, openPrice=290.9848, sellPrice=294.7386, stepChange=0, buySpread=0.1, minPrice=290.9848, name=Microsoft Corp, reset=false, maxPrice=290.9848, closePrice=290.9848,}"
2023-05-25 11:26:42,107,US8740391003,BUY,-1962.16,"{buyPrice=89.1891, quantity=22, buyRequestTs=2023-05-25T11:26:42.095, sellRequestTs=2023-01-09T10:29:08.805, change=0, openPrice=88.6719, sellPrice=0.0, stepChange=0, buySpread=0.3, minPrice=88.6719, name=Taiwan Semicon Sp. ADR, reset=false, maxPrice=88.6719, closePrice=88.6719,}"
2023-05-25 18:20:42,200,US8740391003,SELL,110.24,"{buyPrice=89.1891, quantity=22, buyRequestTs=2023-05-25T11:26:42.095, sellRequestTs=2023-01-09T10:29:08.805, change=0, openPrice=93.9769, sellPrice=94.2000, stepChange=0, buySpread=0.3, minPrice=93.9769, name=Taiwan Semicon Sp. ADR, reset=false, maxPrice=93.9769, closePrice=93.9769,}"
2023-05-25 19:34:42,866,US57636Q1040,BUY,-1728.73,"{buyPrice=345.7454, quantity=5, buyRequestTs=2023-05-25T19:34:42.856, sellRequestTs=2023-05-10T17:24:38.640, change=0, minPercentForce=-4.0, openPrice=344.8689, sellPrice=0.0, stepChange=0, buySpread=0.2, minPrice=344.8689, name=Mastercard Inc -A, reset=false, maxPrice=344.8689, closePrice=344.8689,}"
2023-05-30 08:40:38,975,US7134481081,BUY,-4835.95,"{buyPrice=172.7125, quantity=28, buyRequestTs=2023-05-30T08:40:38.960, sellRequestTs=2023-01-30T14:18:50.144, change=0, minPercentForce=-4.0, openPrice=172.1602, sellPrice=0.0, stepChange=0, tradeAmount=5000.0, buySpread=0.66, minPrice=172.1602, name=PepsiCo Inc, reset=false, maxPrice=172.1602, closePrice=172.1602,}"
2023-05-30 16:10:40,119,US7134481081,SELL,4.84,"{buyPrice=172.7125, quantity=28, buyRequestTs=2023-05-30T08:40:38.960, sellRequestTs=2023-01-30T14:18:50.144, change=0, minPercentForce=-4.0, openPrice=169.6123, sellPrice=172.8852, stepChange=0, tradeAmount=5000.0, buySpread=0.66, minPrice=169.6123, name=PepsiCo Inc, reset=false, maxPrice=169.6123, closePrice=169.6123,}"
2023-05-30 16:20:41,069,US57636Q1040,SELL,24.27,"{buyPrice=345.7454, quantity=5.0, buyRequestTs=2023-05-25T19:34:42.856, sellRequestTs=2023-05-10T17:24:38.640, change=0, minPercentForce=-4.0, openPrice=348.1103, sellPrice=350.6000, stepChange=0, buySpread=0.2, minPrice=348.1103, name=Mastercard Inc -A, reset=false, maxPrice=348.1103, closePrice=348.1103,}"
2023-05-31 19:12:43,898,US4781601046,BUY,-1889.49,"{buyPrice=145.3452, quantity=13, buyRequestTs=2023-05-31T19:12:43.875, sellRequestTs=2023-04-03T15:42:20.930, change=0, minPercentForce=-4.0, openPrice=145.2827, sellPrice=0.0, stepChange=0, buySpread=0.1, minPrice=145.2827, name=Johnson & Johnson, reset=false, maxPrice=145.2827, closePrice=145.2827,}"
2023-05-31 21:26:44,206,US1912161007,BUY,-4969.04,"{buyPrice=56.4664, quantity=88, buyRequestTs=2023-05-31T21:26:44.196, sellRequestTs=2023-01-18T16:48:54.127, change=0, minPercentForce=-4.0, openPrice=56.3033, sellPrice=0.0, stepChange=0, tradeAmount=5000.0, buySpread=0.05, minPrice=56.3033, name=Coca-Cola Co, reset=false, maxPrice=56.3033, closePrice=56.3033,}"
2023-06-01 16:08:41,154,US4781601046,SELL,1.89,"{buyPrice=145.3452, quantity=13.0, buyRequestTs=2023-05-31T19:12:43.875, sellRequestTs=2023-04-03T15:42:20.930, change=0, minPercentForce=-4.0, openPrice=143.6120, sellPrice=145.4905, stepChange=0, buySpread=0.1, minPrice=143.6120, name=Johnson & Johnson, reset=false, maxPrice=143.6120, closePrice=143.6120,}"
2023-06-01 17:30:38,871,US0605051046,BUY,-1997.83,"{buyPrice=25.9459, quantity=77, buyRequestTs=2023-06-01T17:30:38.860, sellRequestTs=2023-05-05T17:46:30.639, change=0, minPercentForce=-4.0, openPrice=25.9148, sellPrice=0.0, stepChange=0, buySpread=0.02, minPrice=25.9148, name=Bank of America Corp, reset=false, maxPrice=25.9148, closePrice=25.9148,}"
2023-06-01 18:26:39,282,HK0941009539,BUY,-1130.63,"{buyPrice=7.5375, quantity=150, buyRequestTs=2023-06-01T18:26:39.273, sellRequestTs=2022-03-15T09:52:21.500, change=0, openPrice=7.4087, sellPrice=0.0, stepChange=0, buySpread=0.135, minPrice=7.4087, name=China Mobile Limited, reset=false, maxPrice=7.4087, closePrice=7.4087,}"
2023-06-01 19:22:39,439,US1912161007,SELL,4.97,"{buyPrice=56.4664, quantity=88.0, buyRequestTs=2023-05-31T21:26:44.196, sellRequestTs=2023-01-18T16:48:54.127, change=0, minPercentForce=-4.0, openPrice=55.6882, sellPrice=56.5229, stepChange=0, tradeAmount=5000.0, buySpread=0.05, minPrice=55.6882, name=Coca-Cola Co, reset=false, maxPrice=55.6882, closePrice=55.6882,}"
2023-06-02 13:06:43,202,US09075V1026,BUY,-1991.19,"{buyPrice=99.5595, quantity=20, buyRequestTs=2023-06-02T13:06:43.158, sellRequestTs=2023-05-10T17:44:37.030, change=0, openPrice=98.2068, sellPrice=0.0, minPercent=-7.0, stepChange=0, buySpread=0.10, minPrice=98.2068, name=BIONTECH SE, reset=false, maxPrice=98.2068, closePrice=98.2068,}"
2023-06-02 13:06:55,205,US00287Y1091,BUY,-1491.89,"{buyPrice=124.3242, quantity=12, buyRequestTs=2023-06-02T13:06:55.196, sellRequestTs=2021-09-01T18:47:44.002, change=0, openPrice=123.9442, sellPrice=0.0, stepChange=0, buySpread=0.2, minPrice=123.9442, name=Abbvie Inc, reset=false, maxPrice=123.9442, closePrice=123.9442,}"
2023-06-02 14:42:41,927,US09075V1026,SELL,1.99,"{buyPrice=99.5595, quantity=20, buyRequestTs=2023-06-02T13:06:43.158, sellRequestTs=2023-05-10T17:44:37.030, change=0, openPrice=99.6880, sellPrice=99.6591, minPercent=-7.0, stepChange=0, buySpread=0.10, minPrice=99.6880, name=BIONTECH SE, reset=false, maxPrice=99.6880, closePrice=99.6880,}"
2023-06-02 18:26:42,811,US8334451098,BUY,-1996.39,"{buyPrice=166.3662, quantity=12, buyRequestTs=2023-06-02T18:26:42.791, sellRequestTs=2022-07-27T08:48:34.466, change=0, openPrice=164.7673, sellPrice=0.0, minPercent=-7.0, stepChange=0, buySpread=0.4, minPrice=164.7673, name=SNOWFLAKE INC., reset=false, maxPrice=164.7673, closePrice=164.7673,}"
2023-06-02 21:06:44,028,US8522341036,BUY,-1970.42,"{buyPrice=59.7097, quantity=33, buyRequestTs=2023-06-02T21:06:44.017, sellRequestTs=2023-05-23T18:26:07.851, change=0, openPrice=59.5037, sellPrice=0.0, minPercent=-7.0, stepChange=0, buySpread=0.08, minPrice=59.5037, name=Block Inc A, reset=false, maxPrice=59.5037, closePrice=59.5037,}"
2023-06-05 08:38:42,119,US8522341036,SELL,1.97,"{buyPrice=59.7097, quantity=33.0, buyRequestTs=2023-06-02T21:06:44.017, sellRequestTs=2023-05-23T18:26:07.851, change=0, openPrice=58.8103, sellPrice=59.7694, minPercent=-7.0, stepChange=0, buySpread=0.08, minPrice=58.8103, name=Block Inc A, reset=false, maxPrice=58.8103, closePrice=58.8103,}"
2023-06-05 08:54:39,951,US0605051046,SELL,61.15,"{buyPrice=25.9459, quantity=77.0, buyRequestTs=2023-06-01T17:30:38.860, sellRequestTs=2023-05-05T17:46:30.639, change=0, minPercentForce=-4.0, openPrice=26.7570, sellPrice=26.7400, stepChange=0, buySpread=0.02, minPrice=26.7570, name=Bank of America Corp, reset=false, maxPrice=26.7570, closePrice=26.7570,}"
2023-06-05 09:42:41,724,US8334451098,SELL,2.00,"{buyPrice=166.3662, quantity=12.0, buyRequestTs=2023-06-02T18:26:42.791, sellRequestTs=2022-07-27T08:48:34.466, change=0, openPrice=161.9706, sellPrice=166.5326, minPercent=-7.0, stepChange=0, buySpread=0.4, minPrice=161.9706, name=SNOWFLAKE INC., reset=false, maxPrice=161.9706, closePrice=161.9706,}"
2023-06-05 13:26:41,709,US2791581091,BUY,-496.05,"{buyPrice=9.3594, quantity=53, buyRequestTs=2023-06-05T13:26:41.687, sellRequestTs=2022-11-14T17:28:55.756, change=0, openPrice=9.2572, sellPrice=0.0, minPercent=-7.0, stepChange=0, buySpread=0.05, minPrice=9.2572, name=ECOPETROL S.A., reset=false, maxPrice=9.2572, closePrice=9.2572,}"
2023-06-05 16:08:47,288,US2791581091,SELL,0.50,"{buyPrice=9.3594, quantity=53, buyRequestTs=2023-06-05T13:26:41.687, sellRequestTs=2022-11-14T17:28:55.756, change=0, openPrice=9.0718, sellPrice=9.3688, minPercent=-7.0, stepChange=0, buySpread=0.05, minPrice=9.0718, name=ECOPETROL S.A., reset=false, maxPrice=9.0718, closePrice=9.0718,}"
2023-06-05 16:08:58,351,US5128071082,BUY,-1708.11,"{buyPrice=569.3688, quantity=3, buyRequestTs=2023-06-05T16:08:58.338, sellRequestTs=2023-04-03T16:22:20.896, change=0, openPrice=570.7573, sellPrice=0.0, minPercent=-7.0, stepChange=0, buySpread=1.7, minPrice=570.7573, name=Lam Research Corp, reset=false, maxPrice=570.7573, closePrice=570.7573,}"
2023-06-05 20:26:42,503,US2791581091,BUY,-778.53,"{buyPrice=9.1592, quantity=85, buyRequestTs=2023-06-05T20:26:42.455, sellRequestTs=2023-06-05T16:08:47.289, change=0, openPrice=9.1398, sellPrice=0.0, minPercent=-7.0, stepChange=0, buySpread=0.05, minPrice=9.1398, name=ECOPETROL S.A., reset=false, maxPrice=9.1398, closePrice=9.1398,}"
2023-06-05 20:54:43,782,US00287Y1091,SELL,35.71,"{buyPrice=124.3242, quantity=12.0, buyRequestTs=2023-06-02T13:06:55.196, sellRequestTs=2021-09-01T18:47:44.002, change=0, openPrice=127.6347, sellPrice=127.3000, stepChange=0, buySpread=0.2, minPrice=127.6347, name=Abbvie Inc, reset=false, maxPrice=127.6347, closePrice=127.6347,}"
2023-06-05 21:10:42,283,US5128071082,SELL,1.71,"{buyPrice=569.3688, quantity=3, buyRequestTs=2023-06-05T16:08:58.338, sellRequestTs=2023-04-03T16:22:20.896, change=0, openPrice=563.3366, sellPrice=569.9382, minPercent=-7.0, stepChange=0, buySpread=1.7, minPrice=563.3366, name=Lam Research Corp, reset=false, maxPrice=563.3366, closePrice=563.3366,}"
2023-06-06 13:46:25,443,US70450Y1038,BUY,-1999.82,"{buyPrice=60.6005, quantity=33, buyRequestTs=2023-06-06T13:46:25.431, sellRequestTs=2023-05-24T13:37:54.910, change=0, openPrice=60.4546, sellPrice=0.0, stepChange=0, buySpread=0.06, minPrice=60.4546, name=PayPal Hldgs. Inc, reset=false, maxPrice=60.4546, closePrice=60.4546,}"
2023-06-06 13:46:36,375,US8522341036,BUY,-1959.85,"{buyPrice=59.3893, quantity=33, buyRequestTs=2023-06-06T13:46:36.340, sellRequestTs=2023-06-05T08:38:42.125, change=0, openPrice=59.1500, sellPrice=0.0, minPercent=-7.0, stepChange=0, buySpread=0.11, minPrice=59.1500, name=Block Inc A, reset=false, maxPrice=59.1500, closePrice=59.1500,}"
2023-06-06 13:56:12,950,CA82509L1076,BUY,-1996.10,"{buyPrice=58.7087, quantity=34, buyRequestTs=2023-06-06T13:56:12.939, sellRequestTs=2023-05-19T18:18:07.547, change=0, openPrice=57.7842, sellPrice=0.0, minPercent=-7.0, stepChange=0, buySpread=0.30, minPrice=57.7842, name=SHOPIFY INC., reset=false, maxPrice=57.7842, closePrice=57.7842,}"
2023-06-06 18:36:12,245,US23331A1097,BUY,-1815.71,"{buyPrice=106.8067, quantity=17, buyRequestTs=2023-06-06T18:36:12.233, change=0, openPrice=105.9734, sellPrice=0.0, minPercent=-7.0, stepChange=0, buySpread=0.55, minPrice=105.9734, name=D.R. Horton Inc, reset=false, maxPrice=105.9734, closePrice=105.9734,}"
2023-06-06 21:56:12,677,US7475251036,BUY,-1961.44,"{buyPrice=108.9689, quantity=18, buyRequestTs=2023-06-06T21:56:12.638, sellRequestTs=2022-02-22T11:41:30.730, change=0, openPrice=108.6803, sellPrice=0.0, stepChange=0, buySpread=0.04, minPrice=108.6803, name=QUALCOMM INC., reset=false, maxPrice=108.6803, closePrice=108.6803,}"
2023-06-07 08:00:43,178,HK0941009539,SELL,1.13,"{buyPrice=7.5375, quantity=150.0, buyRequestTs=2023-06-01T18:26:39.273, sellRequestTs=2022-03-15T09:52:21.500, change=0, openPrice=7.7205, sellPrice=7.5450, stepChange=0, buySpread=0.135, minPrice=7.7205, name=China Mobile Limited, reset=false, maxPrice=7.7205, closePrice=7.7205,}"
2023-06-07 10:06:39,597,CA82509L1076,SELL,30.30,"{buyPrice=58.7087, quantity=34.0, buyRequestTs=2023-06-06T13:56:12.939, sellRequestTs=2023-05-19T18:18:07.547, change=0, openPrice=59.6309, sellPrice=59.6000, minPercent=-7.0, stepChange=0, buySpread=0.3, minPrice=59.6309, name=SHOPIFY INC., reset=false, maxPrice=59.6309, closePrice=59.6309,}"
2023-06-07 10:38:39,635,US2791581091,SELL,20.47,"{buyPrice=9.1592, quantity=85.0, buyRequestTs=2023-06-05T20:26:42.455, sellRequestTs=2023-06-05T16:08:47.289, change=0, openPrice=9.3469, sellPrice=9.4000, minPercent=-7.0, stepChange=0, buySpread=0.05, minPrice=9.3469, name=ECOPETROL S.A., reset=false, maxPrice=9.3469, closePrice=9.3469,}"
2023-06-07 16:50:40,553,US8522341036,SELL,53.15,"{buyPrice=59.3893, quantity=33.0, buyRequestTs=2023-06-06T13:46:36.340, sellRequestTs=2023-06-05T08:38:42.125, change=0, openPrice=62.0965, sellPrice=61.0000, minPercent=-7.0, stepChange=0, buySpread=0.11, minPrice=62.0965, name=Block Inc A, reset=false, maxPrice=62.0965, closePrice=62.0965,}"
2023-06-07 16:58:40,367,US70450Y1038,SELL,2.00,"{buyPrice=60.6005, quantity=33.0, buyRequestTs=2023-06-06T13:46:25.431, sellRequestTs=2023-05-24T13:37:54.910, change=0, openPrice=59.7721, sellPrice=60.6611, stepChange=0, buySpread=0.06, minPrice=59.7721, name=PayPal Hldgs. Inc, reset=false, maxPrice=59.7721, closePrice=59.7721,}"
2023-06-07 19:56:40,204,US7475251036,SELL,1.96,"{buyPrice=108.9689, quantity=18.0, buyRequestTs=2023-06-06T21:56:12.638, sellRequestTs=2022-02-22T11:41:30.730, change=0, openPrice=107.4871, sellPrice=109.0779, stepChange=0, buySpread=0.04, minPrice=107.4871, name=QUALCOMM INC., reset=false, maxPrice=107.4871, closePrice=107.4871,}"
2023-06-13 14:16:44,341,HK0941009539,BUY,-498.80,"{buyPrice=7.5576, quantity=66, buyRequestTs=2023-06-13T14:16:44.327, sellRequestTs=2023-06-07T08:00:43.181, change=0, openPrice=7.4700, sellPrice=0.0, stepChange=0, buySpread=0.08, minPrice=7.4700, name=China Mobile Limited, reset=false, maxPrice=7.4700, closePrice=7.4700,}"
2023-06-14 09:46:38,567,US91324P1021,BUY,-1755.75,"{buyPrice=438.9385, quantity=4, buyRequestTs=2023-06-14T09:46:38.553, sellRequestTs=2022-02-22T12:42:03.761, change=0, openPrice=437.7138, sellPrice=0.0, stepChange=0, buySpread=1.5, minPrice=437.7138, name=Unitedhealth Grp. Inc, reset=false, maxPrice=437.7138, closePrice=437.7138,}"
2023-06-14 10:56:38,203,US2791581091,BUY,-1093.59,"{buyPrice=9.5095, quantity=115, buyRequestTs=2023-06-14T10:56:38.191, sellRequestTs=2023-06-07T10:38:39.635, change=0, openPrice=9.4000, sellPrice=0.0, minPercent=-7.0, stepChange=0, buySpread=0.1, minPrice=9.4000, name=ECOPETROL S.A., reset=false, maxPrice=9.4000, closePrice=9.4000,}"
2023-06-14 13:32:40,271,US91324P1021,SELL,1.76,"{buyPrice=438.9385, quantity=4, buyRequestTs=2023-06-14T09:46:38.553, sellRequestTs=2022-02-22T12:42:03.761, change=0, openPrice=431.8038, sellPrice=439.3774, stepChange=0, buySpread=1.5, minPrice=431.8038, name=Unitedhealth Grp. Inc, reset=false, maxPrice=431.8038, closePrice=431.8038,}"
2023-06-14 13:36:39,440,US0079031078,BUY,-1907.19,"{buyPrice=119.1991, quantity=16, buyRequestTs=2023-06-14T13:36:39.400, sellRequestTs=2023-05-05T10:40:30.640, change=0, openPrice=118.0896, sellPrice=0.0, stepChange=0, buySpread=0.18, minPrice=118.0896, name=Advanced Micro Devices Inc, reset=false, maxPrice=118.0896, closePrice=118.0896,}"
2023-06-14 16:08:39,382,US0079031078,SELL,1.91,"{buyPrice=119.1991, quantity=16, buyRequestTs=2023-06-14T13:36:39.400, sellRequestTs=2023-05-05T10:40:30.640, change=0, openPrice=116.5383, sellPrice=119.3183, stepChange=0, buySpread=0.18, minPrice=116.5383, name=Advanced Micro Devices Inc, reset=false, maxPrice=116.5383, closePrice=116.5383,}"
2023-06-14 18:26:40,232,US91324P1021,BUY,-1681.68,"{buyPrice=420.4200, quantity=4, buyRequestTs=2023-06-14T18:26:40.169, sellRequestTs=2023-06-14T13:32:40.272, change=0, openPrice=419.4419, sellPrice=0.0, stepChange=0, buySpread=0.5, minPrice=419.4419, name=Unitedhealth Grp. Inc, reset=false, maxPrice=419.4419, closePrice=419.4419,}"
2023-06-15 16:47:04,912,US00507V1098,BUY,-1937.64,"{buyPrice=74.5245, quantity=26, buyRequestTs=2023-06-15T16:47:04.901, change=0, openPrice=74.2750, sellPrice=0.0, minPercent=-7.0, stepChange=0, buySpread=0.05, minPrice=74.2750, name=Activision Blizzard Inc, reset=false, maxPrice=74.2750, closePrice=74.2750,}"
2023-06-15 20:43:06,313,US91324P1021,SELL,22.32,"{buyPrice=420.42, quantity=4.0, buyRequestTs=2023-06-14T18:26:40.169, sellRequestTs=2023-06-14T13:32:40.272, change=0, openPrice=427.6137, sellPrice=426.0000, stepChange=0, buySpread=0.5, minPrice=427.6137, name=Unitedhealth Grp. Inc, reset=false, maxPrice=427.6137, closePrice=427.6137,}"
2023-06-16 15:46:42,231,US8522341036,BUY,-1965.16,"{buyPrice=61.4114, quantity=32, buyRequestTs=2023-06-16T15:46:42.201, sellRequestTs=2023-06-07T16:50:40.553, change=0, openPrice=61.0414, sellPrice=0.0, minPercent=-7.0, stepChange=0, buySpread=0.10, minPrice=61.0414, name=Block Inc A, reset=false, maxPrice=61.0414, closePrice=61.0414,}"
2023-06-16 18:04:42,648,US8522341036,SELL,1.96,"{buyPrice=61.4114, quantity=32, buyRequestTs=2023-06-16T15:46:42.201, sellRequestTs=2023-06-07T16:50:40.553, change=0, openPrice=60.3271, sellPrice=61.4728, minPercent=-7.0, stepChange=0, buySpread=0.10, minPrice=60.3271, name=Block Inc A, reset=false, maxPrice=60.3271, closePrice=60.3271,}"
