"TS","MS","ISIN","ACTION","VOL","DATA"
2023-01-30 08:24:58,987,US5949181045,SELL,22.61,"{buyPrice=224.3742, quantity=8.0, buyRequestTs=2023-01-26T17:16:27.005, sellRequestTs=2023-01-25T21:54:35.955, change=0, openPrice=227.8523, sellPrice=227.2000, stepChange=0, buySpread=0.1, minPrice=227.8523, name=Microsoft Corp, reset=false, maxPrice=227.8523, closePrice=227.8523,}"
2023-01-30 08:30:18,680,US70450Y1038,SELL,0.45,"{buyPrice=75.5154, quantity=6.0, buyRequestTs=2023-01-27T20:46:29.549, sellRequestTs=2023-01-18T17:16:58.635, change=0, openPrice=74.5672, sellPrice=75.5909, stepChange=0, buySpread=0.07, minPrice=74.5672, name=PayPal Hldgs. Inc, reset=false, maxPrice=74.5672, closePrice=74.5672,}"
2023-01-30 08:35:51,485,CNE100000296,BUY,-479.88,"{buyPrice=28.2282, quantity=17, buyRequestTs=2023-01-30T08:35:51.472, sellRequestTs=2023-01-26T08:41:34.598, change=0, openPrice=28.2861, sellPrice=0.0, minPercent=-7.0, stepChange=0, buySpread=0.085, minPrice=28.2861, name=BYD Co. Ltd, reset=false, maxPrice=28.2861, closePrice=28.2861,}"
2023-01-30 09:19:43,501,US00724F1012,SELL,0.34,"{buyPrice=342.8926, quantity=1.0, buyRequestTs=2023-01-27T21:16:23.815, sellRequestTs=2023-01-23T08:27:24.014, change=0, openPrice=337.9031, sellPrice=343.2355, stepChange=0, buySpread=0.5, minPrice=337.9031, name=Adobe Inc, reset=false, maxPrice=337.9031, closePrice=337.9031,}"
2023-01-30 09:26:25,654,DK0061539921,SELL,0.49,"{buyPrice=25.8408, quantity=19.0, buyRequestTs=2023-01-27T15:36:06.960, sellRequestTs=2023-01-27T11:17:14.499, change=0, openPrice=25.4680, sellPrice=25.8666, stepChange=0, buySpread=0.02, minPrice=25.4680, name=VESTAS WIND SYSTEMS AS, reset=false, maxPrice=25.4680, closePrice=25.4680,}"
2023-01-30 09:27:49,487,US30303M1027,SELL,0.42,"{buyPrice=140.1, quantity=3.0, buyRequestTs=2023-01-27T17:56:35.588, sellRequestTs=2023-01-25T08:27:19.468, change=0, openPrice=137.6749, sellPrice=140.2401, stepChange=0, buySpread=0.06, minPrice=137.6749, name=Meta Platforms Inc A, reset=false, maxPrice=137.6749, closePrice=137.6749,}"
2023-01-30 09:28:03,057,DK0061539921,BUY,-483.94,"{buyPrice=25.4704, quantity=19, buyRequestTs=2023-01-30T09:28:03.048, sellRequestTs=2023-01-30T09:26:25.654, change=0, openPrice=25.4359, sellPrice=0.0, stepChange=0, buySpread=0.015, minPrice=25.4359, name=VESTAS WIND SYSTEMS AS, reset=false, maxPrice=25.4359, closePrice=25.4359,}"
2023-01-30 09:41:17,210,US88339J1051,SELL,1.96,"{buyPrice=47.7577, quantity=41.0, buyRequestTs=2023-01-27T18:47:02.105, sellRequestTs=2023-01-12T15:35:29.442, change=0, openPrice=46.9795, sellPrice=47.8055, minPercent=-7.0, stepChange=0, buySpread=0.1, minPrice=46.9795, name=The Trade Desk Inc, reset=false, maxPrice=46.9795, closePrice=46.9795,}"
2023-01-30 11:50:26,341,CNE100000296,SELL,15.16,"{buyPrice=28.2282, quantity=17, buyRequestTs=2023-01-30T08:35:51.472, sellRequestTs=2023-01-26T08:41:34.598, change=0, openPrice=29.1198, sellPrice=29.1200, minPercent=-7.0, stepChange=0, buySpread=0.085, minPrice=29.1198, name=BYD Co. Ltd, reset=false, maxPrice=29.1198, closePrice=29.1198,}"
2023-01-30 14:18:50,144,US7134481081,SELL,4.87,"{buyPrice=156.9968, quantity=31.0, buyRequestTs=2023-01-24T20:59:40.410, sellRequestTs=2023-01-12T17:20:03.572, change=0, minPercentForce=-4.0, openPrice=154.8931, sellPrice=157.1538, stepChange=0, tradeAmount=5000.0, buySpread=0.16, minPrice=154.8931, name=PepsiCo Inc, reset=false, maxPrice=154.8931, closePrice=154.8931,}"
2023-01-30 15:52:53,347,US0394831020,SELL,0.46,"{buyPrice=77.2572, quantity=6.0, buyRequestTs=2023-01-26T15:58:57.477, sellRequestTs=2023-01-26T15:57:34.912, change=0, openPrice=76.1661, sellPrice=77.3345, minPercent=-7.0, stepChange=0, buySpread=0.24, minPrice=76.1661, name=Archer Daniels Midland Co., reset=false, maxPrice=76.1661, closePrice=76.1661,}"
2023-01-30 15:54:17,425,US0394831020,BUY,-455.01,"{buyPrice=75.8358, quantity=6, buyRequestTs=2023-01-30T15:54:17.415, sellRequestTs=2023-01-30T15:52:53.348, change=0, openPrice=76.1315, sellPrice=0.0, minPercent=-7.0, stepChange=0, buySpread=0.18, minPrice=76.1315, name=Archer Daniels Midland Co., reset=false, maxPrice=76.1315, closePrice=76.1315,}"
2023-01-30 17:11:31,548,DK0061539921,SELL,9.59,"{buyPrice=25.4704, quantity=19, buyRequestTs=2023-01-30T09:28:03.048, sellRequestTs=2023-01-30T09:26:25.654, change=0, openPrice=25.8778, sellPrice=25.9750, stepChange=0, buySpread=0.015, minPrice=25.8778, name=VESTAS WIND SYSTEMS AS, reset=false, maxPrice=25.8778, closePrice=25.8778,}"
2023-01-31 08:01:29,843,CNE100000296,BUY,-576.28,"{buyPrice=28.8138, quantity=20, buyRequestTs=2023-01-31T08:01:29.814, sellRequestTs=2023-01-30T11:50:26.341, change=0, openPrice=29.6012, sellPrice=0.0, minPercent=-7.0, stepChange=0, buySpread=0.085, minPrice=29.6012, name=BYD Co. Ltd, reset=false, maxPrice=29.6012, closePrice=29.6012,}"
2023-01-31 08:11:04,195,CNE100000296,SELL,0.58,"{buyPrice=28.8138, quantity=20, buyRequestTs=2023-01-31T08:01:29.814, sellRequestTs=2023-01-30T11:50:26.341, change=0, openPrice=29.4189, sellPrice=28.8426, minPercent=-7.0, stepChange=0, buySpread=0.085, minPrice=29.4189, name=BYD Co. Ltd, reset=false, maxPrice=29.4189, closePrice=29.4189,}"
2023-01-31 08:16:33,496,CNE100000296,BUY,-571.57,"{buyPrice=28.5786, quantity=20, buyRequestTs=2023-01-31T08:16:33.486, sellRequestTs=2023-01-31T08:11:04.196, change=0, openPrice=29.2556, sellPrice=0.0, minPercent=-7.0, stepChange=0, buySpread=0.11, minPrice=29.2556, name=BYD Co. Ltd, reset=false, maxPrice=29.2556, closePrice=29.2556,}"
2023-01-31 08:27:18,155,CNE100000296,SELL,0.57,"{buyPrice=28.5786, quantity=20, buyRequestTs=2023-01-31T08:16:33.486, sellRequestTs=2023-01-31T08:11:04.196, change=0, openPrice=28.6133, sellPrice=28.6072, minPercent=-7.0, stepChange=0, buySpread=0.11, minPrice=28.6133, name=BYD Co. Ltd, reset=false, maxPrice=28.6133, closePrice=28.6133,}"
2023-01-31 10:27:05,893,DE0005552004,BUY,-468.35,"{buyPrice=39.0290, quantity=12, buyRequestTs=2023-01-31T10:27:05.882, sellRequestTs=2023-01-10T08:07:10.101, change=0, openPrice=39.0493, sellPrice=0.0, minPercent=-7.0, stepChange=0, buySpread=0.01, minPrice=39.0493, name=DEUTSCHE POST AG, reset=false, maxPrice=39.0493, closePrice=39.0493,}"
2023-01-31 17:45:47,864,US8522341036,BUY,-1962.10,"{buyPrice=75.4654, quantity=26, buyRequestTs=2023-01-31T17:45:47.855, sellRequestTs=2023-01-25T18:54:28.929, change=0, openPrice=75.3313, sellPrice=0.0, minPercent=-7.0, stepChange=0, buySpread=0.10, minPrice=75.3313, name=Block Inc A, reset=false, maxPrice=75.3313, closePrice=75.3313,}"
2023-01-31 20:46:42,908,US5949181045,BUY,-454.45,"{buyPrice=227.2270, quantity=2, buyRequestTs=2023-01-31T20:46:42.898, sellRequestTs=2023-01-30T08:24:58.991, change=0, openPrice=226.9413, sellPrice=0.0, stepChange=0, buySpread=0.05, minPrice=226.9413, name=Microsoft Corp, reset=false, maxPrice=226.9413, closePrice=226.9413,}"
2023-01-31 21:16:46,694,US8725901040,BUY,-411.77,"{buyPrice=137.2571, quantity=3, buyRequestTs=2023-01-31T21:16:46.682, sellRequestTs=2023-01-26T15:18:44.846, change=0, openPrice=137.0786, sellPrice=0.0, stepChange=0, buySpread=0.16, minPrice=137.0786, name=T-Mobile US Inc, reset=false, maxPrice=137.0786, closePrice=137.0786,}"
2023-02-01 09:26:16,775,CNE100000296,BUY,-482.80,"{buyPrice=30.1751, quantity=16, buyRequestTs=2023-02-01T09:26:16.764, sellRequestTs=2023-01-31T08:27:18.155, change=0, openPrice=30.2638, sellPrice=0.0, minPercent=-7.0, stepChange=0, buySpread=0.090, minPrice=30.2638, name=BYD Co. Ltd, reset=false, maxPrice=30.2638, closePrice=30.2638,}"
2023-02-01 10:24:45,992,DE0005552004,SELL,13.33,"{buyPrice=39.029, quantity=12.0, buyRequestTs=2023-01-31T10:27:05.882, sellRequestTs=2023-01-10T08:07:10.101, change=0, openPrice=40.1194, sellPrice=40.1400, minPercent=-7.0, stepChange=0, buySpread=0.01, minPrice=40.1194, name=DEUTSCHE POST AG, reset=false, maxPrice=40.1194, closePrice=40.1194,}"
2023-02-01 14:01:58,378,US8725901040,SELL,0.41,"{buyPrice=137.2571, quantity=3.0, buyRequestTs=2023-01-31T21:16:46.682, sellRequestTs=2023-01-26T15:18:44.846, change=0, openPrice=135.3500, sellPrice=137.3944, stepChange=0, buySpread=0.16, minPrice=135.3500, name=T-Mobile US Inc, reset=false, maxPrice=135.3500, closePrice=135.3500,}"
2023-02-01 16:06:52,015,US0970231058,BUY,-1804.50,"{buyPrice=200.5003, quantity=9, buyRequestTs=2023-02-01T16:06:52.006, sellRequestTs=2023-01-19T11:07:31.235, change=0, openPrice=197.8915, sellPrice=0.0, stepChange=0, buySpread=0.15, minPrice=197.8915, name=Boeing Co, reset=false, maxPrice=197.8915, closePrice=197.8915,}"
2023-02-01 16:36:27,655,US70450Y1038,BUY,-1947.52,"{buyPrice=74.9048, quantity=26, buyRequestTs=2023-02-01T16:36:27.645, sellRequestTs=2023-01-30T08:30:18.681, change=0, openPrice=74.7353, sellPrice=0.0, stepChange=0, buySpread=0.05, minPrice=74.7353, name=PayPal Hldgs. Inc, reset=false, maxPrice=74.7353, closePrice=74.7353,}"
2023-02-01 16:47:14,646,US0079031078,BUY,-443.36,"{buyPrice=73.8938, quantity=6, buyRequestTs=2023-02-01T16:47:14.635, sellRequestTs=2023-01-27T21:40:44.072, change=0, openPrice=74.0436, sellPrice=0.0, stepChange=0, buySpread=0.05, minPrice=74.0436, name=Advanced Micro Devices Inc, reset=false, maxPrice=74.0436, closePrice=74.0436,}"
2023-02-01 16:58:03,313,US8522341036,SELL,1.96,"{buyPrice=75.4654, quantity=26.0, buyRequestTs=2023-01-31T17:45:47.855, sellRequestTs=2023-01-25T18:54:28.929, change=0, openPrice=74.4104, sellPrice=75.5409, minPercent=-7.0, stepChange=0, buySpread=0.1, minPrice=74.4104, name=Block Inc A, reset=false, maxPrice=74.4104, closePrice=74.4104,}"
2023-02-01 17:15:46,895,US70450Y1038,SELL,1.95,"{buyPrice=74.9048, quantity=26, buyRequestTs=2023-02-01T16:36:27.645, sellRequestTs=2023-01-30T08:30:18.681, change=0, openPrice=73.9268, sellPrice=74.9797, stepChange=0, buySpread=0.05, minPrice=73.9268, name=PayPal Hldgs. Inc, reset=false, maxPrice=73.9268, closePrice=73.9268,}"
2023-02-01 17:36:34,125,US67066G1040,BUY,-368.37,"{buyPrice=184.1840, quantity=2, buyRequestTs=2023-02-01T17:36:34.114, sellRequestTs=2022-10-27T13:09:15.629, change=0, openPrice=183.1202, sellPrice=0.0, stepChange=0, buySpread=0.22, minPrice=183.1202, name=NVIDIA Corp, reset=false, maxPrice=183.1202, closePrice=183.1202,}"
2023-02-01 18:04:52,792,US4781601046,BUY,-1960.54,"{buyPrice=150.8107, quantity=13, buyRequestTs=2023-02-01T18:04:52.782, sellRequestTs=2023-01-24T17:29:06.062, change=0, minPercentForce=-4.0, openPrice=150.5191, sellPrice=0.0, stepChange=0, buySpread=0.22, minPrice=150.5191, name=Johnson & Johnson, reset=false, maxPrice=150.5191, closePrice=150.5191,}"
2023-02-01 18:37:52,512,US0970231058,SELL,1.80,"{buyPrice=200.5003, quantity=9, buyRequestTs=2023-02-01T16:06:52.006, sellRequestTs=2023-01-19T11:07:31.235, change=0, openPrice=195.7579, sellPrice=200.7008, stepChange=0, buySpread=0.15, minPrice=195.7579, name=Boeing Co, reset=false, maxPrice=195.7579, closePrice=195.7579,}"
2023-02-01 21:36:09,248,DE000A1ML7J1,BUY,-499.06,"{buyPrice=26.2662, quantity=19, buyRequestTs=2023-02-01T21:36:09.237, sellRequestTs=2023-01-11T15:23:40.291, change=0, openPrice=26.1092, sellPrice=0.0, minPercent=-7.0, stepChange=0, buySpread=0.09, minPrice=26.1092, name=Vonovia SE, reset=false, maxPrice=26.1092, closePrice=26.1092,}"
2023-02-02 08:27:38,768,US69608A1088,BUY,-1996.46,"{buyPrice=7.5055, quantity=266, buyRequestTs=2023-02-02T08:27:38.756, sellRequestTs=2022-09-26T16:59:11.431, change=0, openPrice=7.4761, sellPrice=0.0, minPercent=-7.0, stepChange=0, buySpread=0.006, minPrice=7.4761, name=Palantir Technologies Inc, reset=false, maxPrice=7.4761, closePrice=7.4761,}"
2023-02-02 08:55:49,826,US67066G1040,SELL,12.35,"{buyPrice=184.184, quantity=2.0, buyRequestTs=2023-02-01T17:36:34.114, sellRequestTs=2022-10-27T13:09:15.629, change=0, openPrice=190.2323, sellPrice=190.3600, stepChange=0, buySpread=0.22, minPrice=190.2323, name=NVIDIA Corp, reset=false, maxPrice=190.2323, closePrice=190.2323,}"
2023-02-02 10:02:08,828,US0079031078,SELL,17.92,"{buyPrice=73.8938, quantity=6.0, buyRequestTs=2023-02-01T16:47:14.635, sellRequestTs=2023-01-27T21:40:44.072, change=0, openPrice=76.3942, sellPrice=76.8800, stepChange=0, buySpread=0.05, minPrice=76.3942, name=Advanced Micro Devices Inc, reset=false, maxPrice=76.3942, closePrice=76.3942,}"
2023-02-02 10:19:36,740,US69608A1088,SELL,28.06,"{buyPrice=7.5055, quantity=266, buyRequestTs=2023-02-02T08:27:38.756, sellRequestTs=2022-09-26T16:59:11.431, change=0, openPrice=7.5664, sellPrice=7.6110, minPercent=-7.0, stepChange=0, buySpread=0.006, minPrice=7.5664, name=Palantir Technologies Inc, reset=false, maxPrice=7.5664, closePrice=7.5664,}"
2023-02-02 10:41:03,298,DE000A1ML7J1,SELL,13.94,"{buyPrice=26.2662, quantity=19.0, buyRequestTs=2023-02-01T21:36:09.237, sellRequestTs=2023-01-11T15:23:40.291, change=0, openPrice=27.1147, sellPrice=27.0000, minPercent=-7.0, stepChange=0, buySpread=0.09, minPrice=27.1147, name=Vonovia SE, reset=false, maxPrice=27.1147, closePrice=27.1147,}"
2023-02-02 11:36:59,212,US70450Y1038,BUY,-462.94,"{buyPrice=77.1571, quantity=6, buyRequestTs=2023-02-02T11:36:59.203, sellRequestTs=2023-02-01T17:15:46.896, change=0, openPrice=77.1444, sellPrice=0.0, stepChange=0, buySpread=0.12, minPrice=77.1444, name=PayPal Hldgs. Inc, reset=false, maxPrice=77.1444, closePrice=77.1444,}"
2023-02-02 12:06:32,156,DE000A1ML7J1,BUY,-489.01,"{buyPrice=27.1671, quantity=18, buyRequestTs=2023-02-02T12:06:32.147, sellRequestTs=2023-02-02T10:41:03.298, change=0, openPrice=27.0922, sellPrice=0.0, minPercent=-7.0, stepChange=0, buySpread=0.01, minPrice=27.0922, name=Vonovia SE, reset=false, maxPrice=27.0922, closePrice=27.0922,}"
2023-02-02 12:16:08,508,US69608A1088,BUY,-1996.04,"{buyPrice=7.7067, quantity=259, buyRequestTs=2023-02-02T12:16:08.495, sellRequestTs=2023-02-02T10:19:36.741, change=0, openPrice=7.6832, sellPrice=0.0, minPercent=-7.0, stepChange=0, buySpread=0.036, minPrice=7.6832, name=Palantir Technologies Inc, reset=false, maxPrice=7.6832, closePrice=7.6832,}"
2023-02-02 15:58:22,621,US5398301094,SELL,1.70,"{buyPrice=423.7734, quantity=4.0, buyRequestTs=2023-01-26T17:07:16.170, sellRequestTs=2022-12-07T21:33:52.692, change=0, openPrice=417.2325, sellPrice=424.1972, stepChange=0, buySpread=0.9, minPrice=417.2325, name=Lockheed Martin Corp, reset=false, maxPrice=417.2325, closePrice=417.2325,}"
2023-02-02 15:58:33,776,US0394831020,SELL,0.45,"{buyPrice=75.8358, quantity=6.0, buyRequestTs=2023-01-30T15:54:17.415, sellRequestTs=2023-01-30T15:52:53.348, change=0, openPrice=74.9268, sellPrice=75.9116, minPercent=-7.0, stepChange=0, buySpread=0.18, minPrice=74.9268, name=Archer Daniels Midland Co., reset=false, maxPrice=74.9268, closePrice=74.9268,}"
2023-02-02 15:59:57,830,US0394831020,BUY,-450.03,"{buyPrice=75.0049, quantity=6, buyRequestTs=2023-02-02T15:59:57.821, sellRequestTs=2023-02-02T15:58:33.776, change=0, openPrice=75.1052, sellPrice=0.0, minPercent=-7.0, stepChange=0, buySpread=0.20, minPrice=75.1052, name=Archer Daniels Midland Co., reset=false, maxPrice=75.1052, closePrice=75.1052,}"
2023-02-02 16:15:19,603,DE000A1ML7J1,SELL,12.65,"{buyPrice=27.1671, quantity=18, buyRequestTs=2023-02-02T12:06:32.147, sellRequestTs=2023-02-02T10:41:03.298, change=0, openPrice=27.9338, sellPrice=27.8700, minPercent=-7.0, stepChange=0, buySpread=0.01, minPrice=27.9338, name=Vonovia SE, reset=false, maxPrice=27.9338, closePrice=27.9338,}"
2023-02-02 16:27:34,072,US69608A1088,SELL,112.74,"{buyPrice=7.7067, quantity=259, buyRequestTs=2023-02-02T12:16:08.495, sellRequestTs=2023-02-02T10:19:36.741, change=0, openPrice=7.9856, sellPrice=8.1420, minPercent=-7.0, stepChange=0, buySpread=0.036, minPrice=7.9856, name=Palantir Technologies Inc, reset=false, maxPrice=7.9856, closePrice=7.9856,}"
2023-02-02 20:27:12,221,US70450Y1038,SELL,15.68,"{buyPrice=77.1571, quantity=6, buyRequestTs=2023-02-02T11:36:59.203, sellRequestTs=2023-02-01T17:15:46.896, change=0, openPrice=80.3568, sellPrice=79.7700, stepChange=0, buySpread=0.12, minPrice=80.3568, name=PayPal Hldgs. Inc, reset=false, maxPrice=80.3568, closePrice=80.3568,}"
2023-02-02 20:59:44,376,US5949181045,SELL,24.45,"{buyPrice=227.227, quantity=2.0, buyRequestTs=2023-01-31T20:46:42.898, sellRequestTs=2023-01-30T08:24:58.991, change=0, openPrice=239.9763, sellPrice=239.4500, stepChange=0, buySpread=0.05, minPrice=239.9763, name=Microsoft Corp, reset=false, maxPrice=239.9763, closePrice=239.9763,}"
2023-02-03 08:27:18,923,CNE100000296,SELL,0.48,"{buyPrice=30.1751, quantity=16.0, buyRequestTs=2023-02-01T09:26:16.764, sellRequestTs=2023-01-31T08:27:18.155, change=0, openPrice=29.8162, sellPrice=30.2053, minPercent=-7.0, stepChange=0, buySpread=0.09, minPrice=29.8162, name=BYD Co. Ltd, reset=false, maxPrice=29.8162, closePrice=29.8162,}"
2023-02-03 08:28:39,007,CNE100000296,BUY,-478.24,"{buyPrice=29.8899, quantity=16, buyRequestTs=2023-02-03T08:28:38.994, sellRequestTs=2023-02-03T08:27:18.925, change=0, openPrice=29.8188, sellPrice=0.0, minPercent=-7.0, stepChange=0, buySpread=0.115, minPrice=29.8188, name=BYD Co. Ltd, reset=false, maxPrice=29.8188, closePrice=29.8188,}"
2023-02-03 14:46:07,698,US70450Y1038,BUY,-1742.38,"{buyPrice=79.1991, quantity=22, buyRequestTs=2023-02-03T14:46:07.689, sellRequestTs=2023-02-02T20:27:12.221, change=0, openPrice=79.0012, sellPrice=0.0, stepChange=0, buySpread=0.27, minPrice=79.0012, name=PayPal Hldgs. Inc, reset=false, maxPrice=79.0012, closePrice=79.0012,}"
2023-02-03 15:47:21,775,US5949181045,BUY,-1926.32,"{buyPrice=240.7906, quantity=8, buyRequestTs=2023-02-03T15:47:21.766, sellRequestTs=2023-02-02T20:59:44.376, change=0, openPrice=239.1218, sellPrice=0.0, stepChange=0, buySpread=0.10, minPrice=239.1218, name=Microsoft Corp, reset=false, maxPrice=239.1218, closePrice=239.1218,}"
2023-02-03 15:47:32,967,US5398301094,BUY,-1690.29,"{buyPrice=422.5722, quantity=4, buyRequestTs=2023-02-03T15:47:32.958, sellRequestTs=2023-02-02T15:58:22.621, change=0, openPrice=421.6750, sellPrice=0.0, stepChange=0, buySpread=1.05, minPrice=421.6750, name=Lockheed Martin Corp, reset=false, maxPrice=421.6750, closePrice=421.6750,}"
2023-02-03 15:57:31,496,US0378331005,BUY,-421.80,"{buyPrice=140.6005, quantity=3, buyRequestTs=2023-02-03T15:57:31.488, sellRequestTs=2023-01-09T19:36:10.930, change=0, openPrice=137.6659, sellPrice=0.0, stepChange=0, buySpread=0.06, minPrice=137.6659, name=Apple Inc, reset=false, maxPrice=137.6659, closePrice=137.6659,}"
2023-02-03 19:10:08,274,US0378331005,SELL,6.30,"{buyPrice=140.6005, quantity=3, buyRequestTs=2023-02-03T15:57:31.488, sellRequestTs=2023-01-09T19:36:10.930, change=0, openPrice=143.4724, sellPrice=142.7000, stepChange=0, buySpread=0.06, minPrice=143.4724, name=Apple Inc, reset=false, maxPrice=143.4724, closePrice=143.4724,}"
2023-02-03 19:16:48,931,US70450Y1038,SELL,12.56,"{buyPrice=79.1991, quantity=22, buyRequestTs=2023-02-03T14:46:07.689, sellRequestTs=2023-02-02T20:27:12.221, change=0, openPrice=80.1841, sellPrice=79.7700, stepChange=0, buySpread=0.27, minPrice=80.1841, name=PayPal Hldgs. Inc, reset=false, maxPrice=80.1841, closePrice=80.1841,}"
2023-02-06 08:20:39,558,CNE100000296,SELL,0.48,"{buyPrice=29.8899, quantity=16.0, buyRequestTs=2023-02-03T08:28:38.994, sellRequestTs=2023-02-03T08:27:18.925, change=0, openPrice=29.3895, sellPrice=29.9198, minPercent=-7.0, stepChange=0, buySpread=0.115, minPrice=29.3895, name=BYD Co. Ltd, reset=false, maxPrice=29.3895, closePrice=29.3895,}"
2023-02-06 09:26:09,338,DE000ENAG999,BUY,-490.20,"{buyPrice=10.0040, quantity=49, buyRequestTs=2023-02-06T09:26:09.284, sellRequestTs=2022-12-19T18:33:59.171, change=0, openPrice=10.0176, sellPrice=0.0, minPercent=-7.0, stepChange=0, buySpread=0.004, minPrice=10.0176, name=E.ON SE, reset=false, maxPrice=10.0176, closePrice=10.0176,}"
2023-02-06 09:35:37,471,CNE100000296,BUY,-489.92,"{buyPrice=28.8188, quantity=17, buyRequestTs=2023-02-06T09:35:37.462, sellRequestTs=2023-02-06T08:20:39.560, change=0, openPrice=28.7125, sellPrice=0.0, minPercent=-7.0, stepChange=0, buySpread=0.085, minPrice=28.7125, name=BYD Co. Ltd, reset=false, maxPrice=28.7125, closePrice=28.7125,}"
2023-02-06 10:19:06,194,DE000ENAG999,SELL,0.49,"{buyPrice=10.0040, quantity=49, buyRequestTs=2023-02-06T09:26:09.284, sellRequestTs=2022-12-19T18:33:59.171, change=0, openPrice=9.9126, sellPrice=10.0140, minPercent=-7.0, stepChange=0, buySpread=0.004, minPrice=9.9126, name=E.ON SE, reset=false, maxPrice=9.9126, closePrice=9.9126,}"
2023-02-06 14:57:14,176,US69608A1088,BUY,-1992.41,"{buyPrice=7.6927, quantity=259, buyRequestTs=2023-02-06T14:57:13.959, sellRequestTs=2023-02-02T16:27:34.072, change=0, openPrice=7.6988, sellPrice=0.0, minPercent=-7.0, stepChange=0, buySpread=0.026, minPrice=7.6988, name=Palantir Technologies Inc, reset=false, maxPrice=7.6988, closePrice=7.6988,}"
2023-02-06 16:22:34,496,US69608A1088,SELL,16.91,"{buyPrice=7.6927, quantity=259, buyRequestTs=2023-02-06T14:57:13.959, sellRequestTs=2023-02-02T16:27:34.072, change=0, openPrice=7.7968, sellPrice=7.7580, minPercent=-7.0, stepChange=0, buySpread=0.026, minPrice=7.7968, name=Palantir Technologies Inc, reset=false, maxPrice=7.7968, closePrice=7.7968,}"
2023-02-06 20:22:40,450,US5398301094,SELL,36.11,"{buyPrice=422.5722, quantity=4.0, buyRequestTs=2023-02-03T15:47:32.958, sellRequestTs=2023-02-02T15:58:22.621, change=0, openPrice=432.1584, sellPrice=431.6000, stepChange=0, buySpread=1.05, minPrice=432.1584, name=Lockheed Martin Corp, reset=false, maxPrice=432.1584, closePrice=432.1584,}"
2023-02-07 15:49:19,950,CNE100000296,SELL,4.78,"{buyPrice=28.8188, quantity=17.0, buyRequestTs=2023-02-06T09:35:37.462, sellRequestTs=2023-02-06T08:20:39.560, change=0, openPrice=29.1305, sellPrice=29.1000, minPercent=-7.0, stepChange=0, buySpread=0.085, minPrice=29.1305, name=BYD Co. Ltd, reset=false, maxPrice=29.1305, closePrice=29.1305,}"
2023-02-07 16:16:36,520,CNE100000296,BUY,-580.68,"{buyPrice=29.0340, quantity=20, buyRequestTs=2023-02-07T16:16:36.511, sellRequestTs=2023-02-07T15:49:19.952, change=0, openPrice=29.0247, sellPrice=0.0, minPercent=-7.0, stepChange=0, buySpread=0.115, minPrice=29.0247, name=BYD Co. Ltd, reset=false, maxPrice=29.0247, closePrice=29.0247,}"
2023-02-07 19:43:17,816,US5949181045,SELL,39.28,"{buyPrice=240.7906, quantity=8.0, buyRequestTs=2023-02-03T15:47:21.766, sellRequestTs=2023-02-02T20:59:44.376, change=0, openPrice=246.8331, sellPrice=245.7000, stepChange=0, buySpread=0.1, minPrice=246.8331, name=Microsoft Corp, reset=false, maxPrice=246.8331, closePrice=246.8331,}"
2023-02-07 19:46:06,044,US0394831020,SELL,9.03,"{buyPrice=75.0049, quantity=6.0, buyRequestTs=2023-02-02T15:59:57.821, sellRequestTs=2023-02-02T15:58:33.776, change=0, openPrice=76.6031, sellPrice=76.5100, minPercent=-7.0, stepChange=0, buySpread=0.2, minPrice=76.6031, name=Archer Daniels Midland Co., reset=false, maxPrice=76.6031, closePrice=76.6031,}"
2023-02-08 08:26:47,134,CNE100000296,SELL,0.58,"{buyPrice=29.034, quantity=20.0, buyRequestTs=2023-02-07T16:16:36.511, sellRequestTs=2023-02-07T15:49:19.952, change=0, openPrice=28.5745, sellPrice=29.0630, minPercent=-7.0, stepChange=0, buySpread=0.115, minPrice=28.5745, name=BYD Co. Ltd, reset=false, maxPrice=28.5745, closePrice=28.5745,}"
2023-02-08 12:17:01,335,CNE100000296,BUY,-484.56,"{buyPrice=28.5035, quantity=17, buyRequestTs=2023-02-08T12:17:01.325, sellRequestTs=2023-02-08T08:26:47.136, change=0, openPrice=28.4832, sellPrice=0.0, minPercent=-7.0, stepChange=0, buySpread=0.030, minPrice=28.4832, name=BYD Co. Ltd, reset=false, maxPrice=28.4832, closePrice=28.4832,}"
2023-02-08 14:05:51,630,US0404131064,BUY,-377.96,"{buyPrice=125.9859, quantity=3, buyRequestTs=2023-02-08T14:05:51.621, sellRequestTs=2022-10-17T16:53:48.166, change=0, openPrice=125.8677, sellPrice=0.0, minPercent=-7.0, stepChange=0, buySpread=1.20, minPrice=125.8677, name=Arista Networks Inc, reset=false, maxPrice=125.8677, closePrice=125.8677,}"
2023-02-08 15:46:30,284,US29355A1079,BUY,-428.83,"{buyPrice=214.4142, quantity=2, buyRequestTs=2023-02-08T15:46:30.275, sellRequestTs=2023-01-26T08:01:50.715, change=0, openPrice=226.3048, sellPrice=0.0, minPercent=-7.0, stepChange=0, buySpread=1.45, minPrice=226.3048, name=Enphase Energy Inc, reset=false, maxPrice=226.3048, closePrice=226.3048,}"
2023-02-08 15:48:00,147,US29355A1079,SELL,0.43,"{buyPrice=214.4142, quantity=2, buyRequestTs=2023-02-08T15:46:30.275, sellRequestTs=2023-01-26T08:01:50.715, change=0, openPrice=225.4901, sellPrice=214.6286, minPercent=-7.0, stepChange=0, buySpread=1.45, minPrice=225.4901, name=Enphase Energy Inc, reset=false, maxPrice=225.4901, closePrice=225.4901,}"
2023-02-08 15:49:27,959,US29355A1079,BUY,-431.03,"{buyPrice=215.5153, quantity=2, buyRequestTs=2023-02-08T15:49:27.915, sellRequestTs=2023-02-08T15:48:00.147, change=0, openPrice=225.0620, sellPrice=0.0, minPercent=-7.0, stepChange=0, buySpread=1.3, minPrice=225.0620, name=Enphase Energy Inc, reset=false, maxPrice=225.0620, closePrice=225.0620,}"
2023-02-08 15:53:45,730,US29355A1079,SELL,0.43,"{buyPrice=215.5153, quantity=2, buyRequestTs=2023-02-08T15:49:27.915, sellRequestTs=2023-02-08T15:48:00.147, change=0, openPrice=223.8317, sellPrice=215.7308, minPercent=-7.0, stepChange=0, buySpread=1.3, minPrice=223.8317, name=Enphase Energy Inc, reset=false, maxPrice=223.8317, closePrice=223.8317,}"
2023-02-08 15:55:08,469,US29355A1079,BUY,-418.82,"{buyPrice=209.4092, quantity=2, buyRequestTs=2023-02-08T15:55:08.457, sellRequestTs=2023-02-08T15:53:45.730, change=0, openPrice=223.3044, sellPrice=0.0, minPercent=-7.0, stepChange=0, buySpread=1.45, minPrice=223.3044, name=Enphase Energy Inc, reset=false, maxPrice=223.3044, closePrice=223.3044,}"
2023-02-08 15:57:52,484,US29355A1079,SELL,0.42,"{buyPrice=209.4092, quantity=2, buyRequestTs=2023-02-08T15:55:08.457, sellRequestTs=2023-02-08T15:53:45.730, change=0, openPrice=218.5731, sellPrice=209.6186, minPercent=-7.0, stepChange=0, buySpread=1.45, minPrice=218.5731, name=Enphase Energy Inc, reset=false, maxPrice=218.5731, closePrice=218.5731,}"
2023-02-08 15:59:14,211,US29355A1079,BUY,-423.22,"{buyPrice=211.6114, quantity=2, buyRequestTs=2023-02-08T15:59:14.198, sellRequestTs=2023-02-08T15:57:52.485, change=0, openPrice=217.7420, sellPrice=0.0, minPercent=-7.0, stepChange=0, buySpread=0.95, minPrice=217.7420, name=Enphase Energy Inc, reset=false, maxPrice=217.7420, closePrice=217.7420,}"
2023-02-08 16:07:55,578,US29355A1079,BUY,-430.33,"{buyPrice=215.1650, quantity=2, buyRequestTs=2023-02-08T16:07:55.568, sellRequestTs=2023-02-08T15:57:52.485, change=0, openPrice=213.8483, sellPrice=0.0, minPercent=-7.0, stepChange=0, buySpread=0.95, minPrice=213.8483, name=Enphase Energy Inc, reset=false, maxPrice=213.8483, closePrice=213.8483,}"
2023-02-08 16:20:24,513,US29355A1079,SELL,0.43,"{buyPrice=215.1650, quantity=2, buyRequestTs=2023-02-08T16:07:55.568, sellRequestTs=2023-02-08T15:57:52.485, change=0, openPrice=210.2313, sellPrice=215.3802, minPercent=-7.0, stepChange=0, buySpread=0.95, minPrice=210.2313, name=Enphase Energy Inc, reset=false, maxPrice=210.2313, closePrice=210.2313,}"
2023-02-08 17:17:26,173,US29355A1079,BUY,-413.01,"{buyPrice=206.5063, quantity=2, buyRequestTs=2023-02-08T17:17:26.164, sellRequestTs=2023-02-08T16:20:24.513, change=0, openPrice=203.7459, sellPrice=0.0, minPercent=-7.0, stepChange=0, buySpread=0.5, minPrice=203.7459, name=Enphase Energy Inc, reset=false, maxPrice=203.7459, closePrice=203.7459,}"
2023-02-08 17:42:49,834,CNE100000296,SELL,0.48,"{buyPrice=28.5035, quantity=17, buyRequestTs=2023-02-08T12:17:01.325, sellRequestTs=2023-02-08T08:26:47.136, change=0, openPrice=28.1604, sellPrice=28.5320, minPercent=-7.0, stepChange=0, buySpread=0.030, minPrice=28.1604, name=BYD Co. Ltd, reset=false, maxPrice=28.1604, closePrice=28.1604,}"
2023-02-08 18:17:43,827,US0394831020,BUY,-455.68,"{buyPrice=75.9459, quantity=6, buyRequestTs=2023-02-08T18:17:43.818, sellRequestTs=2023-02-07T19:46:06.045, change=0, openPrice=75.9463, sellPrice=0.0, minPercent=-7.0, stepChange=0, buySpread=0.15, minPrice=75.9463, name=Archer Daniels Midland Co., reset=false, maxPrice=75.9463, closePrice=75.9463,}"
2023-02-08 19:05:58,594,US29355A1079,SELL,0.41,"{buyPrice=206.5063, quantity=2, buyRequestTs=2023-02-08T17:17:26.164, sellRequestTs=2023-02-08T16:20:24.513, change=0, openPrice=201.0220, sellPrice=206.7128, minPercent=-7.0, stepChange=0, buySpread=0.5, minPrice=201.0220, name=Enphase Energy Inc, reset=false, maxPrice=201.0220, closePrice=201.0220,}"
2023-02-08 19:07:20,341,US29355A1079,BUY,-405.00,"{buyPrice=202.5023, quantity=2, buyRequestTs=2023-02-08T19:07:20.332, sellRequestTs=2023-02-08T19:05:58.594, change=0, openPrice=201.1660, sellPrice=0.0, minPercent=-7.0, stepChange=0, buySpread=0.8, minPrice=201.1660, name=Enphase Energy Inc, reset=false, maxPrice=201.1660, closePrice=201.1660,}"
2023-02-09 09:16:56,228,DK0061539921,BUY,-483.96,"{buyPrice=28.4684, quantity=17, buyRequestTs=2023-02-09T09:16:56.218, sellRequestTs=2023-01-30T17:11:31.548, change=0, openPrice=28.1078, sellPrice=0.0, stepChange=0, buySpread=0.04, minPrice=28.1078, name=VESTAS WIND SYSTEMS AS, reset=false, maxPrice=28.1078, closePrice=28.1078,}"
2023-02-09 13:22:31,517,US29355A1079,SELL,4.40,"{buyPrice=202.5023, quantity=2.0, buyRequestTs=2023-02-08T19:07:20.332, sellRequestTs=2023-02-08T19:05:58.594, change=0, openPrice=205.6781, sellPrice=204.7000, minPercent=-7.0, stepChange=0, buySpread=0.8, minPrice=205.6781, name=Enphase Energy Inc, reset=false, maxPrice=205.6781, closePrice=205.6781,}"
2023-02-09 17:06:09,628,US29355A1079,BUY,-380.90,"{buyPrice=190.4503, quantity=2, buyRequestTs=2023-02-09T17:06:09.618, sellRequestTs=2023-02-09T13:22:31.517, change=0, openPrice=190.3906, sellPrice=0.0, minPercent=-7.0, stepChange=0, buySpread=1.08, minPrice=190.3906, name=Enphase Energy Inc, reset=false, maxPrice=190.3906, closePrice=190.3906,}"
2023-02-09 18:24:00,805,US0394831020,SELL,0.46,"{buyPrice=75.9459, quantity=6.0, buyRequestTs=2023-02-08T18:17:43.818, sellRequestTs=2023-02-07T19:46:06.045, change=0, openPrice=75.0356, sellPrice=76.0218, minPercent=-7.0, stepChange=0, buySpread=0.15, minPrice=75.0356, name=Archer Daniels Midland Co., reset=false, maxPrice=75.0356, closePrice=75.0356,}"
2023-02-09 18:37:20,904,US0394831020,BUY,-450.03,"{buyPrice=75.0049, quantity=6, buyRequestTs=2023-02-09T18:37:20.895, sellRequestTs=2023-02-09T18:24:00.806, change=0, openPrice=75.0087, sellPrice=0.0, minPercent=-7.0, stepChange=0, buySpread=0.14, minPrice=75.0087, name=Archer Daniels Midland Co., reset=false, maxPrice=75.0087, closePrice=75.0087,}"
2023-02-09 20:35:02,685,DK0061539921,SELL,2.83,"{buyPrice=28.4684, quantity=17, buyRequestTs=2023-02-09T09:16:56.218, sellRequestTs=2023-01-30T17:11:31.548, change=0, openPrice=28.6164, sellPrice=28.6350, stepChange=0, buySpread=0.04, minPrice=28.6164, name=VESTAS WIND SYSTEMS AS, reset=false, maxPrice=28.6164, closePrice=28.6164,}"
2023-02-09 21:35:41,674,CNE100000296,BUY,-584.58,"{buyPrice=29.2292, quantity=20, buyRequestTs=2023-02-09T21:35:41.666, sellRequestTs=2023-02-08T17:42:49.834, change=0, openPrice=29.2315, sellPrice=0.0, minPercent=-7.0, stepChange=0, buySpread=0.095, minPrice=29.2315, name=BYD Co. Ltd, reset=false, maxPrice=29.2315, closePrice=29.2315,}"
2023-02-10 08:22:07,725,CNE100000296,SELL,0.58,"{buyPrice=29.2292, quantity=20.0, buyRequestTs=2023-02-09T21:35:41.666, sellRequestTs=2023-02-08T17:42:49.834, change=0, openPrice=28.8308, sellPrice=29.2584, minPercent=-7.0, stepChange=0, buySpread=0.095, minPrice=28.8308, name=BYD Co. Ltd, reset=false, maxPrice=28.8308, closePrice=28.8308,}"
2023-02-10 08:27:30,685,DE0007037129,BUY,-480.12,"{buyPrice=40.0100, quantity=12, buyRequestTs=2023-02-10T08:27:30.672, sellRequestTs=2023-01-26T09:45:11.035, change=0, openPrice=39.9738, sellPrice=0.0, minPercent=-7.0, stepChange=0, buySpread=0.06, minPrice=39.9738, name=RWE AG, reset=false, maxPrice=39.9738, closePrice=39.9738,}"
2023-02-10 11:26:32,167,US29355A1079,SELL,3.58,"{buyPrice=190.4503, quantity=2.0, buyRequestTs=2023-02-09T17:06:09.618, sellRequestTs=2023-02-09T13:22:31.517, change=0, openPrice=193.7000, sellPrice=192.2400, minPercent=-7.0, stepChange=0, buySpread=1.08, minPrice=193.7000, name=Enphase Energy Inc, reset=false, maxPrice=193.7000, closePrice=193.7000,}"
2023-02-10 13:06:37,009,CNE100000296,BUY,-570.97,"{buyPrice=28.5485, quantity=20, buyRequestTs=2023-02-10T13:06:36.998, sellRequestTs=2023-02-10T08:22:07.729, change=0, openPrice=28.4883, sellPrice=0.0, minPercent=-7.0, stepChange=0, buySpread=0.14, minPrice=28.4883, name=BYD Co. Ltd, reset=false, maxPrice=28.4883, closePrice=28.4883,}"
2023-02-10 16:07:13,182,CA82509L1076,BUY,-1989.03,"{buyPrice=45.2052, quantity=44, buyRequestTs=2023-02-10T16:07:13.173, sellRequestTs=2023-01-26T15:52:15.613, change=0, openPrice=45.3432, sellPrice=0.0, minPercent=-7.0, stepChange=0, buySpread=0.10, minPrice=45.3432, name=SHOPIFY INC., reset=false, maxPrice=45.3432, closePrice=45.3432,}"
2023-02-10 16:07:24,276,US8522341036,BUY,-1953.83,"{buyPrice=69.7797, quantity=28, buyRequestTs=2023-02-10T16:07:24.267, sellRequestTs=2023-02-01T16:58:03.313, change=0, openPrice=69.7735, sellPrice=0.0, minPercent=-7.0, stepChange=0, buySpread=0.11, minPrice=69.7735, name=Block Inc A, reset=false, maxPrice=69.7735, closePrice=69.7735,}"
2023-02-10 17:06:17,024,US30231G1022,BUY,-1987.39,"{buyPrice=110.4103, quantity=18, buyRequestTs=2023-02-10T17:06:17.014, sellRequestTs=2023-01-18T09:18:49.713, change=0, openPrice=109.6367, sellPrice=0.0, stepChange=0, buySpread=0.08, minPrice=109.6367, name=Exxon Mobil Corp, reset=false, maxPrice=109.6367, closePrice=109.6367,}"
2023-02-10 17:15:38,293,US1667641005,BUY,-1937.30,"{buyPrice=161.4413, quantity=12, buyRequestTs=2023-02-10T17:15:38.284, sellRequestTs=2021-08-23T09:33:05.641, change=0, openPrice=160.6286, sellPrice=0.0, stepChange=0, buySpread=0.32, minPrice=160.6286, name=Chevron Corp., reset=false, maxPrice=160.6286, closePrice=160.6286,}"
2023-02-10 17:15:49,693,US75513E1010,BUY,-1963.36,"{buyPrice=93.4934, quantity=21, buyRequestTs=2023-02-10T17:15:49.684, sellRequestTs=2022-12-06T17:22:09.297, change=0, openPrice=93.1948, sellPrice=0.0, stepChange=0, buySpread=0.2, minPrice=93.1948, name=RAYTHEON TECHNOLOGIES CORP., reset=false, maxPrice=93.1948, closePrice=93.1948,}"
2023-02-10 17:58:17,948,CA82509L1076,SELL,1.99,"{buyPrice=45.2052, quantity=44, buyRequestTs=2023-02-10T16:07:13.173, sellRequestTs=2023-01-26T15:52:15.613, change=0, openPrice=44.7582, sellPrice=45.2504, minPercent=-7.0, stepChange=0, buySpread=0.10, minPrice=44.7582, name=SHOPIFY INC., reset=false, maxPrice=44.7582, closePrice=44.7582,}"
2023-02-10 21:47:16,009,US8725901040,BUY,-404.74,"{buyPrice=134.9148, quantity=3, buyRequestTs=2023-02-10T21:47:16, sellRequestTs=2023-02-01T14:01:58.378, change=0, openPrice=134.4230, sellPrice=0.0, stepChange=0, buySpread=0.18, minPrice=134.4230, name=T-Mobile US Inc, reset=false, maxPrice=134.4230, closePrice=134.4230,}"
2023-02-13 08:15:13,676,US30231G1022,SELL,1.99,"{buyPrice=110.4103, quantity=18.0, buyRequestTs=2023-02-10T17:06:17.014, sellRequestTs=2023-01-18T09:18:49.713, change=0, openPrice=111.0015, sellPrice=110.5207, stepChange=0, buySpread=0.08, minPrice=111.0015, name=Exxon Mobil Corp, reset=false, maxPrice=111.0015, closePrice=111.0015,}"
2023-02-13 09:41:27,328,US0394831020,SELL,7.71,"{buyPrice=75.0049, quantity=6.0, buyRequestTs=2023-02-09T18:37:20.895, sellRequestTs=2023-02-09T18:24:00.806, change=0, openPrice=76.2727, sellPrice=76.2900, minPercent=-7.0, stepChange=0, buySpread=0.14, minPrice=76.2727, name=Archer Daniels Midland Co., reset=false, maxPrice=76.2727, closePrice=76.2727,}"
2023-02-13 13:16:28,837,CA82509L1076,BUY,-1966.85,"{buyPrice=45.7407, quantity=43, buyRequestTs=2023-02-13T13:16:28.824, sellRequestTs=2023-02-10T17:58:17.948, change=0, openPrice=45.2510, sellPrice=0.0, minPercent=-7.0, stepChange=0, buySpread=0.335, minPrice=45.2510, name=SHOPIFY INC., reset=false, maxPrice=45.2510, closePrice=45.2510,}"
2023-02-13 15:46:46,971,US29355A1079,BUY,-397.60,"{buyPrice=198.7986, quantity=2, buyRequestTs=2023-02-13T15:46:46.957, sellRequestTs=2023-02-10T11:26:32.167, change=0, openPrice=197.7267, sellPrice=0.0, minPercent=-7.0, stepChange=0, buySpread=0.74, minPrice=197.7267, name=Enphase Energy Inc, reset=false, maxPrice=197.7267, closePrice=197.7267,}"
2023-02-13 18:06:08,119,US0079031078,BUY,-1940.19,"{buyPrice=77.6075, quantity=25, buyRequestTs=2023-02-13T18:06:08.110, sellRequestTs=2023-02-02T10:02:08.828, change=0, openPrice=77.0788, sellPrice=0.0, stepChange=0, buySpread=0.14, minPrice=77.0788, name=Advanced Micro Devices Inc, reset=false, maxPrice=77.0788, closePrice=77.0788,}"
2023-02-13 20:47:25,742,US8522341036,SELL,43.97,"{buyPrice=69.7797, quantity=28.0, buyRequestTs=2023-02-10T16:07:24.267, sellRequestTs=2023-02-01T16:58:03.313, change=0, openPrice=71.6756, sellPrice=71.3500, minPercent=-7.0, stepChange=0, buySpread=0.11, minPrice=71.6756, name=Block Inc A, reset=false, maxPrice=71.6756, closePrice=71.6756,}"
2023-02-14 08:40:25,347,US1667641005,SELL,1.94,"{buyPrice=161.4413, quantity=12.0, buyRequestTs=2023-02-10T17:15:38.284, sellRequestTs=2021-08-23T09:33:05.641, change=0, openPrice=158.6534, sellPrice=161.6027, stepChange=0, buySpread=0.32, minPrice=158.6534, name=Chevron Corp., reset=false, maxPrice=158.6534, closePrice=158.6534,}"
2023-02-14 13:47:52,917,US29355A1079,SELL,0.40,"{buyPrice=198.7986, quantity=2.0, buyRequestTs=2023-02-13T15:46:46.957, sellRequestTs=2023-02-10T11:26:32.167, change=0, openPrice=195.0007, sellPrice=198.9974, minPercent=-7.0, stepChange=0, buySpread=0.74, minPrice=195.0007, name=Enphase Energy Inc, reset=false, maxPrice=195.0007, closePrice=195.0007,}"
2023-02-14 16:40:48,377,CA82509L1076,SELL,1.97,"{buyPrice=45.7407, quantity=43.0, buyRequestTs=2023-02-13T13:16:28.824, sellRequestTs=2023-02-10T17:58:17.948, change=0, openPrice=46.4779, sellPrice=45.7864, minPercent=-7.0, stepChange=0, buySpread=0.335, minPrice=46.4779, name=SHOPIFY INC., reset=false, maxPrice=46.4779, closePrice=46.4779,}"
2023-02-14 16:46:13,429,US0404131064,SELL,13.24,"{buyPrice=125.9859, quantity=3.0, buyRequestTs=2023-02-08T14:05:51.621, sellRequestTs=2022-10-17T16:53:48.166, change=0, openPrice=131.1195, sellPrice=130.4000, minPercent=-7.0, stepChange=0, buySpread=1.2, minPrice=131.1195, name=Arista Networks Inc, reset=false, maxPrice=131.1195, closePrice=131.1195,}"
2023-02-14 16:54:17,826,US0079031078,SELL,19.81,"{buyPrice=77.6075, quantity=25.0, buyRequestTs=2023-02-13T18:06:08.110, sellRequestTs=2023-02-02T10:02:08.828, change=0, openPrice=79.1977, sellPrice=78.4000, stepChange=0, buySpread=0.14, minPrice=79.1977, name=Advanced Micro Devices Inc, reset=false, maxPrice=79.1977, closePrice=79.1977,}"
2023-02-14 17:06:22,583,US0970231058,BUY,-1826.58,"{buyPrice=202.9528, quantity=9, buyRequestTs=2023-02-14T17:06:22.574, sellRequestTs=2023-02-01T18:37:52.512, change=0, openPrice=202.9977, sellPrice=0.0, stepChange=0, buySpread=0.20, minPrice=202.9977, name=Boeing Co, reset=false, maxPrice=202.9977, closePrice=202.9977,}"
2023-02-14 17:06:33,674,US5398301094,BUY,-1799.60,"{buyPrice=449.8995, quantity=4, buyRequestTs=2023-02-14T17:06:33.664, sellRequestTs=2023-02-06T20:22:40.450, change=0, openPrice=447.5535, sellPrice=0.0, stepChange=0, buySpread=0.55, minPrice=447.5535, name=Lockheed Martin Corp, reset=false, maxPrice=447.5535, closePrice=447.5535,}"
2023-02-14 17:17:25,994,US60770K1079,BUY,-1776.51,"{buyPrice=161.5013, quantity=11, sellRequestTs=2023-01-18T17:15:37.493, buyRequestTs=2023-02-14T17:17:25.983, change=0, openPrice=160.4787, sellPrice=0.0, minPercent=-7.0, stepChange=0, buySpread=0.30, minPrice=160.4787, name=Moderna Inc, reset=false, maxPrice=160.4787, closePrice=160.4787,}"
2023-02-14 17:17:38,197,US29355A1079,BUY,-385.71,"{buyPrice=192.8527, quantity=2, buyRequestTs=2023-02-14T17:17:38.189, sellRequestTs=2023-02-14T13:47:52.917, change=0, openPrice=188.6662, sellPrice=0.0, minPercent=-7.0, stepChange=0, buySpread=0.90, minPrice=188.6662, name=Enphase Energy Inc, reset=false, maxPrice=188.6662, closePrice=188.6662,}"
2023-02-14 17:58:19,974,DE0007037129,SELL,0.48,"{buyPrice=40.01, quantity=12.0, buyRequestTs=2023-02-10T08:27:30.672, sellRequestTs=2023-01-26T09:45:11.035, change=0, openPrice=39.5054, sellPrice=40.0500, minPercent=-7.0, stepChange=0, buySpread=0.06, minPrice=39.5054, name=RWE AG, reset=false, maxPrice=39.5054, closePrice=39.5054,}"
2023-02-14 18:06:30,720,US0394831020,BUY,-457.54,"{buyPrice=76.2562, quantity=6, buyRequestTs=2023-02-14T18:06:30.655, sellRequestTs=2023-02-13T09:41:27.328, change=0, openPrice=75.9945, sellPrice=0.0, minPercent=-7.0, stepChange=0, buySpread=0.17, minPrice=75.9945, name=Archer Daniels Midland Co., reset=false, maxPrice=75.9945, closePrice=75.9945,}"
2023-02-14 21:56:02,447,CA82509L1076,BUY,-1965.68,"{buyPrice=46.8018, quantity=42, buyRequestTs=2023-02-14T21:56:02.438, sellRequestTs=2023-02-14T16:40:48.377, change=0, openPrice=46.4394, sellPrice=0.0, minPercent=-7.0, stepChange=0, buySpread=0.105, minPrice=46.4394, name=SHOPIFY INC., reset=false, maxPrice=46.4394, closePrice=46.4394,}"
2023-02-14 21:57:25,027,US0079031078,BUY,-1926.24,"{buyPrice=80.2602, quantity=24, buyRequestTs=2023-02-14T21:57:25.018, sellRequestTs=2023-02-14T16:54:17.826, change=0, openPrice=79.8729, sellPrice=0.0, stepChange=0, buySpread=0.12, minPrice=79.8729, name=Advanced Micro Devices Inc, reset=false, maxPrice=79.8729, closePrice=79.8729,}"
2023-02-15 08:27:37,385,CNE100000296,SELL,0.57,"{buyPrice=28.5485, quantity=20.0, buyRequestTs=2023-02-10T13:06:36.998, sellRequestTs=2023-02-10T08:22:07.729, change=0, openPrice=27.8468, sellPrice=28.5770, minPercent=-7.0, stepChange=0, buySpread=0.14, minPrice=27.8468, name=BYD Co. Ltd, reset=false, maxPrice=27.8468, closePrice=27.8468,}"
2023-02-15 08:27:48,601,US29355A1079,SELL,0.39,"{buyPrice=192.8527, quantity=2.0, buyRequestTs=2023-02-14T17:17:38.189, sellRequestTs=2023-02-14T13:47:52.917, change=0, openPrice=192.0400, sellPrice=193.0456, minPercent=-7.0, stepChange=0, buySpread=0.9, minPrice=192.0400, name=Enphase Energy Inc, reset=false, maxPrice=192.0400, closePrice=192.0400,}"
2023-02-15 08:29:12,655,CNE100000296,BUY,-560.16,"{buyPrice=28.0080, quantity=20, buyRequestTs=2023-02-15T08:29:12.645, sellRequestTs=2023-02-15T08:27:37.387, change=0, openPrice=27.8372, sellPrice=0.0, minPercent=-7.0, stepChange=0, buySpread=0.105, minPrice=27.8372, name=BYD Co. Ltd, reset=false, maxPrice=27.8372, closePrice=27.8372,}"
2023-02-15 09:32:32,918,US0079031078,SELL,1.93,"{buyPrice=80.2602, quantity=24.0, buyRequestTs=2023-02-14T21:57:25.018, sellRequestTs=2023-02-14T16:54:17.826, change=0, openPrice=78.8545, sellPrice=80.3405, stepChange=0, buySpread=0.12, minPrice=78.8545, name=Advanced Micro Devices Inc, reset=false, maxPrice=78.8545, closePrice=78.8545,}"
2023-02-15 09:33:54,178,US60770K1079,SELL,5.71,"{buyPrice=161.5013, quantity=11.0, sellRequestTs=2023-01-18T17:15:37.493, buyRequestTs=2023-02-14T17:17:25.983, change=0, openPrice=162.0200, sellPrice=162.0200, minPercent=-7.0, stepChange=0, buySpread=0.3, minPrice=162.0200, name=Moderna Inc, reset=false, maxPrice=162.0200, closePrice=162.0200,}"
2023-02-15 14:27:20,903,US8725901040,SELL,5.06,"{buyPrice=134.9148, quantity=3.0, buyRequestTs=2023-02-10T21:47:16, sellRequestTs=2023-02-01T14:01:58.378, change=0, openPrice=136.0201, sellPrice=136.6000, stepChange=0, buySpread=0.18, minPrice=136.0201, name=T-Mobile US Inc, reset=false, maxPrice=136.0201, closePrice=136.0201,}"
2023-02-15 14:46:08,161,US09075V1026,BUY,-1476.58,"{buyPrice=134.2341, quantity=11, buyRequestTs=2023-02-15T14:46:08.151, sellRequestTs=2022-11-28T20:20:42.895, change=0, openPrice=133.5397, sellPrice=0.0, minPercent=-7.0, stepChange=0, buySpread=0.45, minPrice=133.5397, name=BIONTECH SE, reset=false, maxPrice=133.5397, closePrice=133.5397,}"
2023-02-15 14:46:19,365,US60770K1079,BUY,-1794.79,"{buyPrice=163.1630, quantity=11, sellRequestTs=2023-02-15T09:33:54.178, buyRequestTs=2023-02-15T14:46:19.357, change=0, openPrice=162.4157, sellPrice=0.0, minPercent=-7.0, stepChange=0, buySpread=0.64, minPrice=162.4157, name=Moderna Inc, reset=false, maxPrice=162.4157, closePrice=162.4157,}"
2023-02-15 15:18:44,396,US60770K1079,BUY,-1804.26,"{buyPrice=164.0239, quantity=11, sellRequestTs=2023-02-15T09:33:54.178, buyRequestTs=2023-02-15T15:18:44.387, change=0, openPrice=162.9479, sellPrice=0.0, minPercent=-7.0, stepChange=0, buySpread=0.62, minPrice=162.9479, name=Moderna Inc, reset=false, maxPrice=162.9479, closePrice=162.9479,}"
2023-02-15 15:37:42,619,CA82509L1076,SELL,34.78,"{buyPrice=46.8018, quantity=42.0, buyRequestTs=2023-02-14T21:56:02.438, sellRequestTs=2023-02-14T16:40:48.377, change=0, openPrice=48.0002, sellPrice=47.6300, minPercent=-7.0, stepChange=0, buySpread=0.105, minPrice=48.0002, name=SHOPIFY INC., reset=false, maxPrice=48.0002, closePrice=48.0002,}"
2023-02-15 15:39:04,372,CA82509L1076,BUY,-1999.73,"{buyPrice=47.6126, quantity=42, buyRequestTs=2023-02-15T15:39:04.362, sellRequestTs=2023-02-15T15:37:42.619, change=0, openPrice=47.9821, sellPrice=0.0, minPercent=-7.0, stepChange=0, buySpread=0.115, minPrice=47.9821, name=SHOPIFY INC., reset=false, maxPrice=47.9821, closePrice=47.9821,}"
2023-02-15 15:47:14,649,US65339F1012,BUY,-574.89,"{buyPrice=71.8618, quantity=8, buyRequestTs=2023-02-15T15:47:14.641, sellRequestTs=2022-11-17T15:34:35.962, change=0, openPrice=71.1144, sellPrice=0.0, stepChange=0, buySpread=0.13, minPrice=71.1144, name=NEXTERA ENERGY INC., reset=false, maxPrice=71.1144, closePrice=71.1144,}"
2023-02-15 15:47:25,981,US69608A1088,BUY,-1996.89,"{buyPrice=8.9950, quantity=222, buyRequestTs=2023-02-15T15:47:25.973, sellRequestTs=2023-02-06T16:22:34.496, change=0, openPrice=8.6049, sellPrice=0.0, minPercent=-7.0, stepChange=0, buySpread=0.020, minPrice=8.6049, name=Palantir Technologies Inc, reset=false, maxPrice=8.6049, closePrice=8.6049,}"
2023-02-15 16:06:34,002,CA82509L1076,SELL,2.00,"{buyPrice=47.6126, quantity=42, buyRequestTs=2023-02-15T15:39:04.362, sellRequestTs=2023-02-15T15:37:42.619, change=0, openPrice=47.3714, sellPrice=47.6602, minPercent=-7.0, stepChange=0, buySpread=0.115, minPrice=47.3714, name=SHOPIFY INC., reset=false, maxPrice=47.3714, closePrice=47.3714,}"
2023-02-15 16:06:45,119,US69608A1088,SELL,2.00,"{buyPrice=8.9950, quantity=222, buyRequestTs=2023-02-15T15:47:25.973, sellRequestTs=2023-02-06T16:22:34.496, change=0, openPrice=8.8528, sellPrice=9.0040, minPercent=-7.0, stepChange=0, buySpread=0.020, minPrice=8.8528, name=Palantir Technologies Inc, reset=false, maxPrice=8.8528, closePrice=8.8528,}"
2023-02-15 16:08:09,247,US69608A1088,BUY,-1998.01,"{buyPrice=8.8018, quantity=227, buyRequestTs=2023-02-15T16:08:09.235, sellRequestTs=2023-02-15T16:06:45.119, change=0, openPrice=8.9015, sellPrice=0.0, minPercent=-7.0, stepChange=0, buySpread=0.021, minPrice=8.9015, name=Palantir Technologies Inc, reset=false, maxPrice=8.9015, closePrice=8.9015,}"
2023-02-15 18:42:18,121,US69608A1088,SELL,127.62,"{buyPrice=8.8018, quantity=227, buyRequestTs=2023-02-15T16:08:09.235, sellRequestTs=2023-02-15T16:06:45.119, change=0, openPrice=9.2625, sellPrice=9.3640, minPercent=-7.0, stepChange=0, buySpread=0.021, minPrice=9.2625, name=Palantir Technologies Inc, reset=false, maxPrice=9.2625, closePrice=9.2625,}"
2023-02-16 08:13:41,964,CNE100000296,SELL,0.56,"{buyPrice=28.008, quantity=20.0, buyRequestTs=2023-02-15T08:29:12.645, sellRequestTs=2023-02-15T08:27:37.387, change=0, openPrice=28.3077, sellPrice=28.0360, minPercent=-7.0, stepChange=0, buySpread=0.105, minPrice=28.3077, name=BYD Co. Ltd, reset=false, maxPrice=28.3077, closePrice=28.3077,}"
2023-02-16 08:56:42,373,CNE100000296,BUY,-559.26,"{buyPrice=27.9629, quantity=20, buyRequestTs=2023-02-16T08:56:42.325, sellRequestTs=2023-02-16T08:13:41.966, change=0, openPrice=27.8406, sellPrice=0.0, minPercent=-7.0, stepChange=0, buySpread=0.115, minPrice=27.8406, name=BYD Co. Ltd, reset=false, maxPrice=27.8406, closePrice=27.8406,}"
2023-02-16 09:17:09,565,DE0005140008,BUY,-1169.97,"{buyPrice=11.6997, quantity=100, buyRequestTs=2023-02-16T09:17:09.534, sellRequestTs=2022-03-11T13:49:26.835, change=0, openPrice=11.5697, sellPrice=0.0, minPercent=-7.0, stepChange=0, buySpread=0.004, minPrice=11.5697, name=Deutsche Bank AG, reset=false, maxPrice=11.5697, closePrice=11.5697,}"
2023-02-16 15:25:47,998,DE000ENAG999,BUY,-499.50,"{buyPrice=9.9900, quantity=50, buyRequestTs=2023-02-16T15:25:47.986, sellRequestTs=2023-02-06T10:19:06.199, change=0, openPrice=10.0015, sellPrice=0.0, minPercent=-7.0, stepChange=0, buySpread=0.004, minPrice=10.0015, name=E.ON SE, reset=false, maxPrice=10.0015, closePrice=10.0015,}"
2023-02-16 15:34:22,054,US09075V1026,SELL,22.72,"{buyPrice=134.2341, quantity=11.0, buyRequestTs=2023-02-15T14:46:08.151, sellRequestTs=2022-11-28T20:20:42.895, change=0, openPrice=136.8224, sellPrice=136.3000, minPercent=-7.0, stepChange=0, buySpread=0.45, minPrice=136.8224, name=BIONTECH SE, reset=false, maxPrice=136.8224, closePrice=136.8224,}"
2023-02-16 15:35:45,612,DE0007037129,BUY,-469.19,"{buyPrice=39.0991, quantity=12, buyRequestTs=2023-02-16T15:35:45.567, sellRequestTs=2023-02-14T17:58:19.974, change=0, openPrice=39.1251, sellPrice=0.0, minPercent=-7.0, stepChange=0, buySpread=0.01, minPrice=39.1251, name=RWE AG, reset=false, maxPrice=39.1251, closePrice=39.1251,}"
2023-02-16 15:57:29,895,US4781601046,SELL,1.96,"{buyPrice=150.8107, quantity=13.0, buyRequestTs=2023-02-01T18:04:52.782, sellRequestTs=2023-01-24T17:29:06.062, change=0, minPercentForce=-4.0, openPrice=148.6180, sellPrice=150.9615, stepChange=0, buySpread=0.22, minPrice=148.6180, name=Johnson & Johnson, reset=false, maxPrice=148.6180, closePrice=148.6180,}"
2023-02-16 16:01:34,713,US5398301094,SELL,1.80,"{buyPrice=449.8995, quantity=4.0, buyRequestTs=2023-02-14T17:06:33.664, sellRequestTs=2023-02-06T20:22:40.450, change=0, openPrice=442.3398, sellPrice=450.3494, stepChange=0, buySpread=0.55, minPrice=442.3398, name=Lockheed Martin Corp, reset=false, maxPrice=442.3398, closePrice=442.3398,}"
2023-02-16 17:07:31,264,US69608A1088,BUY,-1996.05,"{buyPrice=9.5505, quantity=209, buyRequestTs=2023-02-16T17:07:31.243, sellRequestTs=2023-02-15T18:42:18.121, change=0, openPrice=9.4985, sellPrice=0.0, minPercent=-7.0, stepChange=0, buySpread=0.022, minPrice=9.4985, name=Palantir Technologies Inc, reset=false, maxPrice=9.4985, closePrice=9.4985,}"
2023-02-16 17:55:41,809,US17275R1023,BUY,-479.88,"{buyPrice=47.9879, quantity=10, buyRequestTs=2023-02-16T17:55:41.801, sellRequestTs=2022-02-17T14:59:44.235, change=0, openPrice=47.7718, sellPrice=0.0, stepChange=0, buySpread=0.03, minPrice=47.7718, name=Cisco Systems Inc, reset=false, maxPrice=47.7718, closePrice=47.7718,}"
2023-02-16 18:34:22,904,US69608A1088,SELL,2.01,"{buyPrice=9.5505, quantity=209, buyRequestTs=2023-02-16T17:07:31.243, sellRequestTs=2023-02-15T18:42:18.121, change=0, openPrice=9.3649, sellPrice=9.5601, minPercent=-7.0, stepChange=0, buySpread=0.022, minPrice=9.3649, name=Palantir Technologies Inc, reset=false, maxPrice=9.3649, closePrice=9.3649,}"
2023-02-16 21:03:55,764,US0970231058,SELL,1.83,"{buyPrice=202.9528, quantity=9.0, buyRequestTs=2023-02-14T17:06:22.574, sellRequestTs=2023-02-01T18:37:52.512, change=0, openPrice=200.7499, sellPrice=203.1558, stepChange=0, buySpread=0.2, minPrice=200.7499, name=Boeing Co, reset=false, maxPrice=200.7499, closePrice=200.7499,}"
2023-02-17 08:01:59,751,US60770K1079,SELL,1.80,"{buyPrice=164.0239, quantity=11.0, sellRequestTs=2023-02-15T09:33:54.178, buyRequestTs=2023-02-15T15:18:44.387, change=0, openPrice=160.8557, sellPrice=164.1879, minPercent=-7.0, stepChange=0, buySpread=0.62, minPrice=160.8557, name=Moderna Inc, reset=false, maxPrice=160.8557, closePrice=160.8557,}"
2023-02-17 08:02:11,171,DE0005552004,BUY,-480.48,"{buyPrice=40.0400, quantity=12, buyRequestTs=2023-02-17T08:02:11.154, sellRequestTs=2023-02-01T10:24:45.993, change=0, openPrice=40.9508, sellPrice=0.0, minPercent=-7.0, stepChange=0, buySpread=0.5, minPrice=40.9508, name=DEUTSCHE POST AG, reset=false, maxPrice=40.9508, closePrice=40.9508,}"
2023-02-17 08:27:56,079,DE0005552004,SELL,0.48,"{buyPrice=40.0400, quantity=12, buyRequestTs=2023-02-17T08:02:11.154, sellRequestTs=2023-02-01T10:24:45.993, change=0, openPrice=39.6969, sellPrice=40.0800, minPercent=-7.0, stepChange=0, buySpread=0.5, minPrice=39.6969, name=DEUTSCHE POST AG, reset=false, maxPrice=39.6969, closePrice=39.6969,}"
2023-02-17 08:29:16,386,CNE100000296,SELL,0.56,"{buyPrice=27.9629, quantity=20.0, buyRequestTs=2023-02-16T08:56:42.325, sellRequestTs=2023-02-16T08:13:41.966, change=0, openPrice=27.4466, sellPrice=27.9909, minPercent=-7.0, stepChange=0, buySpread=0.115, minPrice=27.4466, name=BYD Co. Ltd, reset=false, maxPrice=27.4466, closePrice=27.4466,}"
2023-02-17 08:37:17,899,CNE100000296,BUY,-551.45,"{buyPrice=27.5725, quantity=20, buyRequestTs=2023-02-17T08:37:17.890, sellRequestTs=2023-02-17T08:29:16.386, change=0, openPrice=27.4037, sellPrice=0.0, minPercent=-7.0, stepChange=0, buySpread=0.100, minPrice=27.4037, name=BYD Co. Ltd, reset=false, maxPrice=27.4037, closePrice=27.4037,}"
2023-02-17 11:30:33,810,DE0005140008,SELL,23.43,"{buyPrice=11.6997, quantity=100.0, buyRequestTs=2023-02-16T09:17:09.534, sellRequestTs=2022-03-11T13:49:26.835, change=0, openPrice=11.9432, sellPrice=11.9340, minPercent=-7.0, stepChange=0, buySpread=0.004, minPrice=11.9432, name=Deutsche Bank AG, reset=false, maxPrice=11.9432, closePrice=11.9432,}"
2023-02-17 11:35:52,537,DE0005140008,BUY,-1191.39,"{buyPrice=11.9139, quantity=100, buyRequestTs=2023-02-17T11:35:52.528, sellRequestTs=2023-02-17T11:30:33.810, change=0, openPrice=11.9392, sellPrice=0.0, minPercent=-7.0, stepChange=0, buySpread=0.002, minPrice=11.9392, name=Deutsche Bank AG, reset=false, maxPrice=11.9392, closePrice=11.9392,}"
2023-02-17 12:52:05,732,DE0005140008,SELL,1.19,"{buyPrice=11.9139, quantity=100, buyRequestTs=2023-02-17T11:35:52.528, sellRequestTs=2023-02-17T11:30:33.810, change=0, openPrice=11.8161, sellPrice=11.9258, minPercent=-7.0, stepChange=0, buySpread=0.002, minPrice=11.8161, name=Deutsche Bank AG, reset=false, maxPrice=11.8161, closePrice=11.8161,}"
2023-02-17 17:07:21,338,US8725901040,BUY,-416.82,"{buyPrice=138.9388, quantity=3, buyRequestTs=2023-02-17T17:07:21.326, sellRequestTs=2023-02-15T14:27:20.903, change=0, openPrice=138.8036, sellPrice=0.0, stepChange=0, buySpread=0.2, minPrice=138.8036, name=T-Mobile US Inc, reset=false, maxPrice=138.8036, closePrice=138.8036,}"
2023-02-17 17:26:11,314,US2441991054,BUY,-401.45,"{buyPrice=401.4511, quantity=1, buyRequestTs=2023-02-17T17:26:11.306, change=0, openPrice=400.9332, sellPrice=0.0, minPercent=-7.0, stepChange=0, buySpread=1.40, minPrice=400.9332, name=DEERE & CO., reset=false, maxPrice=400.9332, closePrice=400.9332,}"
2023-02-20 09:47:06,969,US30303M1027,BUY,-1992.79,"{buyPrice=166.0659, quantity=12, buyRequestTs=2023-02-20T09:47:06.956, sellRequestTs=2023-01-30T09:27:49.487, change=0, openPrice=165.0262, sellPrice=0.0, stepChange=0, buySpread=0.32, minPrice=165.0262, name=Meta Platforms Inc A, reset=false, maxPrice=165.0262, closePrice=165.0262,}"
2023-02-20 12:07:01,549,DE0005140008,BUY,-1171.57,"{buyPrice=11.7157, quantity=100, buyRequestTs=2023-02-20T12:07:01.540, sellRequestTs=2023-02-17T12:52:05.732, change=0, openPrice=11.7454, sellPrice=0.0, minPercent=-7.0, stepChange=0, buySpread=0.002, minPrice=11.7454, name=Deutsche Bank AG, reset=false, maxPrice=11.7454, closePrice=11.7454,}"
2023-02-20 15:53:47,402,DE0005140008,SELL,1.17,"{buyPrice=11.7157, quantity=100, buyRequestTs=2023-02-20T12:07:01.540, sellRequestTs=2023-02-17T12:52:05.732, change=0, openPrice=11.6206, sellPrice=11.7274, minPercent=-7.0, stepChange=0, buySpread=0.002, minPrice=11.6206, name=Deutsche Bank AG, reset=false, maxPrice=11.6206, closePrice=11.6206,}"
2023-02-20 15:55:08,624,DE0005140008,BUY,-1160.56,"{buyPrice=11.6056, quantity=100, buyRequestTs=2023-02-20T15:55:08.616, sellRequestTs=2023-02-20T15:53:47.402, change=0, openPrice=11.6196, sellPrice=0.0, minPercent=-7.0, stepChange=0, buySpread=0.002, minPrice=11.6196, name=Deutsche Bank AG, reset=false, maxPrice=11.6196, closePrice=11.6196,}"
2023-02-21 09:34:59,008,US17275R1023,SELL,0.48,"{buyPrice=47.9879, quantity=10.0, buyRequestTs=2023-02-16T17:55:41.801, sellRequestTs=2022-02-17T14:59:44.235, change=0, openPrice=47.2596, sellPrice=48.0359, stepChange=0, buySpread=0.03, minPrice=47.2596, name=Cisco Systems Inc, reset=false, maxPrice=47.2596, closePrice=47.2596,}"
2023-02-21 10:13:56,067,DE0005140008,SELL,1.16,"{buyPrice=11.6056, quantity=100.0, buyRequestTs=2023-02-20T15:55:08.616, sellRequestTs=2023-02-20T15:53:47.402, change=0, openPrice=11.4962, sellPrice=11.6172, minPercent=-7.0, stepChange=0, buySpread=0.002, minPrice=11.4962, name=Deutsche Bank AG, reset=false, maxPrice=11.4962, closePrice=11.4962,}"
2023-02-21 10:15:16,893,DE0005140008,BUY,-1151.35,"{buyPrice=11.5135, quantity=100, buyRequestTs=2023-02-21T10:15:16.884, sellRequestTs=2023-02-21T10:13:56.067, change=0, openPrice=11.4963, sellPrice=0.0, minPercent=-7.0, stepChange=0, buySpread=0.002, minPrice=11.4963, name=Deutsche Bank AG, reset=false, maxPrice=11.4963, closePrice=11.4963,}"
2023-02-21 10:35:43,473,CNE100000296,SELL,0.55,"{buyPrice=27.5725, quantity=20.0, buyRequestTs=2023-02-17T08:37:17.890, sellRequestTs=2023-02-17T08:29:16.386, change=0, openPrice=27.0281, sellPrice=27.6001, minPercent=-7.0, stepChange=0, buySpread=0.1, minPrice=27.0281, name=BYD Co. Ltd, reset=false, maxPrice=27.0281, closePrice=27.0281,}"
2023-02-21 15:22:55,463,DE000ENAG999,SELL,13.00,"{buyPrice=9.99, quantity=50.0, buyRequestTs=2023-02-16T15:25:47.986, sellRequestTs=2023-02-06T10:19:06.199, change=0, openPrice=10.2507, sellPrice=10.2500, minPercent=-7.0, stepChange=0, buySpread=0.004, minPrice=10.2507, name=E.ON SE, reset=false, maxPrice=10.2507, closePrice=10.2507,}"
2023-02-21 15:55:13,391,DE0007037129,SELL,15.61,"{buyPrice=39.0991, quantity=12.0, buyRequestTs=2023-02-16T15:35:45.567, sellRequestTs=2023-02-14T17:58:19.974, change=0, openPrice=40.3957, sellPrice=40.4000, minPercent=-7.0, stepChange=0, buySpread=0.01, minPrice=40.3957, name=RWE AG, reset=false, maxPrice=40.3957, closePrice=40.3957,}"
2023-02-21 16:00:39,399,US65339F1012,SELL,0.58,"{buyPrice=71.8618, quantity=8.0, buyRequestTs=2023-02-15T15:47:14.641, sellRequestTs=2022-11-17T15:34:35.962, change=0, openPrice=70.2679, sellPrice=71.9337, stepChange=0, buySpread=0.13, minPrice=70.2679, name=NEXTERA ENERGY INC., reset=false, maxPrice=70.2679, closePrice=70.2679,}"
2023-02-21 16:04:40,097,US75513E1010,SELL,31.64,"{buyPrice=93.4934, quantity=21.0, buyRequestTs=2023-02-10T17:15:49.684, sellRequestTs=2022-12-06T17:22:09.297, change=0, openPrice=95.2635, sellPrice=95.0000, stepChange=0, buySpread=0.2, minPrice=95.2635, name=RAYTHEON TECHNOLOGIES CORP., reset=false, maxPrice=95.2635, closePrice=95.2635,}"
2023-02-21 16:07:21,229,US29355A1079,BUY,-388.31,"{buyPrice=194.1540, quantity=2, buyRequestTs=2023-02-21T16:07:21.181, sellRequestTs=2023-02-15T08:27:48.602, change=0, openPrice=191.5291, sellPrice=0.0, minPercent=-7.0, stepChange=0, buySpread=1.18, minPrice=191.5291, name=Enphase Energy Inc, reset=false, maxPrice=191.5291, closePrice=191.5291,}"
2023-02-21 16:36:43,383,US8725901040,SELL,0.42,"{buyPrice=138.9388, quantity=3.0, buyRequestTs=2023-02-17T17:07:21.326, sellRequestTs=2023-02-15T14:27:20.903, change=0, openPrice=137.2064, sellPrice=139.0777, stepChange=0, buySpread=0.2, minPrice=137.2064, name=T-Mobile US Inc, reset=false, maxPrice=137.2064, closePrice=137.2064,}"
2023-02-21 16:39:23,776,US30303M1027,SELL,1.99,"{buyPrice=166.0659, quantity=12.0, buyRequestTs=2023-02-20T09:47:06.956, sellRequestTs=2023-01-30T09:27:49.487, change=0, openPrice=162.9670, sellPrice=166.2320, stepChange=0, buySpread=0.32, minPrice=162.9670, name=Meta Platforms Inc A, reset=false, maxPrice=162.9670, closePrice=162.9670,}"
2023-02-22 08:24:25,595,JP3633400001,SELL,0.49,"{buyPrice=13.5375, quantity=36.0, buyRequestTs=2023-01-25T21:17:01.449, sellRequestTs=2023-01-17T13:49:24.948, change=0, openPrice=12.9845, sellPrice=13.5510, stepChange=0, buySpread=0.176, minPrice=12.9845, name=Toyota Motor Corp, reset=false, maxPrice=12.9845, closePrice=12.9845,}"
2023-02-22 08:50:44,693,US29355A1079,SELL,0.39,"{buyPrice=194.154, quantity=2.0, buyRequestTs=2023-02-21T16:07:21.181, sellRequestTs=2023-02-15T08:27:48.602, change=0, openPrice=188.1775, sellPrice=194.3482, minPercent=-7.0, stepChange=0, buySpread=1.18, minPrice=188.1775, name=Enphase Energy Inc, reset=false, maxPrice=188.1775, closePrice=188.1775,}"
2023-02-22 10:56:02,870,DE0005140008,SELL,1.15,"{buyPrice=11.5135, quantity=100.0, buyRequestTs=2023-02-21T10:15:16.884, sellRequestTs=2023-02-21T10:13:56.067, change=0, openPrice=11.3782, sellPrice=11.5250, minPercent=-7.0, stepChange=0, buySpread=0.002, minPrice=11.3782, name=Deutsche Bank AG, reset=false, maxPrice=11.3782, closePrice=11.3782,}"
2023-02-22 15:35:58,365,US29355A1079,BUY,-382.62,"{buyPrice=191.3111, quantity=2, buyRequestTs=2023-02-22T15:35:58.356, sellRequestTs=2023-02-22T08:50:44.693, change=0, openPrice=189.1944, sellPrice=0.0, minPercent=-7.0, stepChange=0, buySpread=1.32, minPrice=189.1944, name=Enphase Energy Inc, reset=false, maxPrice=189.1944, closePrice=189.1944,}"
2023-02-23 09:56:43,398,US70450Y1038,BUY,-499.88,"{buyPrice=71.4113, quantity=7, buyRequestTs=2023-02-23T09:56:43.387, sellRequestTs=2023-02-03T19:16:48.932, change=0, openPrice=71.4095, sellPrice=0.0, stepChange=0, buySpread=0.04, minPrice=71.4095, name=PayPal Hldgs. Inc, reset=false, maxPrice=71.4095, closePrice=71.4095,}"
2023-02-23 09:56:54,625,NO0010096985,BUY,-494.51,"{buyPrice=29.0891, quantity=17, buyRequestTs=2023-02-23T09:56:54.616, sellRequestTs=2023-01-27T17:13:45.124, change=0, openPrice=29.0060, sellPrice=0.0, minPercent=-7.0, stepChange=0, buySpread=0.06, minPrice=29.0060, name=Equinor ASA, reset=false, maxPrice=29.0060, closePrice=29.0060,}"
2023-02-23 10:06:20,052,DE000A1ML7J1,BUY,-475.48,"{buyPrice=25.0250, quantity=19, buyRequestTs=2023-02-23T10:06:20.029, sellRequestTs=2023-02-02T16:15:19.603, change=0, openPrice=25.1543, sellPrice=0.0, minPercent=-7.0, stepChange=0, buySpread=0.01, minPrice=25.1543, name=Vonovia SE, reset=false, maxPrice=25.1543, closePrice=25.1543,}"
2023-02-23 10:12:58,022,US57636Q1040,BUY,-1693.19,"{buyPrice=338.6383, quantity=5, buyRequestTs=2023-02-23T10:12:58.012, sellRequestTs=2022-12-19T17:59:15.771, change=0, minPercentForce=-4.0, openPrice=336.5131, sellPrice=0.0, stepChange=0, buySpread=0.9, minPrice=336.5131, name=Mastercard Inc -A, reset=false, maxPrice=336.5131, closePrice=336.5131,}"
2023-02-23 11:07:20,233,DE0007037129,BUY,-480.72,"{buyPrice=40.0600, quantity=12, buyRequestTs=2023-02-23T11:07:20.223, sellRequestTs=2023-02-21T15:55:13.391, change=0, openPrice=40.0415, sellPrice=0.0, minPercent=-7.0, stepChange=0, buySpread=0.02, minPrice=40.0415, name=RWE AG, reset=false, maxPrice=40.0415, closePrice=40.0415,}"
2023-02-23 11:32:37,798,DE000A1ML7J1,SELL,0.48,"{buyPrice=25.0250, quantity=19, buyRequestTs=2023-02-23T10:06:20.029, sellRequestTs=2023-02-02T16:15:19.603, change=0, openPrice=24.8876, sellPrice=25.0500, minPercent=-7.0, stepChange=0, buySpread=0.01, minPrice=24.8876, name=Vonovia SE, reset=false, maxPrice=24.8876, closePrice=24.8876,}"
2023-02-23 13:45:12,980,US0605051046,BUY,-1982.35,"{buyPrice=32.4975, quantity=61, buyRequestTs=2023-02-23T13:45:12.970, sellRequestTs=2023-01-20T09:30:50.469, change=0, minPercentForce=-4.0, openPrice=32.4230, sellPrice=0.0, stepChange=0, buySpread=0.085, minPrice=32.4230, name=Bank of America Corp, reset=false, maxPrice=32.4230, closePrice=32.4230,}"
2023-02-23 15:37:12,423,US69608A1088,BUY,-1578.18,"{buyPrice=7.8909, quantity=200, buyRequestTs=2023-02-23T15:37:12.408, sellRequestTs=2023-02-16T18:34:22.904, change=0, openPrice=8.0044, sellPrice=0.0, minPercent=-7.0, stepChange=0, buySpread=0.014, minPrice=8.0044, name=Palantir Technologies Inc, reset=false, maxPrice=8.0044, closePrice=8.0044,}"
2023-02-23 15:55:02,037,US69608A1088,SELL,1.58,"{buyPrice=7.8909, quantity=200, buyRequestTs=2023-02-23T15:37:12.408, sellRequestTs=2023-02-16T18:34:22.904, change=0, openPrice=7.8926, sellPrice=7.8988, minPercent=-7.0, stepChange=0, buySpread=0.014, minPrice=7.8926, name=Palantir Technologies Inc, reset=false, maxPrice=7.8926, closePrice=7.8926,}"
2023-02-23 15:56:25,113,US0079031078,BUY,-457.00,"{buyPrice=76.1661, quantity=6, buyRequestTs=2023-02-23T15:56:25.105, sellRequestTs=2023-02-15T09:32:32.919, change=0, openPrice=75.8155, sellPrice=0.0, stepChange=0, buySpread=0.07, minPrice=75.8155, name=Advanced Micro Devices Inc, reset=false, maxPrice=75.8155, closePrice=75.8155,}"
2023-02-23 15:56:36,319,US69608A1088,BUY,-783.48,"{buyPrice=7.8348, quantity=100, buyRequestTs=2023-02-23T15:56:36.298, sellRequestTs=2023-02-23T15:55:02.037, change=0, openPrice=7.8895, sellPrice=0.0, minPercent=-7.0, stepChange=0, buySpread=0.020, minPrice=7.8895, name=Palantir Technologies Inc, reset=false, maxPrice=7.8895, closePrice=7.8895,}"
2023-02-23 16:04:58,018,US69608A1088,SELL,0.78,"{buyPrice=7.8348, quantity=100, buyRequestTs=2023-02-23T15:56:36.298, sellRequestTs=2023-02-23T15:55:02.037, change=0, openPrice=7.7685, sellPrice=7.8426, minPercent=-7.0, stepChange=0, buySpread=0.020, minPrice=7.7685, name=Palantir Technologies Inc, reset=false, maxPrice=7.7685, closePrice=7.7685,}"
2023-02-23 16:11:46,858,US29355A1079,SELL,0.74,"{buyPrice=191.3111, quantity=2.0, buyRequestTs=2023-02-22T15:35:58.356, sellRequestTs=2023-02-22T08:50:44.693, change=0, openPrice=193.4404, sellPrice=191.6800, minPercent=-7.0, stepChange=0, buySpread=1.32, minPrice=193.4404, name=Enphase Energy Inc, reset=false, maxPrice=193.4404, closePrice=193.4404,}"
2023-02-23 16:17:12,179,US0970231058,BUY,-1967.97,"{buyPrice=196.7966, quantity=10, buyRequestTs=2023-02-23T16:17:12.169, sellRequestTs=2023-02-16T21:03:55.764, change=0, openPrice=196.6231, sellPrice=0.0, stepChange=0, buySpread=0.18, minPrice=196.6231, name=Boeing Co, reset=false, maxPrice=196.6231, closePrice=196.6231,}"
2023-02-23 16:17:23,215,US5398301094,BUY,-1818.62,"{buyPrice=454.6542, quantity=4, buyRequestTs=2023-02-23T16:17:23.206, sellRequestTs=2023-02-16T16:01:34.713, change=0, openPrice=454.5078, sellPrice=0.0, stepChange=0, buySpread=0.9, minPrice=454.5078, name=Lockheed Martin Corp, reset=false, maxPrice=454.5078, closePrice=454.5078,}"
2023-02-23 16:43:06,278,US70450Y1038,SELL,0.50,"{buyPrice=71.4113, quantity=7, buyRequestTs=2023-02-23T09:56:43.387, sellRequestTs=2023-02-03T19:16:48.932, change=0, openPrice=70.6260, sellPrice=71.4827, stepChange=0, buySpread=0.04, minPrice=70.6260, name=PayPal Hldgs. Inc, reset=false, maxPrice=70.6260, closePrice=70.6260,}"
2023-02-23 16:47:10,989,US67066G1040,BUY,-1791.79,"{buyPrice=223.9738, quantity=8, buyRequestTs=2023-02-23T16:47:10.981, sellRequestTs=2023-02-02T08:55:49.826, change=0, openPrice=223.3018, sellPrice=0.0, stepChange=0, buySpread=0.10, minPrice=223.3018, name=NVIDIA Corp, reset=false, maxPrice=223.3018, closePrice=223.3018,}"
2023-02-23 16:56:41,772,US29355A1079,BUY,-376.90,"{buyPrice=188.4483, quantity=2, buyRequestTs=2023-02-23T16:56:41.761, sellRequestTs=2023-02-23T16:11:46.859, change=0, openPrice=190.1149, sellPrice=0.0, minPercent=-7.0, stepChange=0, buySpread=0.74, minPrice=190.1149, name=Enphase Energy Inc, reset=false, maxPrice=190.1149, closePrice=190.1149,}"
2023-02-23 17:14:28,288,US0079031078,SELL,0.46,"{buyPrice=76.1661, quantity=6, buyRequestTs=2023-02-23T15:56:25.105, sellRequestTs=2023-02-15T09:32:32.919, change=0, openPrice=74.9626, sellPrice=76.2423, stepChange=0, buySpread=0.07, minPrice=74.9626, name=Advanced Micro Devices Inc, reset=false, maxPrice=74.9626, closePrice=74.9626,}"
2023-02-23 17:29:52,008,US0394831020,SELL,6.26,"{buyPrice=76.2562, quantity=6.0, buyRequestTs=2023-02-14T18:06:30.655, sellRequestTs=2023-02-13T09:41:27.328, change=0, openPrice=77.5016, sellPrice=77.3000, minPercent=-7.0, stepChange=0, buySpread=0.17, minPrice=77.5016, name=Archer Daniels Midland Co., reset=false, maxPrice=77.5016, closePrice=77.5016,}"
2023-02-23 17:35:24,670,US67066G1040,SELL,1.79,"{buyPrice=223.9738, quantity=8, buyRequestTs=2023-02-23T16:47:10.981, sellRequestTs=2023-02-02T08:55:49.826, change=0, openPrice=220.7774, sellPrice=224.1978, stepChange=0, buySpread=0.10, minPrice=220.7774, name=NVIDIA Corp, reset=false, maxPrice=220.7774, closePrice=220.7774,}"
2023-02-24 08:04:33,668,US29355A1079,SELL,5.70,"{buyPrice=188.4483, quantity=2.0, buyRequestTs=2023-02-23T16:56:41.761, sellRequestTs=2023-02-23T16:11:46.859, change=0, openPrice=192.9533, sellPrice=191.3000, minPercent=-7.0, stepChange=0, buySpread=0.74, minPrice=192.9533, name=Enphase Energy Inc, reset=false, maxPrice=192.9533, closePrice=192.9533,}"
2023-02-24 08:17:59,116,US0970231058,SELL,1.97,"{buyPrice=196.7966, quantity=10.0, buyRequestTs=2023-02-23T16:17:12.169, sellRequestTs=2023-02-16T21:03:55.764, change=0, openPrice=194.2898, sellPrice=196.9934, stepChange=0, buySpread=0.18, minPrice=194.2898, name=Boeing Co, reset=false, maxPrice=194.2898, closePrice=194.2898,}"
2023-02-24 08:34:02,959,US5398301094,SELL,1.82,"{buyPrice=454.6542, quantity=4.0, buyRequestTs=2023-02-23T16:17:23.206, sellRequestTs=2023-02-16T16:01:34.713, change=0, openPrice=447.8116, sellPrice=455.1089, stepChange=0, buySpread=0.9, minPrice=447.8116, name=Lockheed Martin Corp, reset=false, maxPrice=447.8116, closePrice=447.8116,}"
2023-02-24 15:01:19,354,NO0010096985,SELL,6.56,"{buyPrice=29.0891, quantity=17.0, buyRequestTs=2023-02-23T09:56:54.616, sellRequestTs=2023-01-27T17:13:45.124, change=0, openPrice=29.3978, sellPrice=29.4750, minPercent=-7.0, stepChange=0, buySpread=0.06, minPrice=29.3978, name=Equinor ASA, reset=false, maxPrice=29.3978, closePrice=29.3978,}"
2023-02-24 15:20:26,513,US57636Q1040,SELL,1.69,"{buyPrice=338.6383, quantity=5.0, buyRequestTs=2023-02-23T10:12:58.012, sellRequestTs=2022-12-19T17:59:15.771, change=0, minPercentForce=-4.0, openPrice=332.2196, sellPrice=338.9769, stepChange=0, buySpread=0.9, minPrice=332.2196, name=Mastercard Inc -A, reset=false, maxPrice=332.2196, closePrice=332.2196,}"
2023-02-24 15:37:00,525,US5398301094,BUY,-1828.03,"{buyPrice=457.0066, quantity=4, buyRequestTs=2023-02-24T15:37:00.517, sellRequestTs=2023-02-24T08:34:02.961, change=0, openPrice=454.0681, sellPrice=0.0, stepChange=0, buySpread=1.05, minPrice=454.0681, name=Lockheed Martin Corp, reset=false, maxPrice=454.0681, closePrice=454.0681,}"
2023-02-24 15:46:37,417,US75513E1010,BUY,-1975.97,"{buyPrice=94.0940, quantity=21, buyRequestTs=2023-02-24T15:46:37.408, sellRequestTs=2023-02-21T16:04:40.097, change=0, openPrice=94.1000, sellPrice=0.0, stepChange=0, buySpread=0.2, minPrice=94.1000, name=RAYTHEON TECHNOLOGIES CORP., reset=false, maxPrice=94.1000, closePrice=94.1000,}"
2023-02-24 15:56:22,226,US0394831020,BUY,-462.64,"{buyPrice=77.1070, quantity=6, buyRequestTs=2023-02-24T15:56:22.217, sellRequestTs=2023-02-23T17:29:52.008, change=0, openPrice=77.1544, sellPrice=0.0, minPercent=-7.0, stepChange=0, buySpread=0.17, minPrice=77.1544, name=Archer Daniels Midland Co., reset=false, maxPrice=77.1544, closePrice=77.1544,}"
2023-02-24 17:16:34,876,US67066G1040,BUY,-438.64,"{buyPrice=219.3191, quantity=2, buyRequestTs=2023-02-24T17:16:34.865, sellRequestTs=2023-02-23T17:35:24.670, change=0, openPrice=218.2813, sellPrice=0.0, stepChange=0, buySpread=0.15, minPrice=218.2813, name=NVIDIA Corp, reset=false, maxPrice=218.2813, closePrice=218.2813,}"
2023-02-24 17:26:37,216,US8522341036,BUY,-431.77,"{buyPrice=71.9619, quantity=6, buyRequestTs=2023-02-24T17:26:37.204, sellRequestTs=2023-02-13T20:47:25.743, change=0, openPrice=70.9576, sellPrice=0.0, minPercent=-7.0, stepChange=0, buySpread=0.10, minPrice=70.9576, name=Block Inc A, reset=false, maxPrice=70.9576, closePrice=70.9576,}"
2023-02-24 17:58:43,806,US8522341036,BUY,-438.50,"{buyPrice=73.0830, quantity=6, buyRequestTs=2023-02-24T17:58:43.797, sellRequestTs=2023-02-13T20:47:25.743, change=0, openPrice=72.4870, sellPrice=0.0, minPercent=-7.0, stepChange=0, buySpread=0.12, minPrice=72.4870, name=Block Inc A, reset=false, maxPrice=72.4870, closePrice=72.4870,}"
2023-02-24 18:44:21,145,US2441991054,SELL,0.40,"{buyPrice=401.4511, quantity=1.0, buyRequestTs=2023-02-17T17:26:11.306, change=0, openPrice=395.4717, sellPrice=401.8526, minPercent=-7.0, stepChange=0, buySpread=1.4, minPrice=395.4717, name=DEERE & CO., reset=false, maxPrice=395.4717, closePrice=395.4717,}"
2023-02-27 10:46:34,384,US7170811035,BUY,-781.98,"{buyPrice=39.0991, quantity=20, buyRequestTs=2023-02-27T10:46:34.374, sellRequestTs=2022-12-13T15:21:57.396, change=0, openPrice=38.9796, sellPrice=0.0, minPercent=-7.0, stepChange=0, buySpread=0.06, minPrice=38.9796, name=Pfizer Inc, reset=false, maxPrice=38.9796, closePrice=38.9796,}"
2023-02-27 12:26:44,894,DE0005140008,BUY,-1991.06,"{buyPrice=11.6436, quantity=171, buyRequestTs=2023-02-27T12:26:44.884, sellRequestTs=2023-02-22T10:56:02.871, change=0, openPrice=11.6331, sellPrice=0.0, minPercent=-7.0, stepChange=0, buySpread=0.002, minPrice=11.6331, name=Deutsche Bank AG, reset=false, maxPrice=11.6331, closePrice=11.6331,}"
2023-02-27 13:56:55,232,US30303M1027,BUY,-1947.87,"{buyPrice=162.3222, quantity=12, buyRequestTs=2023-02-27T13:56:55.222, sellRequestTs=2023-02-21T16:39:23.776, change=0, openPrice=162.1679, sellPrice=0.0, stepChange=0, buySpread=0.06, minPrice=162.1679, name=Meta Platforms Inc A, reset=false, maxPrice=162.1679, closePrice=162.1679,}"
2023-02-27 15:18:57,958,US8522341036,SELL,0.44,"{buyPrice=73.083, quantity=6.0, buyRequestTs=2023-02-24T17:58:43.797, sellRequestTs=2023-02-13T20:47:25.743, change=0, openPrice=73.3431, sellPrice=73.1561, minPercent=-7.0, stepChange=0, buySpread=0.12, minPrice=73.3431, name=Block Inc A, reset=false, maxPrice=73.3431, closePrice=73.3431,}"
2023-02-27 15:36:57,729,US58733R1023,BUY,-1107.31,"{buyPrice=1107.3062, quantity=1, buyRequestTs=2023-02-27T15:36:57.716, sellRequestTs=2022-10-17T19:28:41.775, change=0, openPrice=1105.7653, sellPrice=0.0, minPercent=-7.0, stepChange=0, buySpread=3.8, minPrice=1105.7653, name=MercadoLibre Inc, reset=false, maxPrice=1105.7653, closePrice=1105.7653,}"
2023-02-27 16:17:56,013,US17275R1023,BUY,-465.12,"{buyPrice=46.5115, quantity=10, buyRequestTs=2023-02-27T16:17:56.004, sellRequestTs=2023-02-21T09:34:59.010, change=0, openPrice=46.4082, sellPrice=0.0, stepChange=0, buySpread=0.020, minPrice=46.4082, name=Cisco Systems Inc, reset=false, maxPrice=46.4082, closePrice=46.4082,}"
2023-02-27 16:18:06,897,US0527691069,BUY,-376.74,"{buyPrice=188.3682, quantity=2, buyRequestTs=2023-02-27T16:18:06.886, sellRequestTs=2022-08-25T11:23:40.066, change=0, openPrice=187.6533, sellPrice=0.0, minPercent=-7.0, stepChange=0, buySpread=0.56, minPrice=187.6533, name=Autodesk Inc, reset=false, maxPrice=187.6533, closePrice=187.6533,}"
2023-02-27 16:32:58,393,US67066G1040,SELL,5.96,"{buyPrice=219.3191, quantity=2.0, buyRequestTs=2023-02-24T17:16:34.865, sellRequestTs=2023-02-23T17:35:24.670, change=0, openPrice=223.1873, sellPrice=222.3000, stepChange=0, buySpread=0.15, minPrice=223.1873, name=NVIDIA Corp, reset=false, maxPrice=223.1873, closePrice=223.1873,}"
2023-02-27 16:33:54,991,US67066G1040,BUY,-1779.78,"{buyPrice=222.4723, quantity=8, buyRequestTs=2023-02-27T16:33:54.981, sellRequestTs=2023-02-27T16:32:58.393, change=0, openPrice=222.8693, sellPrice=0.0, stepChange=0, buySpread=0.15, minPrice=222.8693, name=NVIDIA Corp, reset=false, maxPrice=222.8693, closePrice=222.8693,}"
2023-02-27 17:43:55,747,US30303M1027,SELL,1.95,"{buyPrice=162.3222, quantity=12.0, buyRequestTs=2023-02-27T13:56:55.222, sellRequestTs=2023-02-21T16:39:23.776, change=0, openPrice=160.4824, sellPrice=162.4845, stepChange=0, buySpread=0.06, minPrice=160.4824, name=Meta Platforms Inc A, reset=false, maxPrice=160.4824, closePrice=160.4824,}"
2023-02-27 20:57:31,271,US17275R1023,SELL,0.47,"{buyPrice=46.5115, quantity=10.0, buyRequestTs=2023-02-27T16:17:56.004, sellRequestTs=2023-02-21T09:34:59.010, change=0, openPrice=45.9077, sellPrice=46.5580, stepChange=0, buySpread=0.02, minPrice=45.9077, name=Cisco Systems Inc, reset=false, maxPrice=45.9077, closePrice=45.9077,}"
2023-02-27 21:43:30,711,US7170811035,SELL,0.78,"{buyPrice=39.0991, quantity=20.0, buyRequestTs=2023-02-27T10:46:34.374, sellRequestTs=2022-12-13T15:21:57.396, change=0, openPrice=38.5258, sellPrice=39.1382, minPercent=-7.0, stepChange=0, buySpread=0.06, minPrice=38.5258, name=Pfizer Inc, reset=false, maxPrice=38.5258, closePrice=38.5258,}"
2023-02-28 08:14:24,128,US0527691069,SELL,0.38,"{buyPrice=188.3682, quantity=2.0, buyRequestTs=2023-02-27T16:18:06.886, sellRequestTs=2022-08-25T11:23:40.066, change=0, openPrice=185.1608, sellPrice=188.5566, minPercent=-7.0, stepChange=0, buySpread=0.56, minPrice=185.1608, name=Autodesk Inc, reset=false, maxPrice=185.1608, closePrice=185.1608,}"
2023-02-28 08:40:24,978,US5398301094,SELL,1.83,"{buyPrice=457.0066, quantity=4.0, buyRequestTs=2023-02-24T15:37:00.517, sellRequestTs=2023-02-24T08:34:02.961, change=0, openPrice=448.2376, sellPrice=457.4636, stepChange=0, buySpread=1.05, minPrice=448.2376, name=Lockheed Martin Corp, reset=false, maxPrice=448.2376, closePrice=448.2376,}"
2023-02-28 08:40:36,220,DE0005140008,SELL,1.98,"{buyPrice=11.6436, quantity=171.0, buyRequestTs=2023-02-27T12:26:44.884, sellRequestTs=2023-02-22T10:56:02.871, change=0, openPrice=11.5094, sellPrice=11.6552, minPercent=-7.0, stepChange=0, buySpread=0.002, minPrice=11.5094, name=Deutsche Bank AG, reset=false, maxPrice=11.5094, closePrice=11.5094,}"
2023-02-28 09:06:24,380,US58733R1023,SELL,1.11,"{buyPrice=1107.3062, quantity=1.0, buyRequestTs=2023-02-27T15:36:57.716, sellRequestTs=2022-10-17T19:28:41.775, change=0, openPrice=1110.6474, sellPrice=1108.4135, minPercent=-7.0, stepChange=0, buySpread=3.8, minPrice=1110.6474, name=MercadoLibre Inc, reset=false, maxPrice=1110.6474, closePrice=1110.6474,}"
2023-02-28 09:54:24,608,US67066G1040,SELL,1.78,"{buyPrice=222.4723, quantity=8.0, buyRequestTs=2023-02-27T16:33:54.981, sellRequestTs=2023-02-27T16:32:58.393, change=0, openPrice=219.6446, sellPrice=222.6948, stepChange=0, buySpread=0.15, minPrice=219.6446, name=NVIDIA Corp, reset=false, maxPrice=219.6446, closePrice=219.6446,}"
2023-02-28 10:32:23,891,US0394831020,SELL,0.46,"{buyPrice=77.107, quantity=6.0, buyRequestTs=2023-02-24T15:56:22.217, sellRequestTs=2023-02-23T17:29:52.008, change=0, openPrice=76.2125, sellPrice=77.1841, minPercent=-7.0, stepChange=0, buySpread=0.17, minPrice=76.2125, name=Archer Daniels Midland Co., reset=false, maxPrice=76.2125, closePrice=76.2125,}"
2023-02-28 12:06:26,403,DE0008404005,BUY,-444.64,"{buyPrice=222.3221, quantity=2, buyRequestTs=2023-02-28T12:06:26.394, sellRequestTs=2022-03-11T13:59:02.503, change=0, openPrice=221.9223, sellPrice=0.0, stepChange=0, buySpread=0.05, minPrice=221.9223, name=Allianz SE NA, reset=false, maxPrice=221.9223, closePrice=221.9223,}"
2023-02-28 15:38:25,281,US0394831020,BUY,-456.52,"{buyPrice=76.0860, quantity=6, buyRequestTs=2023-02-28T15:38:25.271, sellRequestTs=2023-02-28T10:32:23.891, change=0, openPrice=76.2706, sellPrice=0.0, minPercent=-7.0, stepChange=0, buySpread=0.16, minPrice=76.2706, name=Archer Daniels Midland Co., reset=false, maxPrice=76.2706, closePrice=76.2706,}"
2023-02-28 15:46:24,754,DE0005140008,BUY,-1993.49,"{buyPrice=11.7958, quantity=169, buyRequestTs=2023-02-28T15:46:24.744, sellRequestTs=2023-02-28T08:40:36.221, change=0, openPrice=11.7852, sellPrice=0.0, minPercent=-7.0, stepChange=0, buySpread=0.002, minPrice=11.7852, name=Deutsche Bank AG, reset=false, maxPrice=11.7852, closePrice=11.7852,}"
2023-02-28 16:16:25,343,US58733R1023,BUY,-1130.33,"{buyPrice=1130.3292, quantity=1, buyRequestTs=2023-02-28T16:16:25.334, sellRequestTs=2023-02-28T09:06:24.380, change=0, openPrice=1121.9816, sellPrice=0.0, minPercent=-7.0, stepChange=0, buySpread=4.0, minPrice=1121.9816, name=MercadoLibre Inc, reset=false, maxPrice=1121.9816, closePrice=1121.9816,}"
2023-02-28 16:42:24,778,US75513E1010,SELL,1.98,"{buyPrice=94.094, quantity=21.0, buyRequestTs=2023-02-24T15:46:37.408, sellRequestTs=2023-02-21T16:04:40.097, change=0, openPrice=92.8914, sellPrice=94.1881, stepChange=0, buySpread=0.2, minPrice=92.8914, name=RAYTHEON TECHNOLOGIES CORP., reset=false, maxPrice=92.8914, closePrice=92.8914,}"
2023-02-28 16:46:24,715,US0394831020,SELL,0.46,"{buyPrice=76.0860, quantity=6, buyRequestTs=2023-02-28T15:38:25.271, sellRequestTs=2023-02-28T10:32:23.891, change=0, openPrice=75.3421, sellPrice=76.1621, minPercent=-7.0, stepChange=0, buySpread=0.16, minPrice=75.3421, name=Archer Daniels Midland Co., reset=false, maxPrice=75.3421, closePrice=75.3421,}"
2023-02-28 20:18:25,374,US0394831020,BUY,-449.67,"{buyPrice=74.9449, quantity=6, buyRequestTs=2023-02-28T20:18:25.352, sellRequestTs=2023-02-28T16:46:24.715, change=0, openPrice=74.9544, sellPrice=0.0, minPercent=-7.0, stepChange=0, buySpread=0.15, minPrice=74.9544, name=Archer Daniels Midland Co., reset=false, maxPrice=74.9544, closePrice=74.9544,}"
2023-03-01 09:48:23,287,DE0007037129,SELL,0.48,"{buyPrice=40.06, quantity=12.0, buyRequestTs=2023-02-23T11:07:20.223, sellRequestTs=2023-02-21T15:55:13.391, change=0, openPrice=39.5678, sellPrice=40.1001, minPercent=-7.0, stepChange=0, buySpread=0.02, minPrice=39.5678, name=RWE AG, reset=false, maxPrice=39.5678, closePrice=39.5678,}"
2023-03-01 10:08:20,437,US58733R1023,SELL,11.87,"{buyPrice=1130.3292, quantity=1.0, buyRequestTs=2023-02-28T16:16:25.334, sellRequestTs=2023-02-28T09:06:24.380, change=0, openPrice=1137.9452, sellPrice=1142.2000, minPercent=-7.0, stepChange=0, buySpread=4.0, minPrice=1137.9452, name=MercadoLibre Inc, reset=false, maxPrice=1137.9452, closePrice=1137.9452,}"
2023-03-01 11:56:25,062,US30303M1027,BUY,-1983.66,"{buyPrice=165.3051, quantity=12, buyRequestTs=2023-03-01T11:56:25.053, sellRequestTs=2023-02-27T17:43:55.748, change=0, openPrice=164.8718, sellPrice=0.0, stepChange=0, buySpread=0.02, minPrice=164.8718, name=Meta Platforms Inc A, reset=false, maxPrice=164.8718, closePrice=164.8718,}"
2023-03-01 14:48:21,035,DE0007037129,BUY,-469.55,"{buyPrice=39.1291, quantity=12, buyRequestTs=2023-03-01T14:48:20.977, sellRequestTs=2023-03-01T09:48:23.289, change=0, openPrice=39.3304, sellPrice=0.0, minPercent=-7.0, stepChange=0, buySpread=0.02, minPrice=39.3304, name=RWE AG, reset=false, maxPrice=39.3304, closePrice=39.3304,}"
2023-03-01 15:24:21,241,US0605051046,SELL,1.98,"{buyPrice=32.4975, quantity=61.0, buyRequestTs=2023-02-23T13:45:12.970, sellRequestTs=2023-01-20T09:30:50.469, change=0, minPercentForce=-4.0, openPrice=32.0132, sellPrice=32.5300, stepChange=0, buySpread=0.085, minPrice=32.0132, name=Bank of America Corp, reset=false, maxPrice=32.0132, closePrice=32.0132,}"
2023-03-01 16:48:21,881,DE0005140008,SELL,1.99,"{buyPrice=11.7958, quantity=169.0, buyRequestTs=2023-02-28T15:46:24.744, sellRequestTs=2023-02-28T08:40:36.221, change=0, openPrice=11.6572, sellPrice=11.8076, minPercent=-7.0, stepChange=0, buySpread=0.002, minPrice=11.6572, name=Deutsche Bank AG, reset=false, maxPrice=11.6572, closePrice=11.6572,}"
2023-03-01 17:16:21,049,DE0005140008,BUY,-497.23,"{buyPrice=11.5636, quantity=43, buyRequestTs=2023-03-01T17:16:21.040, sellRequestTs=2023-03-01T16:48:21.882, change=0, openPrice=11.6323, sellPrice=0.0, minPercent=-7.0, stepChange=0, buySpread=0.004, minPrice=11.6323, name=Deutsche Bank AG, reset=false, maxPrice=11.6323, closePrice=11.6323,}"
2023-03-01 20:14:22,215,US0394831020,SELL,0.45,"{buyPrice=74.9449, quantity=6.0, buyRequestTs=2023-02-28T20:18:25.352, sellRequestTs=2023-02-28T16:46:24.715, change=0, openPrice=74.0468, sellPrice=75.0198, minPercent=-7.0, stepChange=0, buySpread=0.15, minPrice=74.0468, name=Archer Daniels Midland Co., reset=false, maxPrice=74.0468, closePrice=74.0468,}"
2023-03-02 08:02:23,836,US30303M1027,SELL,1.98,"{buyPrice=165.3051, quantity=12.0, buyRequestTs=2023-03-01T11:56:25.053, sellRequestTs=2023-02-27T17:43:55.748, change=0, openPrice=163.0796, sellPrice=165.4704, stepChange=0, buySpread=0.02, minPrice=163.0796, name=Meta Platforms Inc A, reset=false, maxPrice=163.0796, closePrice=163.0796,}"
2023-03-02 08:36:20,856,US0394831020,BUY,-447.03,"{buyPrice=74.5044, quantity=6, buyRequestTs=2023-03-02T08:36:20.839, sellRequestTs=2023-03-01T20:14:22.215, change=0, openPrice=74.2072, sellPrice=0.0, minPercent=-7.0, stepChange=0, buySpread=0.29, minPrice=74.2072, name=Archer Daniels Midland Co., reset=false, maxPrice=74.2072, closePrice=74.2072,}"
2023-03-02 09:20:21,675,DE0007037129,SELL,0.47,"{buyPrice=39.1291, quantity=12.0, buyRequestTs=2023-03-01T14:48:20.977, sellRequestTs=2023-03-01T09:48:23.289, change=0, openPrice=38.9119, sellPrice=39.1682, minPercent=-7.0, stepChange=0, buySpread=0.02, minPrice=38.9119, name=RWE AG, reset=false, maxPrice=38.9119, closePrice=38.9119,}"
2023-03-02 09:24:18,967,DE0005140008,SELL,0.50,"{buyPrice=11.5636, quantity=43.0, buyRequestTs=2023-03-01T17:16:21.040, sellRequestTs=2023-03-01T16:48:21.882, change=0, openPrice=11.5086, sellPrice=11.5752, minPercent=-7.0, stepChange=0, buySpread=0.004, minPrice=11.5086, name=Deutsche Bank AG, reset=false, maxPrice=11.5086, closePrice=11.5086,}"
2023-03-02 09:26:20,834,DE0005140008,BUY,-491.72,"{buyPrice=11.4354, quantity=43, buyRequestTs=2023-03-02T09:26:20.825, sellRequestTs=2023-03-02T09:24:18.967, change=0, openPrice=11.4954, sellPrice=0.0, minPercent=-7.0, stepChange=0, buySpread=0.002, minPrice=11.4954, name=Deutsche Bank AG, reset=false, maxPrice=11.4954, closePrice=11.4954,}"
2023-03-02 20:26:20,800,US0079031078,BUY,-1955.07,"{buyPrice=75.1951, quantity=26, buyRequestTs=2023-03-02T20:26:20.788, sellRequestTs=2023-02-23T17:14:28.289, change=0, openPrice=73.9359, sellPrice=0.0, stepChange=0, buySpread=0.13, minPrice=73.9359, name=Advanced Micro Devices Inc, reset=false, maxPrice=73.9359, closePrice=73.9359,}"
2023-03-03 08:40:22,432,US0079031078,SELL,13.91,"{buyPrice=75.1951, quantity=26.0, buyRequestTs=2023-03-02T20:26:20.788, sellRequestTs=2023-02-23T17:14:28.289, change=0, openPrice=75.4871, sellPrice=75.7300, stepChange=0, buySpread=0.13, minPrice=75.4871, name=Advanced Micro Devices Inc, reset=false, maxPrice=75.4871, closePrice=75.4871,}"
2023-03-03 08:40:33,525,US0394831020,SELL,6.69,"{buyPrice=74.5044, quantity=6.0, buyRequestTs=2023-03-02T08:36:20.839, sellRequestTs=2023-03-01T20:14:22.215, change=0, openPrice=75.6236, sellPrice=75.6200, minPercent=-7.0, stepChange=0, buySpread=0.29, minPrice=75.6236, name=Archer Daniels Midland Co., reset=false, maxPrice=75.6236, closePrice=75.6236,}"
2023-03-03 11:28:23,405,FR0000120628,BUY,-477.12,"{buyPrice=29.8198, quantity=16, buyRequestTs=2023-03-03T11:28:23.357, change=0, openPrice=29.7260, sellPrice=0.0, minPercent=-7.0, stepChange=0, buySpread=0.01, minPrice=29.7260, name=AXA SA, reset=false, maxPrice=29.7260, closePrice=29.7260,}"
2023-03-03 13:58:22,792,DE0007037129,BUY,-468.71,"{buyPrice=39.0590, quantity=12, buyRequestTs=2023-03-03T13:58:22.784, sellRequestTs=2023-03-02T09:20:21.675, change=0, openPrice=39.1269, sellPrice=0.0, minPercent=-7.0, stepChange=0, buySpread=0.02, minPrice=39.1269, name=RWE AG, reset=false, maxPrice=39.1269, closePrice=39.1269,}"
2023-03-03 16:08:20,689,US4781601046,BUY,-1881.16,"{buyPrice=144.7046, quantity=13, buyRequestTs=2023-03-03T16:08:20.676, sellRequestTs=2023-02-16T15:57:29.895, change=0, minPercentForce=-4.0, openPrice=144.2546, sellPrice=0.0, stepChange=0, buySpread=0.18, minPrice=144.2546, name=Johnson & Johnson, reset=false, maxPrice=144.2546, closePrice=144.2546,}"
2023-03-03 19:26:20,859,US69608A1088,BUY,-1970.73,"{buyPrice=7.8829, quantity=250, buyRequestTs=2023-03-03T19:26:20.848, sellRequestTs=2023-02-23T16:04:58.018, change=0, openPrice=7.9488, sellPrice=0.0, minPercent=-7.0, stepChange=0, buySpread=0.019, minPrice=7.9488, name=Palantir Technologies Inc, reset=false, maxPrice=7.9488, closePrice=7.9488,}"
2023-03-03 19:56:22,327,US69608A1088,SELL,1.98,"{buyPrice=7.8829, quantity=250, buyRequestTs=2023-03-03T19:26:20.848, sellRequestTs=2023-02-23T16:04:58.018, change=0, openPrice=7.8489, sellPrice=7.8908, minPercent=-7.0, stepChange=0, buySpread=0.019, minPrice=7.8489, name=Palantir Technologies Inc, reset=false, maxPrice=7.8489, closePrice=7.8489,}"
