"TS","MS","ISIN","ACTION","VOL","DATA"
2023-05-04 08:24:31,531,US0404131064,SELL,1.96,"{buyPrice=122.5725, quantity=16.0, buyRequestTs=2023-05-03T16:06:34.040, sellRequestTs=2023-03-09T12:10:22.322, change=0, openPrice=119.6007, sellPrice=122.6951, minPercent=-7.0, stepChange=0, buySpread=0.7, minPrice=119.6007, name=Arista Networks Inc, reset=false, maxPrice=119.6007, closePrice=119.6007,}"
2023-05-04 15:46:32,508,US88160R1014,BUY,-1468.07,"{buyPrice=146.8067, quantity=10, buyRequestTs=2023-05-04T15:46:32.499, sellRequestTs=2023-01-27T19:12:42.054, change=0, openPrice=147.2139, sellPrice=0.0, stepChange=0, buySpread=0.22, minPrice=147.2139, name=Tesla Inc, reset=false, maxPrice=147.2139, closePrice=147.2139,}"
2023-05-04 16:16:33,358,CA82509L1076,BUY,-480.63,"{buyPrice=53.4034, quantity=9, buyRequestTs=2023-05-04T16:16:33.312, sellRequestTs=2023-05-03T21:52:29.847, change=0, openPrice=51.6899, sellPrice=0.0, minPercent=-7.0, stepChange=0, buySpread=0.05, minPrice=51.6899, name=SHOPIFY INC., reset=false, maxPrice=51.6899, closePrice=51.6899,}"
2023-05-04 16:36:34,465,US8522341036,BUY,-1965.77,"{buyPrice=54.6046, quantity=36, buyRequestTs=2023-05-04T16:36:34.456, sellRequestTs=2023-03-30T20:22:36.265, change=0, openPrice=55.0598, sellPrice=0.0, minPercent=-7.0, stepChange=0, buySpread=0.16, minPrice=55.0598, name=Block Inc A, reset=false, maxPrice=55.0598, closePrice=55.0598,}"
2023-05-04 16:42:33,386,CA82509L1076,SELL,0.48,"{buyPrice=53.4034, quantity=9, buyRequestTs=2023-05-04T16:16:33.312, sellRequestTs=2023-05-03T21:52:29.847, change=0, openPrice=52.9155, sellPrice=53.4568, minPercent=-7.0, stepChange=0, buySpread=0.05, minPrice=52.9155, name=SHOPIFY INC., reset=false, maxPrice=52.9155, closePrice=52.9155,}"
2023-05-04 16:46:33,177,US88160R1014,SELL,1.47,"{buyPrice=146.8067, quantity=10, buyRequestTs=2023-05-04T15:46:32.499, sellRequestTs=2023-01-27T19:12:42.054, change=0, openPrice=145.4814, sellPrice=146.9535, stepChange=0, buySpread=0.22, minPrice=145.4814, name=Tesla Inc, reset=false, maxPrice=145.4814, closePrice=145.4814,}"
2023-05-04 17:04:32,615,US8522341036,SELL,1.97,"{buyPrice=54.6046, quantity=36, buyRequestTs=2023-05-04T16:36:34.456, sellRequestTs=2023-03-30T20:22:36.265, change=0, openPrice=54.2678, sellPrice=54.6592, minPercent=-7.0, stepChange=0, buySpread=0.16, minPrice=54.2678, name=Block Inc A, reset=false, maxPrice=54.2678, closePrice=54.2678,}"
2023-05-04 19:44:33,080,US46625H1005,BUY,-1949.15,"{buyPrice=121.8217, quantity=16, buyRequestTs=2023-05-04T19:44:33.070, sellRequestTs=2023-05-02T16:38:37.892, change=0, minPercentForce=-4.0, openPrice=121.4237, sellPrice=0.0, stepChange=0, buySpread=0.1, minPrice=121.4237, name=JPMorgan Chase & Co, reset=false, maxPrice=121.4237, closePrice=121.4237,}"
2023-05-04 21:26:32,937,US0079031078,BUY,-1980.73,"{buyPrice=79.2292, quantity=25, buyRequestTs=2023-05-04T21:26:32.925, sellRequestTs=2023-03-30T16:56:18.906, change=0, openPrice=79.2287, sellPrice=0.0, stepChange=0, buySpread=0.20, minPrice=79.2287, name=Advanced Micro Devices Inc, reset=false, maxPrice=79.2287, closePrice=79.2287,}"
2023-05-05 10:40:30,639,US0079031078,SELL,1.98,"{buyPrice=79.2292, quantity=25.0, buyRequestTs=2023-05-04T21:26:32.925, sellRequestTs=2023-03-30T16:56:18.906, change=0, openPrice=78.2047, sellPrice=79.3084, stepChange=0, buySpread=0.2, minPrice=78.2047, name=Advanced Micro Devices Inc, reset=false, maxPrice=78.2047, closePrice=78.2047,}"
2023-05-05 12:56:31,380,US0605051046,BUY,-1992.39,"{buyPrice=24.9049, quantity=80, buyRequestTs=2023-05-05T12:56:31.367, sellRequestTs=2023-04-26T20:56:38.684, change=0, minPercentForce=-4.0, openPrice=24.7984, sellPrice=0.0, stepChange=0, buySpread=0.02, minPrice=24.7984, name=Bank of America Corp, reset=false, maxPrice=24.7984, closePrice=24.7984,}"
2023-05-05 16:06:33,882,US8522341036,BUY,-1981.62,"{buyPrice=55.0450, quantity=36, buyRequestTs=2023-05-05T16:06:33.868, sellRequestTs=2023-05-04T17:04:32.616, change=0, openPrice=55.1063, sellPrice=0.0, minPercent=-7.0, stepChange=0, buySpread=0.13, minPrice=55.1063, name=Block Inc A, reset=false, maxPrice=55.1063, closePrice=55.1063,}"
2023-05-05 16:18:31,798,US8522341036,SELL,11.34,"{buyPrice=55.0450, quantity=36, buyRequestTs=2023-05-05T16:06:33.868, sellRequestTs=2023-05-04T17:04:32.616, change=0, openPrice=54.4157, sellPrice=55.3600, minPercent=-7.0, stepChange=0, buySpread=0.13, minPrice=54.4157, name=Block Inc A, reset=false, maxPrice=54.4157, closePrice=54.4157,}"
2023-05-05 16:34:31,233,US46625H1005,SELL,31.65,"{buyPrice=121.8217, quantity=16.0, buyRequestTs=2023-05-04T19:44:33.070, sellRequestTs=2023-05-02T16:38:37.892, change=0, minPercentForce=-4.0, openPrice=124.0021, sellPrice=123.8000, stepChange=0, buySpread=0.1, minPrice=124.0021, name=JPMorgan Chase & Co, reset=false, maxPrice=124.0021, closePrice=124.0021,}"
2023-05-05 17:46:30,639,US0605051046,SELL,6.01,"{buyPrice=24.9049, quantity=80, buyRequestTs=2023-05-05T12:56:31.367, sellRequestTs=2023-04-26T20:56:38.684, change=0, minPercentForce=-4.0, openPrice=25.0946, sellPrice=24.9800, stepChange=0, buySpread=0.02, minPrice=25.0946, name=Bank of America Corp, reset=false, maxPrice=25.0946, closePrice=25.0946,}"
2023-05-08 15:36:32,324,FR0000120628,BUY,-495.68,"{buyPrice=27.5375, quantity=18, buyRequestTs=2023-05-08T15:36:32.311, sellRequestTs=2023-05-02T17:04:36.896, change=0, openPrice=27.4325, sellPrice=0.0, minPercent=-7.0, stepChange=0, buySpread=0.015, minPrice=27.4325, name=AXA SA, reset=false, maxPrice=27.4325, closePrice=27.4325,}"
2023-05-08 16:26:31,702,US09075V1026,BUY,-1917.12,"{buyPrice=100.9008, quantity=19, buyRequestTs=2023-05-08T16:26:31.687, sellRequestTs=2023-04-04T10:00:17.346, change=0, openPrice=100.1671, sellPrice=0.0, minPercent=-7.0, stepChange=0, buySpread=0.15, minPrice=100.1671, name=BIONTECH SE, reset=false, maxPrice=100.1671, closePrice=100.1671,}"
2023-05-08 16:36:31,504,US65339F1012,BUY,-1515.77,"{buyPrice=68.8988, quantity=22, buyRequestTs=2023-05-08T16:36:31.320, sellRequestTs=2023-04-25T16:00:32.678, change=0, openPrice=68.9672, sellPrice=0.0, stepChange=0, buySpread=0.13, minPrice=68.9672, name=NEXTERA ENERGY INC., reset=false, maxPrice=68.9672, closePrice=68.9672,}"
2023-05-08 16:36:42,482,US69608A1088,BUY,-1548.89,"{buyPrice=6.9770, quantity=222, buyRequestTs=2023-05-08T16:36:42.473, sellRequestTs=2023-04-05T15:14:12.715, change=0, openPrice=6.9683, sellPrice=0.0, minPercent=-7.0, stepChange=0, buySpread=0.016, minPrice=6.9683, name=Palantir Technologies Inc, reset=false, maxPrice=6.9683, closePrice=6.9683,}"
2023-05-08 16:58:31,792,US98980G1022,BUY,-487.39,"{buyPrice=97.4774, quantity=5, buyRequestTs=2023-05-08T16:58:31.745, sellRequestTs=2023-01-27T16:47:53.484, change=0, openPrice=97.0699, sellPrice=0.0, minPercent=-7.0, stepChange=0, buySpread=0.27, minPrice=97.0699, name=Zscaler Inc, reset=false, maxPrice=97.0699, closePrice=97.0699,}"
2023-05-08 18:38:38,970,US02079K1079,BUY,-488.59,"{buyPrice=97.7176, quantity=5, buyRequestTs=2023-05-08T18:38:38.959, sellRequestTs=2023-04-28T08:28:29.565, change=0, openPrice=97.4399, sellPrice=0.0, minPercent=-7.0, stepChange=0, buySpread=0.08, minPrice=97.4399, name=Alphabet Inc C, reset=false, maxPrice=97.4399, closePrice=97.4399,}"
2023-05-08 18:46:31,525,US57636Q1040,BUY,-350.95,"{buyPrice=350.9506, quantity=1, buyRequestTs=2023-05-08T18:46:31.516, sellRequestTs=2023-05-02T17:10:37.918, change=0, minPercentForce=-4.0, openPrice=350.6847, sellPrice=0.0, stepChange=0, buySpread=0.2, minPrice=350.6847, name=Mastercard Inc -A, reset=false, maxPrice=350.6847, closePrice=350.6847,}"
2023-05-08 18:46:42,716,US70450Y1038,BUY,-482.15,"{buyPrice=68.8788, quantity=7, buyRequestTs=2023-05-08T18:46:42.706, sellRequestTs=2023-03-23T17:06:26.914, change=0, openPrice=68.7882, sellPrice=0.0, stepChange=0, buySpread=0.04, minPrice=68.7882, name=PayPal Hldgs. Inc, reset=false, maxPrice=68.7882, closePrice=68.7882,}"
2023-05-08 19:06:31,131,US09075V1026,SELL,1.92,"{buyPrice=100.9008, quantity=19, buyRequestTs=2023-05-08T16:26:31.687, sellRequestTs=2023-04-04T10:00:17.346, change=0, openPrice=98.8307, sellPrice=101.0017, minPercent=-7.0, stepChange=0, buySpread=0.15, minPrice=98.8307, name=BIONTECH SE, reset=false, maxPrice=98.8307, closePrice=98.8307,}"
2023-05-08 20:48:31,781,US98980G1022,SELL,3.86,"{buyPrice=97.4774, quantity=5, buyRequestTs=2023-05-08T16:58:31.745, sellRequestTs=2023-01-27T16:47:53.484, change=0, openPrice=98.4747, sellPrice=98.2500, minPercent=-7.0, stepChange=0, buySpread=0.27, minPrice=98.4747, name=Zscaler Inc, reset=false, maxPrice=98.4747, closePrice=98.4747,}"
2023-05-08 21:26:32,495,US98980G1022,BUY,-489.69,"{buyPrice=97.9378, quantity=5, buyRequestTs=2023-05-08T21:26:32.486, sellRequestTs=2023-05-08T20:48:31.781, change=0, openPrice=98.1010, sellPrice=0.0, minPercent=-7.0, stepChange=0, buySpread=0.26, minPrice=98.1010, name=Zscaler Inc, reset=false, maxPrice=98.1010, closePrice=98.1010,}"
2023-05-09 08:00:42,698,US70450Y1038,SELL,0.48,"{buyPrice=68.8788, quantity=7.0, buyRequestTs=2023-05-08T18:46:42.706, sellRequestTs=2023-03-23T17:06:26.914, change=0, openPrice=68.7161, sellPrice=68.9477, stepChange=0, buySpread=0.04, minPrice=68.7161, name=PayPal Hldgs. Inc, reset=false, maxPrice=68.7161, closePrice=68.7161,}"
2023-05-09 08:42:36,760,US69608A1088,SELL,323.01,"{buyPrice=6.977, quantity=222.0, buyRequestTs=2023-05-08T16:36:42.473, sellRequestTs=2023-04-05T15:14:12.715, change=0, openPrice=8.3498, sellPrice=8.4320, minPercent=-7.0, stepChange=0, buySpread=0.016, minPrice=8.3498, name=Palantir Technologies Inc, reset=false, maxPrice=8.3498, closePrice=8.3498,}"
2023-05-09 11:26:38,802,US69608A1088,BUY,-1998.95,"{buyPrice=8.4344, quantity=237, buyRequestTs=2023-05-09T11:26:38.788, sellRequestTs=2023-05-09T08:42:36.760, change=0, openPrice=8.4209, sellPrice=0.0, minPercent=-7.0, stepChange=0, buySpread=0.014, minPrice=8.4209, name=Palantir Technologies Inc, reset=false, maxPrice=8.4209, closePrice=8.4209,}"
2023-05-09 12:32:37,713,US69608A1088,SELL,1.99,"{buyPrice=8.4344, quantity=237, buyRequestTs=2023-05-09T11:26:38.788, sellRequestTs=2023-05-09T08:42:36.760, change=0, openPrice=8.3123, sellPrice=8.4428, minPercent=-7.0, stepChange=0, buySpread=0.014, minPrice=8.3123, name=Palantir Technologies Inc, reset=false, maxPrice=8.3123, closePrice=8.3123,}"
2023-05-09 15:46:37,797,US69608A1088,BUY,-1992.93,"{buyPrice=8.0360, quantity=248, buyRequestTs=2023-05-09T15:46:37.787, sellRequestTs=2023-05-09T12:32:37.713, change=0, openPrice=8.2156, sellPrice=0.0, minPercent=-7.0, stepChange=0, buySpread=0.018, minPrice=8.2156, name=Palantir Technologies Inc, reset=false, maxPrice=8.2156, closePrice=8.2156,}"
2023-05-09 15:50:37,492,US69608A1088,BUY,-1633.35,"{buyPrice=8.1261, quantity=201, buyRequestTs=2023-05-09T15:50:37.478, sellRequestTs=2023-05-09T12:32:37.713, change=0, openPrice=8.2259, sellPrice=0.0, minPercent=-7.0, stepChange=0, buySpread=0.018, minPrice=8.2259, name=Palantir Technologies Inc, reset=false, maxPrice=8.2259, closePrice=8.2259,}"
2023-05-09 16:12:40,003,US69608A1088,SELL,53.45,"{buyPrice=8.1261, quantity=201, buyRequestTs=2023-05-09T15:50:37.478, sellRequestTs=2023-05-09T12:32:37.713, change=0, openPrice=8.1154, sellPrice=8.3920, minPercent=-7.0, stepChange=0, buySpread=0.018, minPrice=8.1154, name=Palantir Technologies Inc, reset=false, maxPrice=8.1154, closePrice=8.1154,}"
2023-05-09 16:14:37,397,US69608A1088,BUY,-848.45,"{buyPrice=8.4845, quantity=100, buyRequestTs=2023-05-09T16:14:37.370, sellRequestTs=2023-05-09T16:12:40.004, change=0, openPrice=8.0955, sellPrice=0.0, minPercent=-7.0, stepChange=0, buySpread=0.020, minPrice=8.0955, name=Palantir Technologies Inc, reset=false, maxPrice=8.0955, closePrice=8.0955,}"
2023-05-09 16:16:36,888,US5949181045,BUY,-1975.27,"{buyPrice=282.1819, quantity=7, buyRequestTs=2023-05-09T16:16:36.879, sellRequestTs=2023-04-03T10:28:22.747, change=0, openPrice=282.3159, sellPrice=0.0, stepChange=0, buySpread=0.1, minPrice=282.3159, name=Microsoft Corp, reset=false, maxPrice=282.3159, closePrice=282.3159,}"
2023-05-09 16:38:37,571,US0231351067,BUY,-1452.85,"{buyPrice=96.8568, quantity=15, buyRequestTs=2023-05-09T16:38:37.558, sellRequestTs=2023-05-02T08:06:38.910, change=0, openPrice=96.3383, sellPrice=0.0, stepChange=0, tradeAmount=3000.0, buySpread=0.02, minPrice=96.3383, name=Amazon.com Inc, reset=false, maxPrice=96.3383, closePrice=96.3383,}"
2023-05-09 16:48:37,247,US98980G1022,SELL,19.71,"{buyPrice=97.9378, quantity=5.0, buyRequestTs=2023-05-08T21:26:32.486, sellRequestTs=2023-05-08T20:48:31.781, change=0, openPrice=102.3495, sellPrice=101.8800, minPercent=-7.0, stepChange=0, buySpread=0.26, minPrice=102.3495, name=Zscaler Inc, reset=false, maxPrice=102.3495, closePrice=102.3495,}"
2023-05-09 17:16:38,532,US69608A1088,SELL,9.95,"{buyPrice=8.4845, quantity=100, buyRequestTs=2023-05-09T16:14:37.370, sellRequestTs=2023-05-09T16:12:40.004, change=0, openPrice=8.5296, sellPrice=8.5840, minPercent=-7.0, stepChange=0, buySpread=0.020, minPrice=8.5296, name=Palantir Technologies Inc, reset=false, maxPrice=8.5296, closePrice=8.5296,}"
2023-05-09 17:16:49,629,US02079K1079,SELL,7.66,"{buyPrice=97.7176, quantity=5.0, buyRequestTs=2023-05-08T18:38:38.959, sellRequestTs=2023-04-28T08:28:29.565, change=0, openPrice=99.7785, sellPrice=99.2500, minPercent=-7.0, stepChange=0, buySpread=0.08, minPrice=99.7785, name=Alphabet Inc C, reset=false, maxPrice=99.7785, closePrice=99.7785,}"
2023-05-09 17:56:37,349,US70450Y1038,BUY,-1222.62,"{buyPrice=61.1311, quantity=20, buyRequestTs=2023-05-09T17:56:37.295, sellRequestTs=2023-05-09T08:00:42.722, change=0, openPrice=61.1606, sellPrice=0.0, stepChange=0, buySpread=0.10, minPrice=61.1606, name=PayPal Hldgs. Inc, reset=false, maxPrice=61.1606, closePrice=61.1606,}"
2023-05-09 18:26:48,367,US09075V1026,BUY,-938.14,"{buyPrice=93.8137, quantity=10, buyRequestTs=2023-05-09T18:26:48.356, sellRequestTs=2023-05-08T19:06:31.131, change=0, openPrice=93.8556, sellPrice=0.0, minPercent=-7.0, stepChange=0, buySpread=0.32, minPrice=93.8556, name=BIONTECH SE, reset=false, maxPrice=93.8556, closePrice=93.8556,}"
2023-05-09 20:16:37,384,US8522341036,BUY,-488.56,"{buyPrice=54.2842, quantity=9, buyRequestTs=2023-05-09T20:16:37.369, sellRequestTs=2023-05-05T16:18:31.798, change=0, openPrice=54.1443, sellPrice=0.0, minPercent=-7.0, stepChange=0, buySpread=0.12, minPrice=54.1443, name=Block Inc A, reset=false, maxPrice=54.1443, closePrice=54.1443,}"
2023-05-09 21:48:38,341,US70450Y1038,SELL,1.22,"{buyPrice=61.1311, quantity=20, buyRequestTs=2023-05-09T17:56:37.295, sellRequestTs=2023-05-09T08:00:42.722, change=0, openPrice=60.4266, sellPrice=61.1922, stepChange=0, buySpread=0.10, minPrice=60.4266, name=PayPal Hldgs. Inc, reset=false, maxPrice=60.4266, closePrice=60.4266,}"
2023-05-09 21:56:37,769,US70450Y1038,BUY,-602.90,"{buyPrice=60.2902, quantity=10, buyRequestTs=2023-05-09T21:56:37.757, sellRequestTs=2023-05-09T21:48:38.341, change=0, openPrice=60.3728, sellPrice=0.0, stepChange=0, buySpread=0.06, minPrice=60.3728, name=PayPal Hldgs. Inc, reset=false, maxPrice=60.3728, closePrice=60.3728,}"
2023-05-10 09:56:36,992,US5949181045,SELL,1.98,"{buyPrice=282.1819, quantity=7.0, buyRequestTs=2023-05-09T16:16:36.879, sellRequestTs=2023-04-03T10:28:22.747, change=0, openPrice=279.3397, sellPrice=282.4641, stepChange=0, buySpread=0.1, minPrice=279.3397, name=Microsoft Corp, reset=false, maxPrice=279.3397, closePrice=279.3397,}"
2023-05-10 15:48:37,784,US02079K1079,BUY,-500.00,"{buyPrice=99.9999, quantity=5, buyRequestTs=2023-05-10T15:48:37.774, sellRequestTs=2023-05-09T17:16:49.629, change=0, openPrice=99.3534, sellPrice=0.0, minPercent=-7.0, stepChange=0, buySpread=0.1, minPrice=99.3534, name=Alphabet Inc C, reset=false, maxPrice=99.3534, closePrice=99.3534,}"
2023-05-10 16:10:36,729,US70450Y1038,SELL,0.60,"{buyPrice=60.2902, quantity=10.0, buyRequestTs=2023-05-09T21:56:37.757, sellRequestTs=2023-05-09T21:48:38.341, change=0, openPrice=59.6688, sellPrice=60.3505, stepChange=0, buySpread=0.06, minPrice=59.6688, name=PayPal Hldgs. Inc, reset=false, maxPrice=59.6688, closePrice=59.6688,}"
2023-05-10 16:12:36,535,US70450Y1038,BUY,-591.49,"{buyPrice=59.1491, quantity=10, buyRequestTs=2023-05-10T16:12:36.524, sellRequestTs=2023-05-10T16:10:36.730, change=0, openPrice=59.5099, sellPrice=0.0, stepChange=0, buySpread=0.04, minPrice=59.5099, name=PayPal Hldgs. Inc, reset=false, maxPrice=59.5099, closePrice=59.5099,}"
2023-05-10 16:18:37,738,FR0000120628,SELL,0.50,"{buyPrice=27.5375, quantity=18.0, buyRequestTs=2023-05-08T15:36:32.311, sellRequestTs=2023-05-02T17:04:36.896, change=0, openPrice=27.1222, sellPrice=27.5650, minPercent=-7.0, stepChange=0, buySpread=0.015, minPrice=27.1222, name=AXA SA, reset=false, maxPrice=27.1222, closePrice=27.1222,}"
2023-05-10 16:30:38,196,US70450Y1038,SELL,0.59,"{buyPrice=59.1491, quantity=10, buyRequestTs=2023-05-10T16:12:36.524, sellRequestTs=2023-05-10T16:10:36.730, change=0, openPrice=58.8511, sellPrice=59.2082, stepChange=0, buySpread=0.04, minPrice=58.8511, name=PayPal Hldgs. Inc, reset=false, maxPrice=58.8511, closePrice=58.8511,}"
2023-05-10 16:56:37,476,FR0000120628,BUY,-487.30,"{buyPrice=27.0720, quantity=18, buyRequestTs=2023-05-10T16:56:37.467, sellRequestTs=2023-05-10T16:18:37.739, change=0, openPrice=27.0565, sellPrice=0.0, minPercent=-7.0, stepChange=0, buySpread=0.025, minPrice=27.0565, name=AXA SA, reset=false, maxPrice=27.0565, closePrice=27.0565,}"
2023-05-10 16:58:37,924,US8522341036,SELL,0.49,"{buyPrice=54.2842, quantity=9.0, buyRequestTs=2023-05-09T20:16:37.369, sellRequestTs=2023-05-05T16:18:31.798, change=0, openPrice=53.4422, sellPrice=54.3385, minPercent=-7.0, stepChange=0, buySpread=0.12, minPrice=53.4422, name=Block Inc A, reset=false, maxPrice=53.4422, closePrice=53.4422,}"
2023-05-10 17:24:38,640,US57636Q1040,SELL,0.35,"{buyPrice=350.9506, quantity=1.0, buyRequestTs=2023-05-08T18:46:31.516, sellRequestTs=2023-05-02T17:10:37.918, change=0, minPercentForce=-4.0, openPrice=346.8250, sellPrice=351.3016, stepChange=0, buySpread=0.2, minPrice=346.8250, name=Mastercard Inc -A, reset=false, maxPrice=346.8250, closePrice=346.8250,}"
2023-05-10 17:36:39,531,US0231351067,SELL,49.55,"{buyPrice=96.8568, quantity=15.0, buyRequestTs=2023-05-09T16:38:37.558, sellRequestTs=2023-05-02T08:06:38.910, change=0, openPrice=99.1857, sellPrice=100.1600, stepChange=0, tradeAmount=3000.0, buySpread=0.02, minPrice=99.1857, name=Amazon.com Inc, reset=false, maxPrice=99.1857, closePrice=99.1857,}"
2023-05-10 17:44:37,030,US09075V1026,SELL,0.94,"{buyPrice=93.8137, quantity=10.0, buyRequestTs=2023-05-09T18:26:48.356, sellRequestTs=2023-05-08T19:06:31.131, change=0, openPrice=92.5223, sellPrice=93.9075, minPercent=-7.0, stepChange=0, buySpread=0.32, minPrice=92.5223, name=BIONTECH SE, reset=false, maxPrice=92.5223, closePrice=92.5223,}"
2023-05-10 17:46:37,928,US70450Y1038,BUY,-586.09,"{buyPrice=58.6086, quantity=10, buyRequestTs=2023-05-10T17:46:37.919, sellRequestTs=2023-05-10T16:30:38.196, change=0, openPrice=58.4430, sellPrice=0.0, stepChange=0, buySpread=0.10, minPrice=58.4430, name=PayPal Hldgs. Inc, reset=false, maxPrice=58.4430, closePrice=58.4430,}"
2023-05-10 19:10:37,325,US70450Y1038,SELL,0.59,"{buyPrice=58.6086, quantity=10, buyRequestTs=2023-05-10T17:46:37.919, sellRequestTs=2023-05-10T16:30:38.196, change=0, openPrice=57.7271, sellPrice=58.6672, stepChange=0, buySpread=0.10, minPrice=57.7271, name=PayPal Hldgs. Inc, reset=false, maxPrice=57.7271, closePrice=57.7271,}"
2023-05-10 19:46:37,048,US70450Y1038,BUY,-862.91,"{buyPrice=57.5275, quantity=15, buyRequestTs=2023-05-10T19:46:37.036, sellRequestTs=2023-05-10T19:10:37.326, change=0, openPrice=57.7577, sellPrice=0.0, stepChange=0, buySpread=0.15, minPrice=57.7577, name=PayPal Hldgs. Inc, reset=false, maxPrice=57.7577, closePrice=57.7577,}"
2023-05-10 21:16:41,108,US02079K3059,BUY,-2971.99,"{buyPrice=102.4824, quantity=29, buyRequestTs=2023-05-10T21:16:41.099, sellRequestTs=2023-04-28T08:32:30.288, change=0, openPrice=101.8282, sellPrice=0.0, stepChange=0, tradeAmount=3000.0, buySpread=0.08, minPrice=101.8282, name=Alphabet Inc A, reset=false, maxPrice=101.8282, closePrice=101.8282,}"
2023-05-10 21:36:39,642,US88339J1051,BUY,-1971.74,"{buyPrice=59.7497, quantity=33, buyRequestTs=2023-05-10T21:36:39.631, sellRequestTs=2023-01-30T09:41:17.210, change=0, openPrice=59.5306, sellPrice=0.0, minPercent=-7.0, stepChange=0, buySpread=0.08, minPrice=59.5306, name=The Trade Desk Inc, reset=false, maxPrice=59.5306, closePrice=59.5306,}"
2023-05-10 21:46:38,112,IE000S9YS762,BUY,-336.54,"{buyPrice=336.5362, quantity=1, buyRequestTs=2023-05-10T21:46:38.100, sellRequestTs=2023-05-02T17:14:36.732, change=0, openPrice=335.0413, sellPrice=0.0, minPercent=-7.0, stepChange=0, buySpread=0.6, minPrice=335.0413, name=LINDE PLC, reset=false, maxPrice=335.0413, closePrice=335.0413,}"
2023-05-10 21:58:38,611,US6311031081,BUY,-453.51,"{buyPrice=50.3903, quantity=9, buyRequestTs=2023-05-10T21:58:38.599, sellRequestTs=2023-04-20T10:16:24.872, change=0, openPrice=50.1153, sellPrice=0.0, minPercent=-7.0, stepChange=0, buySpread=0.14, minPrice=50.1153, name=Nasdaq Inc, reset=false, maxPrice=50.1153, closePrice=50.1153,}"
2023-05-11 08:32:36,414,US02079K1079,SELL,12.80,"{buyPrice=99.9999, quantity=5.0, buyRequestTs=2023-05-10T15:48:37.774, sellRequestTs=2023-05-09T17:16:49.629, change=0, openPrice=102.0734, sellPrice=102.5600, minPercent=-7.0, stepChange=0, buySpread=0.1, minPrice=102.0734, name=Alphabet Inc C, reset=false, maxPrice=102.0734, closePrice=102.0734,}"
2023-05-11 15:32:36,532,US88339J1051,SELL,1.97,"{buyPrice=59.7497, quantity=33.0, buyRequestTs=2023-05-10T21:36:39.631, sellRequestTs=2023-01-30T09:41:17.210, change=0, openPrice=62.7290, sellPrice=59.8094, minPercent=-7.0, stepChange=0, buySpread=0.08, minPrice=62.7290, name=The Trade Desk Inc, reset=false, maxPrice=62.7290, closePrice=62.7290,}"
2023-05-11 15:46:35,122,FR0000120628,SELL,0.49,"{buyPrice=27.072, quantity=18.0, buyRequestTs=2023-05-10T16:56:37.467, sellRequestTs=2023-05-10T16:18:37.739, change=0, openPrice=26.7585, sellPrice=27.0991, minPercent=-7.0, stepChange=0, buySpread=0.025, minPrice=26.7585, name=AXA SA, reset=false, maxPrice=26.7585, closePrice=26.7585,}"
2023-05-11 16:14:35,690,US65339F1012,SELL,12.57,"{buyPrice=68.8988, quantity=22.0, buyRequestTs=2023-05-08T16:36:31.320, sellRequestTs=2023-04-25T16:00:32.678, change=0, openPrice=69.7880, sellPrice=69.4700, stepChange=0, buySpread=0.13, minPrice=69.7880, name=NEXTERA ENERGY INC., reset=false, maxPrice=69.7880, closePrice=69.7880,}"
2023-05-11 16:38:35,394,US0231351067,BUY,-2554.05,"{buyPrice=102.1621, quantity=25, buyRequestTs=2023-05-11T16:38:35.384, sellRequestTs=2023-05-10T17:36:39.532, change=0, openPrice=102.5262, sellPrice=0.0, stepChange=0, tradeAmount=3000.0, buySpread=0.02, minPrice=102.5262, name=Amazon.com Inc, reset=false, maxPrice=102.5262, closePrice=102.5262,}"
2023-05-11 16:38:46,392,US5949181045,BUY,-1978.08,"{buyPrice=282.5823, quantity=7, buyRequestTs=2023-05-11T16:38:46.383, sellRequestTs=2023-05-10T09:56:37, change=0, openPrice=282.2754, sellPrice=0.0, stepChange=0, buySpread=0.15, minPrice=282.2754, name=Microsoft Corp, reset=false, maxPrice=282.2754, closePrice=282.2754,}"
2023-05-11 17:26:35,346,US98980G1022,BUY,-420.98,"{buyPrice=105.2451, quantity=4, buyRequestTs=2023-05-11T17:26:35.337, sellRequestTs=2023-05-09T16:48:37.247, change=0, openPrice=105.1218, sellPrice=0.0, minPercent=-7.0, stepChange=0, buySpread=0.28, minPrice=105.1218, name=Zscaler Inc, reset=false, maxPrice=105.1218, closePrice=105.1218,}"
2023-05-11 20:26:35,658,US02079K3059,SELL,129.27,"{buyPrice=102.4824, quantity=29.0, buyRequestTs=2023-05-10T21:16:41.099, sellRequestTs=2023-04-28T08:32:30.288, change=0, openPrice=106.8972, sellPrice=106.9400, stepChange=0, tradeAmount=3000.0, buySpread=0.08, minPrice=106.8972, name=Alphabet Inc A, reset=false, maxPrice=106.8972, closePrice=106.8972,}"
2023-05-12 09:06:31,050,DE0008404005,BUY,-418.22,"{buyPrice=209.1089, quantity=2, buyRequestTs=2023-05-12T09:06:31.003, sellRequestTs=2023-03-22T16:38:21.583, change=0, openPrice=212.0771, sellPrice=0.0, stepChange=0, buySpread=0.1, minPrice=212.0771, name=Allianz SE NA, reset=false, maxPrice=212.0771, closePrice=212.0771,}"
2023-05-12 09:42:28,643,DE0008404005,SELL,0.78,"{buyPrice=209.1089, quantity=2, buyRequestTs=2023-05-12T09:06:31.003, sellRequestTs=2023-03-22T16:38:21.583, change=0, openPrice=209.0994, sellPrice=209.5000, stepChange=0, buySpread=0.1, minPrice=209.0994, name=Allianz SE NA, reset=false, maxPrice=209.0994, closePrice=209.0994,}"
2023-05-12 09:46:28,377,DE0008404005,BUY,-420.52,"{buyPrice=210.2601, quantity=2, buyRequestTs=2023-05-12T09:46:28.364, sellRequestTs=2023-05-12T09:42:28.644, change=0, openPrice=208.9307, sellPrice=0.0, stepChange=0, buySpread=0.05, minPrice=208.9307, name=Allianz SE NA, reset=false, maxPrice=208.9307, closePrice=208.9307,}"
2023-05-12 16:00:28,391,US70450Y1038,SELL,10.54,"{buyPrice=57.5275, quantity=15.0, buyRequestTs=2023-05-10T19:46:37.036, sellRequestTs=2023-05-10T19:10:37.326, change=0, openPrice=58.8949, sellPrice=58.2300, stepChange=0, buySpread=0.15, minPrice=58.8949, name=PayPal Hldgs. Inc, reset=false, maxPrice=58.8949, closePrice=58.8949,}"
2023-05-12 18:50:29,211,DE0008404005,SELL,2.78,"{buyPrice=210.2601, quantity=2, buyRequestTs=2023-05-12T09:46:28.364, sellRequestTs=2023-05-12T09:42:28.644, change=0, openPrice=211.5242, sellPrice=211.6500, stepChange=0, buySpread=0.05, minPrice=211.5242, name=Allianz SE NA, reset=false, maxPrice=211.5242, closePrice=211.5242,}"
2023-05-12 18:52:28,473,US0231351067,SELL,2.56,"{buyPrice=102.1621, quantity=25.0, buyRequestTs=2023-05-11T16:38:35.384, sellRequestTs=2023-05-10T17:36:39.532, change=0, openPrice=101.4680, sellPrice=102.2643, stepChange=0, tradeAmount=3000.0, buySpread=0.02, minPrice=101.4680, name=Amazon.com Inc, reset=false, maxPrice=101.4680, closePrice=101.4680,}"
2023-05-15 17:58:04,542,CA82509L1076,BUY,-455.66,"{buyPrice=56.9569, quantity=8, buyRequestTs=2023-05-15T17:58:04.493, sellRequestTs=2023-05-04T16:42:33.386, change=0, openPrice=56.5437, sellPrice=0.0, minPercent=-7.0, stepChange=0, buySpread=0.05, minPrice=56.5437, name=SHOPIFY INC., reset=false, maxPrice=56.5437, closePrice=56.5437,}"
2023-05-15 18:08:06,742,US70450Y1038,BUY,-459.18,"{buyPrice=57.3973, quantity=8, buyRequestTs=2023-05-15T18:08:06.733, sellRequestTs=2023-05-12T16:00:28.391, change=0, openPrice=57.0616, sellPrice=0.0, stepChange=0, buySpread=0.10, minPrice=57.0616, name=PayPal Hldgs. Inc, reset=false, maxPrice=57.0616, closePrice=57.0616,}"
2023-05-16 08:32:04,554,US98980G1022,SELL,20.78,"{buyPrice=105.2451, quantity=4.0, buyRequestTs=2023-05-11T17:26:35.337, sellRequestTs=2023-05-09T16:48:37.247, change=0, openPrice=110.6137, sellPrice=110.4400, minPercent=-7.0, stepChange=0, buySpread=0.28, minPrice=110.6137, name=Zscaler Inc, reset=false, maxPrice=110.6137, closePrice=110.6137,}"
2023-05-16 08:40:05,374,US0394831020,SELL,6.52,"{buyPrice=68.2682, quantity=7.0, buyRequestTs=2023-05-03T11:38:28.934, sellRequestTs=2023-05-02T19:00:37.480, change=0, openPrice=69.2000, sellPrice=69.2000, minPercent=-7.0, stepChange=0, buySpread=0.4, minPrice=69.2000, name=Archer Daniels Midland Co., reset=false, maxPrice=69.2000, closePrice=69.2000,}"
2023-05-16 13:26:05,061,CA82509L1076,SELL,0.46,"{buyPrice=56.9569, quantity=8.0, buyRequestTs=2023-05-15T17:58:04.493, sellRequestTs=2023-05-04T16:42:33.386, change=0, openPrice=55.8118, sellPrice=57.0139, minPercent=-7.0, stepChange=0, buySpread=0.05, minPrice=55.8118, name=SHOPIFY INC., reset=false, maxPrice=55.8118, closePrice=55.8118,}"
2023-05-16 15:38:07,146,US0394831020,BUY,-480.68,"{buyPrice=68.6686, quantity=7, buyRequestTs=2023-05-16T15:38:07.088, sellRequestTs=2023-05-16T08:40:05.374, change=0, openPrice=69.0999, sellPrice=0.0, minPercent=-7.0, stepChange=0, buySpread=0.2, minPrice=69.0999, name=Archer Daniels Midland Co., reset=false, maxPrice=69.0999, closePrice=69.0999,}"
2023-05-16 17:02:05,505,US70450Y1038,SELL,0.46,"{buyPrice=57.3973, quantity=8.0, buyRequestTs=2023-05-15T18:08:06.733, sellRequestTs=2023-05-12T16:00:28.391, change=0, openPrice=56.3309, sellPrice=57.4547, stepChange=0, buySpread=0.1, minPrice=56.3309, name=PayPal Hldgs. Inc, reset=false, maxPrice=56.3309, closePrice=56.3309,}"
2023-05-16 18:40:06,112,US0394831020,SELL,0.48,"{buyPrice=68.6686, quantity=7, buyRequestTs=2023-05-16T15:38:07.088, sellRequestTs=2023-05-16T08:40:05.374, change=0, openPrice=68.1629, sellPrice=68.7373, minPercent=-7.0, stepChange=0, buySpread=0.2, minPrice=68.1629, name=Archer Daniels Midland Co., reset=false, maxPrice=68.1629, closePrice=68.1629,}"
2023-05-16 18:56:07,582,US0394831020,BUY,-477.88,"{buyPrice=68.2682, quantity=7, buyRequestTs=2023-05-16T18:56:07.573, sellRequestTs=2023-05-16T18:40:06.112, change=0, openPrice=68.1097, sellPrice=0.0, minPercent=-7.0, stepChange=0, buySpread=0.2, minPrice=68.1097, name=Archer Daniels Midland Co., reset=false, maxPrice=68.1097, closePrice=68.1097,}"
2023-05-16 20:46:06,230,US70450Y1038,BUY,-561.76,"{buyPrice=56.1761, quantity=10, buyRequestTs=2023-05-16T20:46:06.220, sellRequestTs=2023-05-16T17:02:05.505, change=0, openPrice=56.0365, sellPrice=0.0, stepChange=0, buySpread=0.04, minPrice=56.0365, name=PayPal Hldgs. Inc, reset=false, maxPrice=56.0365, closePrice=56.0365,}"
2023-05-17 08:40:05,875,US5949181045,SELL,27.77,"{buyPrice=282.5823, quantity=7.0, buyRequestTs=2023-05-11T16:38:46.383, sellRequestTs=2023-05-10T09:56:37, change=0, openPrice=286.4704, sellPrice=286.5500, stepChange=0, buySpread=0.15, minPrice=286.4704, name=Microsoft Corp, reset=false, maxPrice=286.4704, closePrice=286.4704,}"
2023-05-17 09:36:06,081,DE0008404005,BUY,-417.02,"{buyPrice=208.5083, quantity=2, buyRequestTs=2023-05-17T09:36:06.035, sellRequestTs=2023-05-12T18:50:29.211, change=0, openPrice=208.3535, sellPrice=0.0, stepChange=0, buySpread=0.05, minPrice=208.3535, name=Allianz SE NA, reset=false, maxPrice=208.3535, closePrice=208.3535,}"
2023-05-17 14:56:05,768,DE0005140008,BUY,-1991.46,"{buyPrice=9.6206, quantity=207, buyRequestTs=2023-05-17T14:56:05.757, sellRequestTs=2023-03-20T09:10:20.707, change=0, openPrice=9.5862, sellPrice=0.0, minPercent=-7.0, stepChange=0, buySpread=0.002, minPrice=9.5862, name=Deutsche Bank AG, reset=false, maxPrice=9.5862, closePrice=9.5862,}"
2023-05-17 16:22:07,717,US0394831020,SELL,0.48,"{buyPrice=68.2682, quantity=7.0, buyRequestTs=2023-05-16T18:56:07.573, sellRequestTs=2023-05-16T18:40:06.112, change=0, openPrice=67.1691, sellPrice=68.3365, minPercent=-7.0, stepChange=0, buySpread=0.2, minPrice=67.1691, name=Archer Daniels Midland Co., reset=false, maxPrice=67.1691, closePrice=67.1691,}"
2023-05-17 17:18:17,613,US0394831020,BUY,-470.87,"{buyPrice=67.2672, quantity=7, buyRequestTs=2023-05-17T17:18:17.602, sellRequestTs=2023-05-17T16:22:07.717, change=0, openPrice=66.9939, sellPrice=0.0, minPercent=-7.0, stepChange=0, buySpread=0.2, minPrice=66.9939, name=Archer Daniels Midland Co., reset=false, maxPrice=66.9939, closePrice=66.9939,}"
2023-05-18 16:12:08,744,US70450Y1038,SELL,5.84,"{buyPrice=56.1761, quantity=10.0, buyRequestTs=2023-05-16T20:46:06.220, sellRequestTs=2023-05-16T17:02:05.505, change=0, openPrice=56.7314, sellPrice=56.7600, stepChange=0, buySpread=0.04, minPrice=56.7314, name=PayPal Hldgs. Inc, reset=false, maxPrice=56.7314, closePrice=56.7314,}"
2023-05-18 16:30:06,116,DE0005140008,SELL,29.06,"{buyPrice=9.6206, quantity=207.0, buyRequestTs=2023-05-17T14:56:05.757, sellRequestTs=2023-03-20T09:10:20.707, change=0, openPrice=9.7505, sellPrice=9.7610, minPercent=-7.0, stepChange=0, buySpread=0.002, minPrice=9.7505, name=Deutsche Bank AG, reset=false, maxPrice=9.7505, closePrice=9.7505,}"
2023-05-18 17:36:07,153,CA82509L1076,BUY,-454.45,"{buyPrice=56.8068, quantity=8, buyRequestTs=2023-05-18T17:36:07.144, sellRequestTs=2023-05-16T13:26:05.061, change=0, openPrice=56.6111, sellPrice=0.0, minPercent=-7.0, stepChange=0, buySpread=0.05, minPrice=56.6111, name=SHOPIFY INC., reset=false, maxPrice=56.6111, closePrice=56.6111,}"
2023-05-18 20:16:07,352,US0231351067,BUY,-2170.97,"{buyPrice=108.5484, quantity=20, buyRequestTs=2023-05-18T20:16:07.342, sellRequestTs=2023-05-12T18:52:28.474, change=0, openPrice=108.7351, sellPrice=0.0, stepChange=0, tradeAmount=3000.0, buySpread=0.04, minPrice=108.7351, name=Amazon.com Inc, reset=false, maxPrice=108.7351, closePrice=108.7351,}"
2023-05-18 20:16:13,304,US67066G1040,BUY,-1751.35,"{buyPrice=291.8916, quantity=6, buyRequestTs=2023-05-18T20:16:13.292, sellRequestTs=2023-03-22T20:50:32.055, change=0, openPrice=292.6238, sellPrice=0.0, stepChange=0, buySpread=0.1, minPrice=292.6238, name=NVIDIA Corp, reset=false, maxPrice=292.6238, closePrice=292.6238,}"
2023-05-18 20:16:19,838,US5949181045,BUY,-1766.67,"{buyPrice=294.4442, quantity=6, buyRequestTs=2023-05-18T20:16:19.829, sellRequestTs=2023-05-17T08:40:05.879, change=0, openPrice=294.0990, sellPrice=0.0, stepChange=0, buySpread=0.10, minPrice=294.0990, name=Microsoft Corp, reset=false, maxPrice=294.0990, closePrice=294.0990,}"
2023-05-18 20:34:06,391,CA82509L1076,SELL,0.45,"{buyPrice=56.8068, quantity=8, buyRequestTs=2023-05-18T17:36:07.144, sellRequestTs=2023-05-16T13:26:05.061, change=0, openPrice=55.9875, sellPrice=56.8636, minPercent=-7.0, stepChange=0, buySpread=0.05, minPrice=55.9875, name=SHOPIFY INC., reset=false, maxPrice=55.9875, closePrice=55.9875,}"
2023-05-18 21:26:06,960,CA82509L1076,BUY,-453.65,"{buyPrice=56.7067, quantity=8, buyRequestTs=2023-05-18T21:26:06.922, sellRequestTs=2023-05-18T20:34:06.391, change=0, openPrice=56.2998, sellPrice=0.0, minPercent=-7.0, stepChange=0, buySpread=0.15, minPrice=56.2998, name=SHOPIFY INC., reset=false, maxPrice=56.2998, closePrice=56.2998,}"
2023-05-19 13:32:06,465,US6311031081,SELL,5.67,"{buyPrice=50.3903, quantity=9.0, buyRequestTs=2023-05-10T21:58:38.599, sellRequestTs=2023-04-20T10:16:24.872, change=0, openPrice=51.2324, sellPrice=51.0200, minPercent=-7.0, stepChange=0, buySpread=0.14, minPrice=51.2324, name=Nasdaq Inc, reset=false, maxPrice=51.2324, closePrice=51.2324,}"
2023-05-19 16:20:07,602,US67066G1040,SELL,1.75,"{buyPrice=291.8916, quantity=6.0, buyRequestTs=2023-05-18T20:16:13.292, sellRequestTs=2023-03-22T20:50:32.055, change=0, openPrice=289.5337, sellPrice=292.1835, stepChange=0, buySpread=0.1, minPrice=289.5337, name=NVIDIA Corp, reset=false, maxPrice=289.5337, closePrice=289.5337,}"
2023-05-19 18:18:07,547,CA82509L1076,SELL,0.45,"{buyPrice=56.7067, quantity=8.0, buyRequestTs=2023-05-18T21:26:06.922, sellRequestTs=2023-05-18T20:34:06.391, change=0, openPrice=55.5387, sellPrice=56.7634, minPercent=-7.0, stepChange=0, buySpread=0.15, minPrice=55.5387, name=SHOPIFY INC., reset=false, maxPrice=55.5387, closePrice=55.5387,}"
2023-05-19 18:22:07,867,US0231351067,SELL,2.17,"{buyPrice=108.5484, quantity=20.0, buyRequestTs=2023-05-18T20:16:07.342, sellRequestTs=2023-05-12T18:52:28.474, change=0, openPrice=107.5900, sellPrice=108.6569, stepChange=0, tradeAmount=3000.0, buySpread=0.04, minPrice=107.5900, name=Amazon.com Inc, reset=false, maxPrice=107.5900, closePrice=107.5900,}"
2023-05-19 21:16:07,146,US98980G1022,BUY,-465.10,"{buyPrice=116.2762, quantity=4, buyRequestTs=2023-05-19T21:16:07.136, sellRequestTs=2023-05-16T08:32:04.558, change=0, openPrice=115.6409, sellPrice=0.0, minPercent=-7.0, stepChange=0, buySpread=0.26, minPrice=115.6409, name=Zscaler Inc, reset=false, maxPrice=115.6409, closePrice=115.6409,}"
2023-05-22 13:24:07,232,DE0008404005,SELL,4.28,"{buyPrice=208.5083, quantity=2.0, buyRequestTs=2023-05-17T09:36:06.035, sellRequestTs=2023-05-12T18:50:29.211, change=0, openPrice=210.9181, sellPrice=210.6500, stepChange=0, buySpread=0.05, minPrice=210.9181, name=Allianz SE NA, reset=false, maxPrice=210.9181, closePrice=210.9181,}"
2023-05-22 13:36:05,951,IE000S9YS762,SELL,5.31,"{buyPrice=336.5362, quantity=1.0, buyRequestTs=2023-05-10T21:46:38.100, sellRequestTs=2023-05-02T17:14:36.732, change=0, openPrice=341.5769, sellPrice=341.8500, minPercent=-7.0, stepChange=0, buySpread=0.6, minPrice=341.5769, name=LINDE PLC, reset=false, maxPrice=341.5769, closePrice=341.5769,}"
2023-05-22 15:56:09,079,DE0007165607,BUY,-1940.94,"{buyPrice=277.2770, quantity=7, buyRequestTs=2023-05-22T15:56:09.068, sellRequestTs=2022-05-16T09:38:28.496, change=0, openPrice=273.2610, sellPrice=0.0, minPercent=-7.0, stepChange=0, buySpread=1.5, minPrice=273.2610, name=Sartorius AG, reset=false, maxPrice=273.2610, closePrice=273.2610,}"
2023-05-22 16:06:08,352,US5738741041,BUY,-466.59,"{buyPrice=42.4174, quantity=11, buyRequestTs=2023-05-22T16:06:08.341, sellRequestTs=2022-08-26T08:07:09.826, change=0, openPrice=41.8049, sellPrice=0.0, minPercent=-7.0, stepChange=0, buySpread=0.045, minPrice=41.8049, name=MARVELL TECHNOLOGY INC., reset=false, maxPrice=41.8049, closePrice=41.8049,}"
2023-05-22 17:36:07,832,US70450Y1038,BUY,-1984.52,"{buyPrice=58.3683, quantity=34, buyRequestTs=2023-05-22T17:36:07.821, sellRequestTs=2023-05-18T16:12:08.745, change=0, openPrice=58.0394, sellPrice=0.0, stepChange=0, buySpread=0.10, minPrice=58.0394, name=PayPal Hldgs. Inc, reset=false, maxPrice=58.0394, closePrice=58.0394,}"
2023-05-22 17:36:18,943,US8522341036,BUY,-1952.85,"{buyPrice=55.7957, quantity=35, buyRequestTs=2023-05-22T17:36:18.930, sellRequestTs=2023-05-10T16:58:37.924, change=0, openPrice=55.3404, sellPrice=0.0, minPercent=-7.0, stepChange=0, buySpread=0.08, minPrice=55.3404, name=Block Inc A, reset=false, maxPrice=55.3404, closePrice=55.3404,}"
2023-05-22 19:54:08,707,US98980G1022,SELL,14.50,"{buyPrice=116.2762, quantity=4.0, buyRequestTs=2023-05-19T21:16:07.136, sellRequestTs=2023-05-16T08:32:04.558, change=0, openPrice=119.6881, sellPrice=119.9000, minPercent=-7.0, stepChange=0, buySpread=0.26, minPrice=119.6881, name=Zscaler Inc, reset=false, maxPrice=119.6881, closePrice=119.6881,}"
2023-05-23 08:36:08,078,US8522341036,SELL,2.25,"{buyPrice=55.7957, quantity=35.0, buyRequestTs=2023-05-22T17:36:18.930, sellRequestTs=2023-05-10T16:58:37.924, change=0, openPrice=56.0030, sellPrice=55.8600, minPercent=-7.0, stepChange=0, buySpread=0.08, minPrice=56.0030, name=Block Inc A, reset=false, maxPrice=56.0030, closePrice=56.0030,}"
2023-05-23 10:42:07,909,US5738741041,SELL,2.72,"{buyPrice=42.4174, quantity=11.0, buyRequestTs=2023-05-22T16:06:08.341, sellRequestTs=2022-08-26T08:07:09.826, change=0, openPrice=42.6619, sellPrice=42.6650, minPercent=-7.0, stepChange=0, buySpread=0.045, minPrice=42.6619, name=MARVELL TECHNOLOGY INC., reset=false, maxPrice=42.6619, closePrice=42.6619,}"
2023-05-23 16:06:08,400,US8522341036,BUY,-1983.68,"{buyPrice=56.6766, quantity=35, buyRequestTs=2023-05-23T16:06:08.379, sellRequestTs=2023-05-23T08:36:08.082, change=0, openPrice=55.8262, sellPrice=0.0, minPercent=-7.0, stepChange=0, buySpread=0.07, minPrice=55.8262, name=Block Inc A, reset=false, maxPrice=55.8262, closePrice=55.8262,}"
2023-05-23 16:18:07,730,DE0007165607,SELL,5.06,"{buyPrice=277.277, quantity=7.0, buyRequestTs=2023-05-22T15:56:09.068, sellRequestTs=2022-05-16T09:38:28.496, change=0, openPrice=278.5983, sellPrice=278.0000, minPercent=-7.0, stepChange=0, buySpread=1.5, minPrice=278.5983, name=Sartorius AG, reset=false, maxPrice=278.5983, closePrice=278.5983,}"
2023-05-23 17:46:17,194,US8716071076,BUY,-366.97,"{buyPrice=366.9666, quantity=1, buyRequestTs=2023-05-23T17:46:17.184, sellRequestTs=2023-04-05T08:40:11.144, change=0, openPrice=367.2368, sellPrice=0.0, minPercent=-7.0, stepChange=0, buySpread=0.2, minPrice=367.2368, name=Synopsys Inc, reset=false, maxPrice=367.2368, closePrice=367.2368,}"
2023-05-23 18:26:07,850,US8522341036,SELL,14.12,"{buyPrice=56.6766, quantity=35, buyRequestTs=2023-05-23T16:06:08.379, sellRequestTs=2023-05-23T08:36:08.082, change=0, openPrice=57.0649, sellPrice=57.0800, minPercent=-7.0, stepChange=0, buySpread=0.07, minPrice=57.0649, name=Block Inc A, reset=false, maxPrice=57.0649, closePrice=57.0649,}"
2023-05-24 08:38:39,817,US8716071076,SELL,0.37,"{buyPrice=366.9666, quantity=1.0, buyRequestTs=2023-05-23T17:46:17.184, sellRequestTs=2023-04-05T08:40:11.144, change=0, openPrice=363.3021, sellPrice=367.3336, minPercent=-7.0, stepChange=0, buySpread=0.2, minPrice=363.3021, name=Synopsys Inc, reset=false, maxPrice=363.3021, closePrice=363.3021,}"
2023-05-24 09:21:59,328,US0394831020,SELL,14.93,"{buyPrice=67.2672, quantity=7.0, buyRequestTs=2023-05-17T17:18:17.602, sellRequestTs=2023-05-17T16:22:07.717, change=0, openPrice=69.4185, sellPrice=69.4000, minPercent=-7.0, stepChange=0, buySpread=0.2, minPrice=69.4185, name=Archer Daniels Midland Co., reset=false, maxPrice=69.4185, closePrice=69.4185,}"
2023-05-24 13:37:54,909,US70450Y1038,SELL,1.99,"{buyPrice=58.3683, quantity=34.0, buyRequestTs=2023-05-22T17:36:07.821, sellRequestTs=2023-05-18T16:12:08.745, change=0, openPrice=57.3579, sellPrice=58.4267, stepChange=0, buySpread=0.1, minPrice=57.3579, name=PayPal Hldgs. Inc, reset=false, maxPrice=57.3579, closePrice=57.3579,}"
2023-05-24 15:01:55,628,US5949181045,SELL,1.77,"{buyPrice=294.4442, quantity=6.0, buyRequestTs=2023-05-18T20:16:19.829, sellRequestTs=2023-05-17T08:40:05.879, change=0, openPrice=290.9848, sellPrice=294.7386, stepChange=0, buySpread=0.1, minPrice=290.9848, name=Microsoft Corp, reset=false, maxPrice=290.9848, closePrice=290.9848,}"
2023-05-25 11:26:42,107,US8740391003,BUY,-1962.16,"{buyPrice=89.1891, quantity=22, buyRequestTs=2023-05-25T11:26:42.095, sellRequestTs=2023-01-09T10:29:08.805, change=0, openPrice=88.6719, sellPrice=0.0, stepChange=0, buySpread=0.3, minPrice=88.6719, name=Taiwan Semicon Sp. ADR, reset=false, maxPrice=88.6719, closePrice=88.6719,}"
2023-05-25 18:20:42,200,US8740391003,SELL,110.24,"{buyPrice=89.1891, quantity=22, buyRequestTs=2023-05-25T11:26:42.095, sellRequestTs=2023-01-09T10:29:08.805, change=0, openPrice=93.9769, sellPrice=94.2000, stepChange=0, buySpread=0.3, minPrice=93.9769, name=Taiwan Semicon Sp. ADR, reset=false, maxPrice=93.9769, closePrice=93.9769,}"
2023-05-25 19:34:42,866,US57636Q1040,BUY,-1728.73,"{buyPrice=345.7454, quantity=5, buyRequestTs=2023-05-25T19:34:42.856, sellRequestTs=2023-05-10T17:24:38.640, change=0, minPercentForce=-4.0, openPrice=344.8689, sellPrice=0.0, stepChange=0, buySpread=0.2, minPrice=344.8689, name=Mastercard Inc -A, reset=false, maxPrice=344.8689, closePrice=344.8689,}"
2023-05-30 08:40:38,975,US7134481081,BUY,-4835.95,"{buyPrice=172.7125, quantity=28, buyRequestTs=2023-05-30T08:40:38.960, sellRequestTs=2023-01-30T14:18:50.144, change=0, minPercentForce=-4.0, openPrice=172.1602, sellPrice=0.0, stepChange=0, tradeAmount=5000.0, buySpread=0.66, minPrice=172.1602, name=PepsiCo Inc, reset=false, maxPrice=172.1602, closePrice=172.1602,}"
2023-05-30 16:10:40,119,US7134481081,SELL,4.84,"{buyPrice=172.7125, quantity=28, buyRequestTs=2023-05-30T08:40:38.960, sellRequestTs=2023-01-30T14:18:50.144, change=0, minPercentForce=-4.0, openPrice=169.6123, sellPrice=172.8852, stepChange=0, tradeAmount=5000.0, buySpread=0.66, minPrice=169.6123, name=PepsiCo Inc, reset=false, maxPrice=169.6123, closePrice=169.6123,}"
2023-05-30 16:20:41,069,US57636Q1040,SELL,24.27,"{buyPrice=345.7454, quantity=5.0, buyRequestTs=2023-05-25T19:34:42.856, sellRequestTs=2023-05-10T17:24:38.640, change=0, minPercentForce=-4.0, openPrice=348.1103, sellPrice=350.6000, stepChange=0, buySpread=0.2, minPrice=348.1103, name=Mastercard Inc -A, reset=false, maxPrice=348.1103, closePrice=348.1103,}"
2023-05-31 19:12:43,898,US4781601046,BUY,-1889.49,"{buyPrice=145.3452, quantity=13, buyRequestTs=2023-05-31T19:12:43.875, sellRequestTs=2023-04-03T15:42:20.930, change=0, minPercentForce=-4.0, openPrice=145.2827, sellPrice=0.0, stepChange=0, buySpread=0.1, minPrice=145.2827, name=Johnson & Johnson, reset=false, maxPrice=145.2827, closePrice=145.2827,}"
2023-05-31 21:26:44,206,US1912161007,BUY,-4969.04,"{buyPrice=56.4664, quantity=88, buyRequestTs=2023-05-31T21:26:44.196, sellRequestTs=2023-01-18T16:48:54.127, change=0, minPercentForce=-4.0, openPrice=56.3033, sellPrice=0.0, stepChange=0, tradeAmount=5000.0, buySpread=0.05, minPrice=56.3033, name=Coca-Cola Co, reset=false, maxPrice=56.3033, closePrice=56.3033,}"
2023-06-01 16:08:41,154,US4781601046,SELL,1.89,"{buyPrice=145.3452, quantity=13.0, buyRequestTs=2023-05-31T19:12:43.875, sellRequestTs=2023-04-03T15:42:20.930, change=0, minPercentForce=-4.0, openPrice=143.6120, sellPrice=145.4905, stepChange=0, buySpread=0.1, minPrice=143.6120, name=Johnson & Johnson, reset=false, maxPrice=143.6120, closePrice=143.6120,}"
2023-06-01 17:30:38,871,US0605051046,BUY,-1997.83,"{buyPrice=25.9459, quantity=77, buyRequestTs=2023-06-01T17:30:38.860, sellRequestTs=2023-05-05T17:46:30.639, change=0, minPercentForce=-4.0, openPrice=25.9148, sellPrice=0.0, stepChange=0, buySpread=0.02, minPrice=25.9148, name=Bank of America Corp, reset=false, maxPrice=25.9148, closePrice=25.9148,}"
2023-06-01 18:26:39,282,HK0941009539,BUY,-1130.63,"{buyPrice=7.5375, quantity=150, buyRequestTs=2023-06-01T18:26:39.273, sellRequestTs=2022-03-15T09:52:21.500, change=0, openPrice=7.4087, sellPrice=0.0, stepChange=0, buySpread=0.135, minPrice=7.4087, name=China Mobile Limited, reset=false, maxPrice=7.4087, closePrice=7.4087,}"
2023-06-01 19:22:39,439,US1912161007,SELL,4.97,"{buyPrice=56.4664, quantity=88.0, buyRequestTs=2023-05-31T21:26:44.196, sellRequestTs=2023-01-18T16:48:54.127, change=0, minPercentForce=-4.0, openPrice=55.6882, sellPrice=56.5229, stepChange=0, tradeAmount=5000.0, buySpread=0.05, minPrice=55.6882, name=Coca-Cola Co, reset=false, maxPrice=55.6882, closePrice=55.6882,}"
2023-06-02 13:06:43,202,US09075V1026,BUY,-1991.19,"{buyPrice=99.5595, quantity=20, buyRequestTs=2023-06-02T13:06:43.158, sellRequestTs=2023-05-10T17:44:37.030, change=0, openPrice=98.2068, sellPrice=0.0, minPercent=-7.0, stepChange=0, buySpread=0.10, minPrice=98.2068, name=BIONTECH SE, reset=false, maxPrice=98.2068, closePrice=98.2068,}"
2023-06-02 13:06:55,205,US00287Y1091,BUY,-1491.89,"{buyPrice=124.3242, quantity=12, buyRequestTs=2023-06-02T13:06:55.196, sellRequestTs=2021-09-01T18:47:44.002, change=0, openPrice=123.9442, sellPrice=0.0, stepChange=0, buySpread=0.2, minPrice=123.9442, name=Abbvie Inc, reset=false, maxPrice=123.9442, closePrice=123.9442,}"
2023-06-02 14:42:41,927,US09075V1026,SELL,1.99,"{buyPrice=99.5595, quantity=20, buyRequestTs=2023-06-02T13:06:43.158, sellRequestTs=2023-05-10T17:44:37.030, change=0, openPrice=99.6880, sellPrice=99.6591, minPercent=-7.0, stepChange=0, buySpread=0.10, minPrice=99.6880, name=BIONTECH SE, reset=false, maxPrice=99.6880, closePrice=99.6880,}"
2023-06-02 18:26:42,811,US8334451098,BUY,-1996.39,"{buyPrice=166.3662, quantity=12, buyRequestTs=2023-06-02T18:26:42.791, sellRequestTs=2022-07-27T08:48:34.466, change=0, openPrice=164.7673, sellPrice=0.0, minPercent=-7.0, stepChange=0, buySpread=0.4, minPrice=164.7673, name=SNOWFLAKE INC., reset=false, maxPrice=164.7673, closePrice=164.7673,}"
2023-06-02 21:06:44,028,US8522341036,BUY,-1970.42,"{buyPrice=59.7097, quantity=33, buyRequestTs=2023-06-02T21:06:44.017, sellRequestTs=2023-05-23T18:26:07.851, change=0, openPrice=59.5037, sellPrice=0.0, minPercent=-7.0, stepChange=0, buySpread=0.08, minPrice=59.5037, name=Block Inc A, reset=false, maxPrice=59.5037, closePrice=59.5037,}"
2023-06-05 08:38:42,119,US8522341036,SELL,1.97,"{buyPrice=59.7097, quantity=33.0, buyRequestTs=2023-06-02T21:06:44.017, sellRequestTs=2023-05-23T18:26:07.851, change=0, openPrice=58.8103, sellPrice=59.7694, minPercent=-7.0, stepChange=0, buySpread=0.08, minPrice=58.8103, name=Block Inc A, reset=false, maxPrice=58.8103, closePrice=58.8103,}"
2023-06-05 08:54:39,951,US0605051046,SELL,61.15,"{buyPrice=25.9459, quantity=77.0, buyRequestTs=2023-06-01T17:30:38.860, sellRequestTs=2023-05-05T17:46:30.639, change=0, minPercentForce=-4.0, openPrice=26.7570, sellPrice=26.7400, stepChange=0, buySpread=0.02, minPrice=26.7570, name=Bank of America Corp, reset=false, maxPrice=26.7570, closePrice=26.7570,}"
2023-06-05 09:42:41,724,US8334451098,SELL,2.00,"{buyPrice=166.3662, quantity=12.0, buyRequestTs=2023-06-02T18:26:42.791, sellRequestTs=2022-07-27T08:48:34.466, change=0, openPrice=161.9706, sellPrice=166.5326, minPercent=-7.0, stepChange=0, buySpread=0.4, minPrice=161.9706, name=SNOWFLAKE INC., reset=false, maxPrice=161.9706, closePrice=161.9706,}"
2023-06-05 13:26:41,709,US2791581091,BUY,-496.05,"{buyPrice=9.3594, quantity=53, buyRequestTs=2023-06-05T13:26:41.687, sellRequestTs=2022-11-14T17:28:55.756, change=0, openPrice=9.2572, sellPrice=0.0, minPercent=-7.0, stepChange=0, buySpread=0.05, minPrice=9.2572, name=ECOPETROL S.A., reset=false, maxPrice=9.2572, closePrice=9.2572,}"
2023-06-05 16:08:47,288,US2791581091,SELL,0.50,"{buyPrice=9.3594, quantity=53, buyRequestTs=2023-06-05T13:26:41.687, sellRequestTs=2022-11-14T17:28:55.756, change=0, openPrice=9.0718, sellPrice=9.3688, minPercent=-7.0, stepChange=0, buySpread=0.05, minPrice=9.0718, name=ECOPETROL S.A., reset=false, maxPrice=9.0718, closePrice=9.0718,}"
2023-06-05 16:08:58,351,US5128071082,BUY,-1708.11,"{buyPrice=569.3688, quantity=3, buyRequestTs=2023-06-05T16:08:58.338, sellRequestTs=2023-04-03T16:22:20.896, change=0, openPrice=570.7573, sellPrice=0.0, minPercent=-7.0, stepChange=0, buySpread=1.7, minPrice=570.7573, name=Lam Research Corp, reset=false, maxPrice=570.7573, closePrice=570.7573,}"
2023-06-05 20:26:42,503,US2791581091,BUY,-778.53,"{buyPrice=9.1592, quantity=85, buyRequestTs=2023-06-05T20:26:42.455, sellRequestTs=2023-06-05T16:08:47.289, change=0, openPrice=9.1398, sellPrice=0.0, minPercent=-7.0, stepChange=0, buySpread=0.05, minPrice=9.1398, name=ECOPETROL S.A., reset=false, maxPrice=9.1398, closePrice=9.1398,}"
2023-06-05 20:54:43,782,US00287Y1091,SELL,35.71,"{buyPrice=124.3242, quantity=12.0, buyRequestTs=2023-06-02T13:06:55.196, sellRequestTs=2021-09-01T18:47:44.002, change=0, openPrice=127.6347, sellPrice=127.3000, stepChange=0, buySpread=0.2, minPrice=127.6347, name=Abbvie Inc, reset=false, maxPrice=127.6347, closePrice=127.6347,}"
2023-06-05 21:10:42,283,US5128071082,SELL,1.71,"{buyPrice=569.3688, quantity=3, buyRequestTs=2023-06-05T16:08:58.338, sellRequestTs=2023-04-03T16:22:20.896, change=0, openPrice=563.3366, sellPrice=569.9382, minPercent=-7.0, stepChange=0, buySpread=1.7, minPrice=563.3366, name=Lam Research Corp, reset=false, maxPrice=563.3366, closePrice=563.3366,}"
