"TS","MS","ISIN","ACTION","VOL","DATA"
2023-06-01 16:08:41,154,US4781601046,SELL,1.89,"{buyPrice=145.3452, quantity=13.0, buyRequestTs=2023-05-31T19:12:43.875, sellRequestTs=2023-04-03T15:42:20.930, change=0, minPercentForce=-4.0, openPrice=143.6120, sellPrice=145.4905, stepChange=0, buySpread=0.1, minPrice=143.6120, name=Johnson & Johnson, reset=false, maxPrice=143.6120, closePrice=143.6120,}"
2023-06-01 17:30:38,871,US0605051046,BUY,-1997.83,"{buyPrice=25.9459, quantity=77, buyRequestTs=2023-06-01T17:30:38.860, sellRequestTs=2023-05-05T17:46:30.639, change=0, minPercentForce=-4.0, openPrice=25.9148, sellPrice=0.0, stepChange=0, buySpread=0.02, minPrice=25.9148, name=Bank of America Corp, reset=false, maxPrice=25.9148, closePrice=25.9148,}"
2023-06-01 18:26:39,282,HK0941009539,BUY,-1130.63,"{buyPrice=7.5375, quantity=150, buyRequestTs=2023-06-01T18:26:39.273, sellRequestTs=2022-03-15T09:52:21.500, change=0, openPrice=7.4087, sellPrice=0.0, stepChange=0, buySpread=0.135, minPrice=7.4087, name=China Mobile Limited, reset=false, maxPrice=7.4087, closePrice=7.4087,}"
2023-06-01 19:22:39,439,US1912161007,SELL,4.97,"{buyPrice=56.4664, quantity=88.0, buyRequestTs=2023-05-31T21:26:44.196, sellRequestTs=2023-01-18T16:48:54.127, change=0, minPercentForce=-4.0, openPrice=55.6882, sellPrice=56.5229, stepChange=0, tradeAmount=5000.0, buySpread=0.05, minPrice=55.6882, name=Coca-Cola Co, reset=false, maxPrice=55.6882, closePrice=55.6882,}"
2023-06-02 13:06:43,202,US09075V1026,BUY,-1991.19,"{buyPrice=99.5595, quantity=20, buyRequestTs=2023-06-02T13:06:43.158, sellRequestTs=2023-05-10T17:44:37.030, change=0, openPrice=98.2068, sellPrice=0.0, minPercent=-7.0, stepChange=0, buySpread=0.10, minPrice=98.2068, name=BIONTECH SE, reset=false, maxPrice=98.2068, closePrice=98.2068,}"
2023-06-02 13:06:55,205,US00287Y1091,BUY,-1491.89,"{buyPrice=124.3242, quantity=12, buyRequestTs=2023-06-02T13:06:55.196, sellRequestTs=2021-09-01T18:47:44.002, change=0, openPrice=123.9442, sellPrice=0.0, stepChange=0, buySpread=0.2, minPrice=123.9442, name=Abbvie Inc, reset=false, maxPrice=123.9442, closePrice=123.9442,}"
2023-06-02 14:42:41,927,US09075V1026,SELL,1.99,"{buyPrice=99.5595, quantity=20, buyRequestTs=2023-06-02T13:06:43.158, sellRequestTs=2023-05-10T17:44:37.030, change=0, openPrice=99.6880, sellPrice=99.6591, minPercent=-7.0, stepChange=0, buySpread=0.10, minPrice=99.6880, name=BIONTECH SE, reset=false, maxPrice=99.6880, closePrice=99.6880,}"
2023-06-02 18:26:42,811,US8334451098,BUY,-1996.39,"{buyPrice=166.3662, quantity=12, buyRequestTs=2023-06-02T18:26:42.791, sellRequestTs=2022-07-27T08:48:34.466, change=0, openPrice=164.7673, sellPrice=0.0, minPercent=-7.0, stepChange=0, buySpread=0.4, minPrice=164.7673, name=SNOWFLAKE INC., reset=false, maxPrice=164.7673, closePrice=164.7673,}"
2023-06-02 21:06:44,028,US8522341036,BUY,-1970.42,"{buyPrice=59.7097, quantity=33, buyRequestTs=2023-06-02T21:06:44.017, sellRequestTs=2023-05-23T18:26:07.851, change=0, openPrice=59.5037, sellPrice=0.0, minPercent=-7.0, stepChange=0, buySpread=0.08, minPrice=59.5037, name=Block Inc A, reset=false, maxPrice=59.5037, closePrice=59.5037,}"
2023-06-05 08:38:42,119,US8522341036,SELL,1.97,"{buyPrice=59.7097, quantity=33.0, buyRequestTs=2023-06-02T21:06:44.017, sellRequestTs=2023-05-23T18:26:07.851, change=0, openPrice=58.8103, sellPrice=59.7694, minPercent=-7.0, stepChange=0, buySpread=0.08, minPrice=58.8103, name=Block Inc A, reset=false, maxPrice=58.8103, closePrice=58.8103,}"
2023-06-05 08:54:39,951,US0605051046,SELL,61.15,"{buyPrice=25.9459, quantity=77.0, buyRequestTs=2023-06-01T17:30:38.860, sellRequestTs=2023-05-05T17:46:30.639, change=0, minPercentForce=-4.0, openPrice=26.7570, sellPrice=26.7400, stepChange=0, buySpread=0.02, minPrice=26.7570, name=Bank of America Corp, reset=false, maxPrice=26.7570, closePrice=26.7570,}"
2023-06-05 09:42:41,724,US8334451098,SELL,2.00,"{buyPrice=166.3662, quantity=12.0, buyRequestTs=2023-06-02T18:26:42.791, sellRequestTs=2022-07-27T08:48:34.466, change=0, openPrice=161.9706, sellPrice=166.5326, minPercent=-7.0, stepChange=0, buySpread=0.4, minPrice=161.9706, name=SNOWFLAKE INC., reset=false, maxPrice=161.9706, closePrice=161.9706,}"
2023-06-05 13:26:41,709,US2791581091,BUY,-496.05,"{buyPrice=9.3594, quantity=53, buyRequestTs=2023-06-05T13:26:41.687, sellRequestTs=2022-11-14T17:28:55.756, change=0, openPrice=9.2572, sellPrice=0.0, minPercent=-7.0, stepChange=0, buySpread=0.05, minPrice=9.2572, name=ECOPETROL S.A., reset=false, maxPrice=9.2572, closePrice=9.2572,}"
2023-06-05 16:08:47,288,US2791581091,SELL,0.50,"{buyPrice=9.3594, quantity=53, buyRequestTs=2023-06-05T13:26:41.687, sellRequestTs=2022-11-14T17:28:55.756, change=0, openPrice=9.0718, sellPrice=9.3688, minPercent=-7.0, stepChange=0, buySpread=0.05, minPrice=9.0718, name=ECOPETROL S.A., reset=false, maxPrice=9.0718, closePrice=9.0718,}"
2023-06-05 16:08:58,351,US5128071082,BUY,-1708.11,"{buyPrice=569.3688, quantity=3, buyRequestTs=2023-06-05T16:08:58.338, sellRequestTs=2023-04-03T16:22:20.896, change=0, openPrice=570.7573, sellPrice=0.0, minPercent=-7.0, stepChange=0, buySpread=1.7, minPrice=570.7573, name=Lam Research Corp, reset=false, maxPrice=570.7573, closePrice=570.7573,}"
2023-06-05 20:26:42,503,US2791581091,BUY,-778.53,"{buyPrice=9.1592, quantity=85, buyRequestTs=2023-06-05T20:26:42.455, sellRequestTs=2023-06-05T16:08:47.289, change=0, openPrice=9.1398, sellPrice=0.0, minPercent=-7.0, stepChange=0, buySpread=0.05, minPrice=9.1398, name=ECOPETROL S.A., reset=false, maxPrice=9.1398, closePrice=9.1398,}"
2023-06-05 20:54:43,782,US00287Y1091,SELL,35.71,"{buyPrice=124.3242, quantity=12.0, buyRequestTs=2023-06-02T13:06:55.196, sellRequestTs=2021-09-01T18:47:44.002, change=0, openPrice=127.6347, sellPrice=127.3000, stepChange=0, buySpread=0.2, minPrice=127.6347, name=Abbvie Inc, reset=false, maxPrice=127.6347, closePrice=127.6347,}"
2023-06-05 21:10:42,283,US5128071082,SELL,1.71,"{buyPrice=569.3688, quantity=3, buyRequestTs=2023-06-05T16:08:58.338, sellRequestTs=2023-04-03T16:22:20.896, change=0, openPrice=563.3366, sellPrice=569.9382, minPercent=-7.0, stepChange=0, buySpread=1.7, minPrice=563.3366, name=Lam Research Corp, reset=false, maxPrice=563.3366, closePrice=563.3366,}"
2023-06-06 13:46:25,443,US70450Y1038,BUY,-1999.82,"{buyPrice=60.6005, quantity=33, buyRequestTs=2023-06-06T13:46:25.431, sellRequestTs=2023-05-24T13:37:54.910, change=0, openPrice=60.4546, sellPrice=0.0, stepChange=0, buySpread=0.06, minPrice=60.4546, name=PayPal Hldgs. Inc, reset=false, maxPrice=60.4546, closePrice=60.4546,}"
2023-06-06 13:46:36,375,US8522341036,BUY,-1959.85,"{buyPrice=59.3893, quantity=33, buyRequestTs=2023-06-06T13:46:36.340, sellRequestTs=2023-06-05T08:38:42.125, change=0, openPrice=59.1500, sellPrice=0.0, minPercent=-7.0, stepChange=0, buySpread=0.11, minPrice=59.1500, name=Block Inc A, reset=false, maxPrice=59.1500, closePrice=59.1500,}"
2023-06-06 13:56:12,950,CA82509L1076,BUY,-1996.10,"{buyPrice=58.7087, quantity=34, buyRequestTs=2023-06-06T13:56:12.939, sellRequestTs=2023-05-19T18:18:07.547, change=0, openPrice=57.7842, sellPrice=0.0, minPercent=-7.0, stepChange=0, buySpread=0.30, minPrice=57.7842, name=SHOPIFY INC., reset=false, maxPrice=57.7842, closePrice=57.7842,}"
2023-06-06 18:36:12,245,US23331A1097,BUY,-1815.71,"{buyPrice=106.8067, quantity=17, buyRequestTs=2023-06-06T18:36:12.233, change=0, openPrice=105.9734, sellPrice=0.0, minPercent=-7.0, stepChange=0, buySpread=0.55, minPrice=105.9734, name=D.R. Horton Inc, reset=false, maxPrice=105.9734, closePrice=105.9734,}"
2023-06-06 21:56:12,677,US7475251036,BUY,-1961.44,"{buyPrice=108.9689, quantity=18, buyRequestTs=2023-06-06T21:56:12.638, sellRequestTs=2022-02-22T11:41:30.730, change=0, openPrice=108.6803, sellPrice=0.0, stepChange=0, buySpread=0.04, minPrice=108.6803, name=QUALCOMM INC., reset=false, maxPrice=108.6803, closePrice=108.6803,}"
2023-06-07 08:00:43,178,HK0941009539,SELL,1.13,"{buyPrice=7.5375, quantity=150.0, buyRequestTs=2023-06-01T18:26:39.273, sellRequestTs=2022-03-15T09:52:21.500, change=0, openPrice=7.7205, sellPrice=7.5450, stepChange=0, buySpread=0.135, minPrice=7.7205, name=China Mobile Limited, reset=false, maxPrice=7.7205, closePrice=7.7205,}"
2023-06-07 10:06:39,597,CA82509L1076,SELL,30.30,"{buyPrice=58.7087, quantity=34.0, buyRequestTs=2023-06-06T13:56:12.939, sellRequestTs=2023-05-19T18:18:07.547, change=0, openPrice=59.6309, sellPrice=59.6000, minPercent=-7.0, stepChange=0, buySpread=0.3, minPrice=59.6309, name=SHOPIFY INC., reset=false, maxPrice=59.6309, closePrice=59.6309,}"
2023-06-07 10:38:39,635,US2791581091,SELL,20.47,"{buyPrice=9.1592, quantity=85.0, buyRequestTs=2023-06-05T20:26:42.455, sellRequestTs=2023-06-05T16:08:47.289, change=0, openPrice=9.3469, sellPrice=9.4000, minPercent=-7.0, stepChange=0, buySpread=0.05, minPrice=9.3469, name=ECOPETROL S.A., reset=false, maxPrice=9.3469, closePrice=9.3469,}"
2023-06-07 16:50:40,553,US8522341036,SELL,53.15,"{buyPrice=59.3893, quantity=33.0, buyRequestTs=2023-06-06T13:46:36.340, sellRequestTs=2023-06-05T08:38:42.125, change=0, openPrice=62.0965, sellPrice=61.0000, minPercent=-7.0, stepChange=0, buySpread=0.11, minPrice=62.0965, name=Block Inc A, reset=false, maxPrice=62.0965, closePrice=62.0965,}"
2023-06-07 16:58:40,367,US70450Y1038,SELL,2.00,"{buyPrice=60.6005, quantity=33.0, buyRequestTs=2023-06-06T13:46:25.431, sellRequestTs=2023-05-24T13:37:54.910, change=0, openPrice=59.7721, sellPrice=60.6611, stepChange=0, buySpread=0.06, minPrice=59.7721, name=PayPal Hldgs. Inc, reset=false, maxPrice=59.7721, closePrice=59.7721,}"
2023-06-07 19:56:40,204,US7475251036,SELL,1.96,"{buyPrice=108.9689, quantity=18.0, buyRequestTs=2023-06-06T21:56:12.638, sellRequestTs=2022-02-22T11:41:30.730, change=0, openPrice=107.4871, sellPrice=109.0779, stepChange=0, buySpread=0.04, minPrice=107.4871, name=QUALCOMM INC., reset=false, maxPrice=107.4871, closePrice=107.4871,}"
2023-06-13 14:16:44,341,HK0941009539,BUY,-498.80,"{buyPrice=7.5576, quantity=66, buyRequestTs=2023-06-13T14:16:44.327, sellRequestTs=2023-06-07T08:00:43.181, change=0, openPrice=7.4700, sellPrice=0.0, stepChange=0, buySpread=0.08, minPrice=7.4700, name=China Mobile Limited, reset=false, maxPrice=7.4700, closePrice=7.4700,}"
2023-06-14 09:46:38,567,US91324P1021,BUY,-1755.75,"{buyPrice=438.9385, quantity=4, buyRequestTs=2023-06-14T09:46:38.553, sellRequestTs=2022-02-22T12:42:03.761, change=0, openPrice=437.7138, sellPrice=0.0, stepChange=0, buySpread=1.5, minPrice=437.7138, name=Unitedhealth Grp. Inc, reset=false, maxPrice=437.7138, closePrice=437.7138,}"
2023-06-14 10:56:38,203,US2791581091,BUY,-1093.59,"{buyPrice=9.5095, quantity=115, buyRequestTs=2023-06-14T10:56:38.191, sellRequestTs=2023-06-07T10:38:39.635, change=0, openPrice=9.4000, sellPrice=0.0, minPercent=-7.0, stepChange=0, buySpread=0.1, minPrice=9.4000, name=ECOPETROL S.A., reset=false, maxPrice=9.4000, closePrice=9.4000,}"
2023-06-14 13:32:40,271,US91324P1021,SELL,1.76,"{buyPrice=438.9385, quantity=4, buyRequestTs=2023-06-14T09:46:38.553, sellRequestTs=2022-02-22T12:42:03.761, change=0, openPrice=431.8038, sellPrice=439.3774, stepChange=0, buySpread=1.5, minPrice=431.8038, name=Unitedhealth Grp. Inc, reset=false, maxPrice=431.8038, closePrice=431.8038,}"
2023-06-14 13:36:39,440,US0079031078,BUY,-1907.19,"{buyPrice=119.1991, quantity=16, buyRequestTs=2023-06-14T13:36:39.400, sellRequestTs=2023-05-05T10:40:30.640, change=0, openPrice=118.0896, sellPrice=0.0, stepChange=0, buySpread=0.18, minPrice=118.0896, name=Advanced Micro Devices Inc, reset=false, maxPrice=118.0896, closePrice=118.0896,}"
2023-06-14 16:08:39,382,US0079031078,SELL,1.91,"{buyPrice=119.1991, quantity=16, buyRequestTs=2023-06-14T13:36:39.400, sellRequestTs=2023-05-05T10:40:30.640, change=0, openPrice=116.5383, sellPrice=119.3183, stepChange=0, buySpread=0.18, minPrice=116.5383, name=Advanced Micro Devices Inc, reset=false, maxPrice=116.5383, closePrice=116.5383,}"
2023-06-14 18:26:40,232,US91324P1021,BUY,-1681.68,"{buyPrice=420.4200, quantity=4, buyRequestTs=2023-06-14T18:26:40.169, sellRequestTs=2023-06-14T13:32:40.272, change=0, openPrice=419.4419, sellPrice=0.0, stepChange=0, buySpread=0.5, minPrice=419.4419, name=Unitedhealth Grp. Inc, reset=false, maxPrice=419.4419, closePrice=419.4419,}"
2023-06-15 16:47:04,912,US00507V1098,BUY,-1937.64,"{buyPrice=74.5245, quantity=26, buyRequestTs=2023-06-15T16:47:04.901, change=0, openPrice=74.2750, sellPrice=0.0, minPercent=-7.0, stepChange=0, buySpread=0.05, minPrice=74.2750, name=Activision Blizzard Inc, reset=false, maxPrice=74.2750, closePrice=74.2750,}"
2023-06-15 20:43:06,313,US91324P1021,SELL,22.32,"{buyPrice=420.42, quantity=4.0, buyRequestTs=2023-06-14T18:26:40.169, sellRequestTs=2023-06-14T13:32:40.272, change=0, openPrice=427.6137, sellPrice=426.0000, stepChange=0, buySpread=0.5, minPrice=427.6137, name=Unitedhealth Grp. Inc, reset=false, maxPrice=427.6137, closePrice=427.6137,}"
2023-06-16 15:46:42,231,US8522341036,BUY,-1965.16,"{buyPrice=61.4114, quantity=32, buyRequestTs=2023-06-16T15:46:42.201, sellRequestTs=2023-06-07T16:50:40.553, change=0, openPrice=61.0414, sellPrice=0.0, minPercent=-7.0, stepChange=0, buySpread=0.10, minPrice=61.0414, name=Block Inc A, reset=false, maxPrice=61.0414, closePrice=61.0414,}"
2023-06-16 18:04:42,648,US8522341036,SELL,1.96,"{buyPrice=61.4114, quantity=32, buyRequestTs=2023-06-16T15:46:42.201, sellRequestTs=2023-06-07T16:50:40.553, change=0, openPrice=60.3271, sellPrice=61.4728, minPercent=-7.0, stepChange=0, buySpread=0.10, minPrice=60.3271, name=Block Inc A, reset=false, maxPrice=60.3271, closePrice=60.3271,}"
2023-06-20 15:16:40,804,US70450Y1038,BUY,-1981.50,"{buyPrice=61.9219, quantity=32, buyRequestTs=2023-06-20T15:16:40.755, sellRequestTs=2023-06-07T16:58:40.367, change=0, openPrice=61.6872, sellPrice=0.0, stepChange=0, buySpread=0.15, minPrice=61.6872, name=PayPal Hldgs. Inc, reset=false, maxPrice=61.6872, closePrice=61.6872,}"
2023-06-20 18:52:40,175,US23331A1097,SELL,12.64,"{buyPrice=106.8067, quantity=17.0, buyRequestTs=2023-06-06T18:36:12.233, change=0, openPrice=107.8226, sellPrice=107.5500, minPercent=-7.0, stepChange=0, buySpread=0.55, minPrice=107.8226, name=D.R. Horton Inc, reset=false, maxPrice=107.8226, closePrice=107.8226,}"
2023-06-21 15:54:42,361,US70450Y1038,SELL,18.50,"{buyPrice=61.9219, quantity=32.0, buyRequestTs=2023-06-20T15:16:40.755, sellRequestTs=2023-06-07T16:58:40.367, change=0, openPrice=62.9119, sellPrice=62.5000, stepChange=0, buySpread=0.15, minPrice=62.9119, name=PayPal Hldgs. Inc, reset=false, maxPrice=62.9119, closePrice=62.9119,}"
2023-06-21 16:02:42,373,HK0941009539,SELL,0.50,"{buyPrice=7.5576, quantity=66.0, buyRequestTs=2023-06-13T14:16:44.327, sellRequestTs=2023-06-07T08:00:43.181, change=0, openPrice=7.3102, sellPrice=7.5652, stepChange=0, buySpread=0.08, minPrice=7.3102, name=China Mobile Limited, reset=false, maxPrice=7.3102, closePrice=7.3102,}"
2023-06-21 20:26:41,547,HK0941009539,BUY,-495.96,"{buyPrice=7.4024, quantity=67, buyRequestTs=2023-06-21T20:26:41.538, sellRequestTs=2023-06-21T16:02:42.373, change=0, openPrice=7.2700, sellPrice=0.0, stepChange=0, buySpread=0.125, minPrice=7.2700, name=China Mobile Limited, reset=false, maxPrice=7.2700, closePrice=7.2700,}"
2023-06-22 08:02:44,857,US2791581091,SELL,1.09,"{buyPrice=9.5095, quantity=115.0, buyRequestTs=2023-06-14T10:56:38.191, sellRequestTs=2023-06-07T10:38:39.635, change=0, openPrice=9.6323, sellPrice=9.5190, minPercent=-7.0, stepChange=0, buySpread=0.1, minPrice=9.6323, name=ECOPETROL S.A., reset=false, maxPrice=9.6323, closePrice=9.6323,}"
2023-06-22 08:38:45,446,US00507V1098,SELL,1.94,"{buyPrice=74.5245, quantity=26.0, buyRequestTs=2023-06-15T16:47:04.901, change=0, openPrice=73.3385, sellPrice=74.5990, minPercent=-7.0, stepChange=0, buySpread=0.05, minPrice=73.3385, name=Activision Blizzard Inc, reset=false, maxPrice=73.3385, closePrice=73.3385,}"
2023-06-22 10:06:43,472,US2791581091,BUY,-720.72,"{buyPrice=9.6096, quantity=75, buyRequestTs=2023-06-22T10:06:43.460, sellRequestTs=2023-06-22T08:02:44.859, change=0, openPrice=9.5217, sellPrice=0.0, minPercent=-7.0, stepChange=0, buySpread=0.15, minPrice=9.5217, name=ECOPETROL S.A., reset=false, maxPrice=9.5217, closePrice=9.5217,}"
2023-06-22 16:16:43,356,US70450Y1038,BUY,-1984.38,"{buyPrice=62.0120, quantity=32, buyRequestTs=2023-06-22T16:16:43.345, sellRequestTs=2023-06-21T15:54:42.363, change=0, openPrice=61.4769, sellPrice=0.0, stepChange=0, buySpread=0.06, minPrice=61.4769, name=PayPal Hldgs. Inc, reset=false, maxPrice=61.4769, closePrice=61.4769,}"
2023-06-22 19:46:43,732,US23331A1097,BUY,-1416.47,"{buyPrice=108.9589, quantity=13, buyRequestTs=2023-06-22T19:46:43.718, sellRequestTs=2023-06-20T18:52:40.175, change=0, openPrice=108.1944, sellPrice=0.0, minPercent=-7.0, stepChange=0, buySpread=0.50, minPrice=108.1944, name=D.R. Horton Inc, reset=false, maxPrice=108.1944, closePrice=108.1944,}"
2023-06-23 11:16:40,937,US5486611073,BUY,-1984.38,"{buyPrice=198.4382, quantity=10, buyRequestTs=2023-06-23T11:16:40.923, sellRequestTs=2021-08-18T14:06:06.941, change=0, openPrice=196.2059, sellPrice=0.0, stepChange=0, buySpread=1.96, minPrice=196.2059, name=Lowe's Companies Inc, reset=false, maxPrice=196.2059, closePrice=196.2059,}"
2023-06-23 15:06:40,949,US70450Y1038,SELL,1.98,"{buyPrice=62.012, quantity=32.0, buyRequestTs=2023-06-22T16:16:43.345, sellRequestTs=2023-06-21T15:54:42.363, change=0, openPrice=62.2424, sellPrice=62.0740, stepChange=0, buySpread=0.06, minPrice=62.2424, name=PayPal Hldgs. Inc, reset=false, maxPrice=62.2424, closePrice=62.2424,}"
2023-06-26 10:04:42,392,US2791581091,SELL,0.72,"{buyPrice=9.6096, quantity=75.0, buyRequestTs=2023-06-22T10:06:43.460, sellRequestTs=2023-06-22T08:02:44.859, change=0, openPrice=9.2576, sellPrice=9.6192, minPercent=-7.0, stepChange=0, buySpread=0.15, minPrice=9.2576, name=ECOPETROL S.A., reset=false, maxPrice=9.2576, closePrice=9.2576,}"
2023-06-26 16:14:43,604,US0605051046,BUY,-1977.80,"{buyPrice=25.6857, quantity=77, buyRequestTs=2023-06-26T16:14:43.591, sellRequestTs=2023-06-05T08:54:39.951, change=0, minPercentForce=-4.0, openPrice=25.6629, sellPrice=0.0, stepChange=0, buySpread=0.04, minPrice=25.6629, name=Bank of America Corp, reset=false, maxPrice=25.6629, closePrice=25.6629,}"
2023-06-26 17:16:42,369,US23331A1097,SELL,2.48,"{buyPrice=108.9589, quantity=13.0, buyRequestTs=2023-06-22T19:46:43.718, sellRequestTs=2023-06-20T18:52:40.175, change=0, openPrice=110.0616, sellPrice=109.1500, minPercent=-7.0, stepChange=0, buySpread=0.5, minPrice=110.0616, name=D.R. Horton Inc, reset=false, maxPrice=110.0616, closePrice=110.0616,}"
2023-06-28 13:12:44,294,US5486611073,SELL,33.12,"{buyPrice=198.4382, quantity=10.0, buyRequestTs=2023-06-23T11:16:40.923, sellRequestTs=2021-08-18T14:06:06.941, change=0, openPrice=201.6261, sellPrice=201.7500, stepChange=0, buySpread=1.96, minPrice=201.6261, name=Lowe's Companies Inc, reset=false, maxPrice=201.6261, closePrice=201.6261,}"
2023-06-29 12:56:41,302,US09075V1026,BUY,-1963.96,"{buyPrice=98.1981, quantity=20, buyRequestTs=2023-06-29T12:56:41.289, sellRequestTs=2023-06-02T14:42:41.928, change=0, openPrice=96.5092, sellPrice=0.0, minPercent=-7.0, stepChange=0, buySpread=0.28, minPrice=96.5092, name=BIONTECH SE, reset=false, maxPrice=96.5092, closePrice=96.5092,}"
2023-06-29 17:20:42,144,US0605051046,SELL,51.92,"{buyPrice=25.6857, quantity=77.0, buyRequestTs=2023-06-26T16:14:43.591, sellRequestTs=2023-06-05T08:54:39.951, change=0, minPercentForce=-4.0, openPrice=26.3620, sellPrice=26.3600, stepChange=0, buySpread=0.04, minPrice=26.3620, name=Bank of America Corp, reset=false, maxPrice=26.3620, closePrice=26.3620,}"
2023-06-29 17:50:42,552,US09075V1026,SELL,1.96,"{buyPrice=98.1981, quantity=20, buyRequestTs=2023-06-29T12:56:41.289, sellRequestTs=2023-06-02T14:42:41.928, change=0, openPrice=98.1803, sellPrice=98.2963, minPercent=-7.0, stepChange=0, buySpread=0.28, minPrice=98.1803, name=BIONTECH SE, reset=false, maxPrice=98.1803, closePrice=98.1803,}"
