"TS","MS","ISIN","ACTION","VOL","DATA"
2023-02-24 08:04:33,668,US29355A1079,SELL,5.70,"{buyPrice=188.4483, quantity=2.0, buyRequestTs=2023-02-23T16:56:41.761, sellRequestTs=2023-02-23T16:11:46.859, change=0, openPrice=192.9533, sellPrice=191.3000, minPercent=-7.0, stepChange=0, buySpread=0.74, minPrice=192.9533, name=Enphase Energy Inc, reset=false, maxPrice=192.9533, closePrice=192.9533,}"
2023-02-24 08:17:59,116,US0970231058,SELL,1.97,"{buyPrice=196.7966, quantity=10.0, buyRequestTs=2023-02-23T16:17:12.169, sellRequestTs=2023-02-16T21:03:55.764, change=0, openPrice=194.2898, sellPrice=196.9934, stepChange=0, buySpread=0.18, minPrice=194.2898, name=Boeing Co, reset=false, maxPrice=194.2898, closePrice=194.2898,}"
2023-02-24 08:34:02,959,US5398301094,SELL,1.82,"{buyPrice=454.6542, quantity=4.0, buyRequestTs=2023-02-23T16:17:23.206, sellRequestTs=2023-02-16T16:01:34.713, change=0, openPrice=447.8116, sellPrice=455.1089, stepChange=0, buySpread=0.9, minPrice=447.8116, name=Lockheed Martin Corp, reset=false, maxPrice=447.8116, closePrice=447.8116,}"
2023-02-24 15:01:19,354,NO0010096985,SELL,6.56,"{buyPrice=29.0891, quantity=17.0, buyRequestTs=2023-02-23T09:56:54.616, sellRequestTs=2023-01-27T17:13:45.124, change=0, openPrice=29.3978, sellPrice=29.4750, minPercent=-7.0, stepChange=0, buySpread=0.06, minPrice=29.3978, name=Equinor ASA, reset=false, maxPrice=29.3978, closePrice=29.3978,}"
2023-02-24 15:20:26,513,US57636Q1040,SELL,1.69,"{buyPrice=338.6383, quantity=5.0, buyRequestTs=2023-02-23T10:12:58.012, sellRequestTs=2022-12-19T17:59:15.771, change=0, minPercentForce=-4.0, openPrice=332.2196, sellPrice=338.9769, stepChange=0, buySpread=0.9, minPrice=332.2196, name=Mastercard Inc -A, reset=false, maxPrice=332.2196, closePrice=332.2196,}"
2023-02-24 15:37:00,525,US5398301094,BUY,-1828.03,"{buyPrice=457.0066, quantity=4, buyRequestTs=2023-02-24T15:37:00.517, sellRequestTs=2023-02-24T08:34:02.961, change=0, openPrice=454.0681, sellPrice=0.0, stepChange=0, buySpread=1.05, minPrice=454.0681, name=Lockheed Martin Corp, reset=false, maxPrice=454.0681, closePrice=454.0681,}"
2023-02-24 15:46:37,417,US75513E1010,BUY,-1975.97,"{buyPrice=94.0940, quantity=21, buyRequestTs=2023-02-24T15:46:37.408, sellRequestTs=2023-02-21T16:04:40.097, change=0, openPrice=94.1000, sellPrice=0.0, stepChange=0, buySpread=0.2, minPrice=94.1000, name=RAYTHEON TECHNOLOGIES CORP., reset=false, maxPrice=94.1000, closePrice=94.1000,}"
2023-02-24 15:56:22,226,US0394831020,BUY,-462.64,"{buyPrice=77.1070, quantity=6, buyRequestTs=2023-02-24T15:56:22.217, sellRequestTs=2023-02-23T17:29:52.008, change=0, openPrice=77.1544, sellPrice=0.0, minPercent=-7.0, stepChange=0, buySpread=0.17, minPrice=77.1544, name=Archer Daniels Midland Co., reset=false, maxPrice=77.1544, closePrice=77.1544,}"
2023-02-24 17:16:34,876,US67066G1040,BUY,-438.64,"{buyPrice=219.3191, quantity=2, buyRequestTs=2023-02-24T17:16:34.865, sellRequestTs=2023-02-23T17:35:24.670, change=0, openPrice=218.2813, sellPrice=0.0, stepChange=0, buySpread=0.15, minPrice=218.2813, name=NVIDIA Corp, reset=false, maxPrice=218.2813, closePrice=218.2813,}"
2023-02-24 17:26:37,216,US8522341036,BUY,-431.77,"{buyPrice=71.9619, quantity=6, buyRequestTs=2023-02-24T17:26:37.204, sellRequestTs=2023-02-13T20:47:25.743, change=0, openPrice=70.9576, sellPrice=0.0, minPercent=-7.0, stepChange=0, buySpread=0.10, minPrice=70.9576, name=Block Inc A, reset=false, maxPrice=70.9576, closePrice=70.9576,}"
2023-02-24 17:58:43,806,US8522341036,BUY,-438.50,"{buyPrice=73.0830, quantity=6, buyRequestTs=2023-02-24T17:58:43.797, sellRequestTs=2023-02-13T20:47:25.743, change=0, openPrice=72.4870, sellPrice=0.0, minPercent=-7.0, stepChange=0, buySpread=0.12, minPrice=72.4870, name=Block Inc A, reset=false, maxPrice=72.4870, closePrice=72.4870,}"
2023-02-24 18:44:21,145,US2441991054,SELL,0.40,"{buyPrice=401.4511, quantity=1.0, buyRequestTs=2023-02-17T17:26:11.306, change=0, openPrice=395.4717, sellPrice=401.8526, minPercent=-7.0, stepChange=0, buySpread=1.4, minPrice=395.4717, name=DEERE & CO., reset=false, maxPrice=395.4717, closePrice=395.4717,}"
2023-02-27 10:46:34,384,US7170811035,BUY,-781.98,"{buyPrice=39.0991, quantity=20, buyRequestTs=2023-02-27T10:46:34.374, sellRequestTs=2022-12-13T15:21:57.396, change=0, openPrice=38.9796, sellPrice=0.0, minPercent=-7.0, stepChange=0, buySpread=0.06, minPrice=38.9796, name=Pfizer Inc, reset=false, maxPrice=38.9796, closePrice=38.9796,}"
2023-02-27 12:26:44,894,DE0005140008,BUY,-1991.06,"{buyPrice=11.6436, quantity=171, buyRequestTs=2023-02-27T12:26:44.884, sellRequestTs=2023-02-22T10:56:02.871, change=0, openPrice=11.6331, sellPrice=0.0, minPercent=-7.0, stepChange=0, buySpread=0.002, minPrice=11.6331, name=Deutsche Bank AG, reset=false, maxPrice=11.6331, closePrice=11.6331,}"
2023-02-27 13:56:55,232,US30303M1027,BUY,-1947.87,"{buyPrice=162.3222, quantity=12, buyRequestTs=2023-02-27T13:56:55.222, sellRequestTs=2023-02-21T16:39:23.776, change=0, openPrice=162.1679, sellPrice=0.0, stepChange=0, buySpread=0.06, minPrice=162.1679, name=Meta Platforms Inc A, reset=false, maxPrice=162.1679, closePrice=162.1679,}"
2023-02-27 15:18:57,958,US8522341036,SELL,0.44,"{buyPrice=73.083, quantity=6.0, buyRequestTs=2023-02-24T17:58:43.797, sellRequestTs=2023-02-13T20:47:25.743, change=0, openPrice=73.3431, sellPrice=73.1561, minPercent=-7.0, stepChange=0, buySpread=0.12, minPrice=73.3431, name=Block Inc A, reset=false, maxPrice=73.3431, closePrice=73.3431,}"
2023-02-27 15:36:57,729,US58733R1023,BUY,-1107.31,"{buyPrice=1107.3062, quantity=1, buyRequestTs=2023-02-27T15:36:57.716, sellRequestTs=2022-10-17T19:28:41.775, change=0, openPrice=1105.7653, sellPrice=0.0, minPercent=-7.0, stepChange=0, buySpread=3.8, minPrice=1105.7653, name=MercadoLibre Inc, reset=false, maxPrice=1105.7653, closePrice=1105.7653,}"
2023-02-27 16:17:56,013,US17275R1023,BUY,-465.12,"{buyPrice=46.5115, quantity=10, buyRequestTs=2023-02-27T16:17:56.004, sellRequestTs=2023-02-21T09:34:59.010, change=0, openPrice=46.4082, sellPrice=0.0, stepChange=0, buySpread=0.020, minPrice=46.4082, name=Cisco Systems Inc, reset=false, maxPrice=46.4082, closePrice=46.4082,}"
2023-02-27 16:18:06,897,US0527691069,BUY,-376.74,"{buyPrice=188.3682, quantity=2, buyRequestTs=2023-02-27T16:18:06.886, sellRequestTs=2022-08-25T11:23:40.066, change=0, openPrice=187.6533, sellPrice=0.0, minPercent=-7.0, stepChange=0, buySpread=0.56, minPrice=187.6533, name=Autodesk Inc, reset=false, maxPrice=187.6533, closePrice=187.6533,}"
2023-02-27 16:32:58,393,US67066G1040,SELL,5.96,"{buyPrice=219.3191, quantity=2.0, buyRequestTs=2023-02-24T17:16:34.865, sellRequestTs=2023-02-23T17:35:24.670, change=0, openPrice=223.1873, sellPrice=222.3000, stepChange=0, buySpread=0.15, minPrice=223.1873, name=NVIDIA Corp, reset=false, maxPrice=223.1873, closePrice=223.1873,}"
2023-02-27 16:33:54,991,US67066G1040,BUY,-1779.78,"{buyPrice=222.4723, quantity=8, buyRequestTs=2023-02-27T16:33:54.981, sellRequestTs=2023-02-27T16:32:58.393, change=0, openPrice=222.8693, sellPrice=0.0, stepChange=0, buySpread=0.15, minPrice=222.8693, name=NVIDIA Corp, reset=false, maxPrice=222.8693, closePrice=222.8693,}"
2023-02-27 17:43:55,747,US30303M1027,SELL,1.95,"{buyPrice=162.3222, quantity=12.0, buyRequestTs=2023-02-27T13:56:55.222, sellRequestTs=2023-02-21T16:39:23.776, change=0, openPrice=160.4824, sellPrice=162.4845, stepChange=0, buySpread=0.06, minPrice=160.4824, name=Meta Platforms Inc A, reset=false, maxPrice=160.4824, closePrice=160.4824,}"
2023-02-27 20:57:31,271,US17275R1023,SELL,0.47,"{buyPrice=46.5115, quantity=10.0, buyRequestTs=2023-02-27T16:17:56.004, sellRequestTs=2023-02-21T09:34:59.010, change=0, openPrice=45.9077, sellPrice=46.5580, stepChange=0, buySpread=0.02, minPrice=45.9077, name=Cisco Systems Inc, reset=false, maxPrice=45.9077, closePrice=45.9077,}"
2023-02-27 21:43:30,711,US7170811035,SELL,0.78,"{buyPrice=39.0991, quantity=20.0, buyRequestTs=2023-02-27T10:46:34.374, sellRequestTs=2022-12-13T15:21:57.396, change=0, openPrice=38.5258, sellPrice=39.1382, minPercent=-7.0, stepChange=0, buySpread=0.06, minPrice=38.5258, name=Pfizer Inc, reset=false, maxPrice=38.5258, closePrice=38.5258,}"
2023-02-28 08:14:24,128,US0527691069,SELL,0.38,"{buyPrice=188.3682, quantity=2.0, buyRequestTs=2023-02-27T16:18:06.886, sellRequestTs=2022-08-25T11:23:40.066, change=0, openPrice=185.1608, sellPrice=188.5566, minPercent=-7.0, stepChange=0, buySpread=0.56, minPrice=185.1608, name=Autodesk Inc, reset=false, maxPrice=185.1608, closePrice=185.1608,}"
2023-02-28 08:40:24,978,US5398301094,SELL,1.83,"{buyPrice=457.0066, quantity=4.0, buyRequestTs=2023-02-24T15:37:00.517, sellRequestTs=2023-02-24T08:34:02.961, change=0, openPrice=448.2376, sellPrice=457.4636, stepChange=0, buySpread=1.05, minPrice=448.2376, name=Lockheed Martin Corp, reset=false, maxPrice=448.2376, closePrice=448.2376,}"
2023-02-28 08:40:36,220,DE0005140008,SELL,1.98,"{buyPrice=11.6436, quantity=171.0, buyRequestTs=2023-02-27T12:26:44.884, sellRequestTs=2023-02-22T10:56:02.871, change=0, openPrice=11.5094, sellPrice=11.6552, minPercent=-7.0, stepChange=0, buySpread=0.002, minPrice=11.5094, name=Deutsche Bank AG, reset=false, maxPrice=11.5094, closePrice=11.5094,}"
2023-02-28 09:06:24,380,US58733R1023,SELL,1.11,"{buyPrice=1107.3062, quantity=1.0, buyRequestTs=2023-02-27T15:36:57.716, sellRequestTs=2022-10-17T19:28:41.775, change=0, openPrice=1110.6474, sellPrice=1108.4135, minPercent=-7.0, stepChange=0, buySpread=3.8, minPrice=1110.6474, name=MercadoLibre Inc, reset=false, maxPrice=1110.6474, closePrice=1110.6474,}"
2023-02-28 09:54:24,608,US67066G1040,SELL,1.78,"{buyPrice=222.4723, quantity=8.0, buyRequestTs=2023-02-27T16:33:54.981, sellRequestTs=2023-02-27T16:32:58.393, change=0, openPrice=219.6446, sellPrice=222.6948, stepChange=0, buySpread=0.15, minPrice=219.6446, name=NVIDIA Corp, reset=false, maxPrice=219.6446, closePrice=219.6446,}"
2023-02-28 10:32:23,891,US0394831020,SELL,0.46,"{buyPrice=77.107, quantity=6.0, buyRequestTs=2023-02-24T15:56:22.217, sellRequestTs=2023-02-23T17:29:52.008, change=0, openPrice=76.2125, sellPrice=77.1841, minPercent=-7.0, stepChange=0, buySpread=0.17, minPrice=76.2125, name=Archer Daniels Midland Co., reset=false, maxPrice=76.2125, closePrice=76.2125,}"
2023-02-28 12:06:26,403,DE0008404005,BUY,-444.64,"{buyPrice=222.3221, quantity=2, buyRequestTs=2023-02-28T12:06:26.394, sellRequestTs=2022-03-11T13:59:02.503, change=0, openPrice=221.9223, sellPrice=0.0, stepChange=0, buySpread=0.05, minPrice=221.9223, name=Allianz SE NA, reset=false, maxPrice=221.9223, closePrice=221.9223,}"
2023-02-28 15:38:25,281,US0394831020,BUY,-456.52,"{buyPrice=76.0860, quantity=6, buyRequestTs=2023-02-28T15:38:25.271, sellRequestTs=2023-02-28T10:32:23.891, change=0, openPrice=76.2706, sellPrice=0.0, minPercent=-7.0, stepChange=0, buySpread=0.16, minPrice=76.2706, name=Archer Daniels Midland Co., reset=false, maxPrice=76.2706, closePrice=76.2706,}"
2023-02-28 15:46:24,754,DE0005140008,BUY,-1993.49,"{buyPrice=11.7958, quantity=169, buyRequestTs=2023-02-28T15:46:24.744, sellRequestTs=2023-02-28T08:40:36.221, change=0, openPrice=11.7852, sellPrice=0.0, minPercent=-7.0, stepChange=0, buySpread=0.002, minPrice=11.7852, name=Deutsche Bank AG, reset=false, maxPrice=11.7852, closePrice=11.7852,}"
2023-02-28 16:16:25,343,US58733R1023,BUY,-1130.33,"{buyPrice=1130.3292, quantity=1, buyRequestTs=2023-02-28T16:16:25.334, sellRequestTs=2023-02-28T09:06:24.380, change=0, openPrice=1121.9816, sellPrice=0.0, minPercent=-7.0, stepChange=0, buySpread=4.0, minPrice=1121.9816, name=MercadoLibre Inc, reset=false, maxPrice=1121.9816, closePrice=1121.9816,}"
2023-02-28 16:42:24,778,US75513E1010,SELL,1.98,"{buyPrice=94.094, quantity=21.0, buyRequestTs=2023-02-24T15:46:37.408, sellRequestTs=2023-02-21T16:04:40.097, change=0, openPrice=92.8914, sellPrice=94.1881, stepChange=0, buySpread=0.2, minPrice=92.8914, name=RAYTHEON TECHNOLOGIES CORP., reset=false, maxPrice=92.8914, closePrice=92.8914,}"
2023-02-28 16:46:24,715,US0394831020,SELL,0.46,"{buyPrice=76.0860, quantity=6, buyRequestTs=2023-02-28T15:38:25.271, sellRequestTs=2023-02-28T10:32:23.891, change=0, openPrice=75.3421, sellPrice=76.1621, minPercent=-7.0, stepChange=0, buySpread=0.16, minPrice=75.3421, name=Archer Daniels Midland Co., reset=false, maxPrice=75.3421, closePrice=75.3421,}"
2023-02-28 20:18:25,374,US0394831020,BUY,-449.67,"{buyPrice=74.9449, quantity=6, buyRequestTs=2023-02-28T20:18:25.352, sellRequestTs=2023-02-28T16:46:24.715, change=0, openPrice=74.9544, sellPrice=0.0, minPercent=-7.0, stepChange=0, buySpread=0.15, minPrice=74.9544, name=Archer Daniels Midland Co., reset=false, maxPrice=74.9544, closePrice=74.9544,}"
2023-03-01 09:48:23,287,DE0007037129,SELL,0.48,"{buyPrice=40.06, quantity=12.0, buyRequestTs=2023-02-23T11:07:20.223, sellRequestTs=2023-02-21T15:55:13.391, change=0, openPrice=39.5678, sellPrice=40.1001, minPercent=-7.0, stepChange=0, buySpread=0.02, minPrice=39.5678, name=RWE AG, reset=false, maxPrice=39.5678, closePrice=39.5678,}"
2023-03-01 10:08:20,437,US58733R1023,SELL,11.87,"{buyPrice=1130.3292, quantity=1.0, buyRequestTs=2023-02-28T16:16:25.334, sellRequestTs=2023-02-28T09:06:24.380, change=0, openPrice=1137.9452, sellPrice=1142.2000, minPercent=-7.0, stepChange=0, buySpread=4.0, minPrice=1137.9452, name=MercadoLibre Inc, reset=false, maxPrice=1137.9452, closePrice=1137.9452,}"
2023-03-01 11:56:25,062,US30303M1027,BUY,-1983.66,"{buyPrice=165.3051, quantity=12, buyRequestTs=2023-03-01T11:56:25.053, sellRequestTs=2023-02-27T17:43:55.748, change=0, openPrice=164.8718, sellPrice=0.0, stepChange=0, buySpread=0.02, minPrice=164.8718, name=Meta Platforms Inc A, reset=false, maxPrice=164.8718, closePrice=164.8718,}"
2023-03-01 14:48:21,035,DE0007037129,BUY,-469.55,"{buyPrice=39.1291, quantity=12, buyRequestTs=2023-03-01T14:48:20.977, sellRequestTs=2023-03-01T09:48:23.289, change=0, openPrice=39.3304, sellPrice=0.0, minPercent=-7.0, stepChange=0, buySpread=0.02, minPrice=39.3304, name=RWE AG, reset=false, maxPrice=39.3304, closePrice=39.3304,}"
2023-03-01 15:24:21,241,US0605051046,SELL,1.98,"{buyPrice=32.4975, quantity=61.0, buyRequestTs=2023-02-23T13:45:12.970, sellRequestTs=2023-01-20T09:30:50.469, change=0, minPercentForce=-4.0, openPrice=32.0132, sellPrice=32.5300, stepChange=0, buySpread=0.085, minPrice=32.0132, name=Bank of America Corp, reset=false, maxPrice=32.0132, closePrice=32.0132,}"
2023-03-01 16:48:21,881,DE0005140008,SELL,1.99,"{buyPrice=11.7958, quantity=169.0, buyRequestTs=2023-02-28T15:46:24.744, sellRequestTs=2023-02-28T08:40:36.221, change=0, openPrice=11.6572, sellPrice=11.8076, minPercent=-7.0, stepChange=0, buySpread=0.002, minPrice=11.6572, name=Deutsche Bank AG, reset=false, maxPrice=11.6572, closePrice=11.6572,}"
2023-03-01 17:16:21,049,DE0005140008,BUY,-497.23,"{buyPrice=11.5636, quantity=43, buyRequestTs=2023-03-01T17:16:21.040, sellRequestTs=2023-03-01T16:48:21.882, change=0, openPrice=11.6323, sellPrice=0.0, minPercent=-7.0, stepChange=0, buySpread=0.004, minPrice=11.6323, name=Deutsche Bank AG, reset=false, maxPrice=11.6323, closePrice=11.6323,}"
2023-03-01 20:14:22,215,US0394831020,SELL,0.45,"{buyPrice=74.9449, quantity=6.0, buyRequestTs=2023-02-28T20:18:25.352, sellRequestTs=2023-02-28T16:46:24.715, change=0, openPrice=74.0468, sellPrice=75.0198, minPercent=-7.0, stepChange=0, buySpread=0.15, minPrice=74.0468, name=Archer Daniels Midland Co., reset=false, maxPrice=74.0468, closePrice=74.0468,}"
2023-03-02 08:02:23,836,US30303M1027,SELL,1.98,"{buyPrice=165.3051, quantity=12.0, buyRequestTs=2023-03-01T11:56:25.053, sellRequestTs=2023-02-27T17:43:55.748, change=0, openPrice=163.0796, sellPrice=165.4704, stepChange=0, buySpread=0.02, minPrice=163.0796, name=Meta Platforms Inc A, reset=false, maxPrice=163.0796, closePrice=163.0796,}"
2023-03-02 08:36:20,856,US0394831020,BUY,-447.03,"{buyPrice=74.5044, quantity=6, buyRequestTs=2023-03-02T08:36:20.839, sellRequestTs=2023-03-01T20:14:22.215, change=0, openPrice=74.2072, sellPrice=0.0, minPercent=-7.0, stepChange=0, buySpread=0.29, minPrice=74.2072, name=Archer Daniels Midland Co., reset=false, maxPrice=74.2072, closePrice=74.2072,}"
2023-03-02 09:20:21,675,DE0007037129,SELL,0.47,"{buyPrice=39.1291, quantity=12.0, buyRequestTs=2023-03-01T14:48:20.977, sellRequestTs=2023-03-01T09:48:23.289, change=0, openPrice=38.9119, sellPrice=39.1682, minPercent=-7.0, stepChange=0, buySpread=0.02, minPrice=38.9119, name=RWE AG, reset=false, maxPrice=38.9119, closePrice=38.9119,}"
2023-03-02 09:24:18,967,DE0005140008,SELL,0.50,"{buyPrice=11.5636, quantity=43.0, buyRequestTs=2023-03-01T17:16:21.040, sellRequestTs=2023-03-01T16:48:21.882, change=0, openPrice=11.5086, sellPrice=11.5752, minPercent=-7.0, stepChange=0, buySpread=0.004, minPrice=11.5086, name=Deutsche Bank AG, reset=false, maxPrice=11.5086, closePrice=11.5086,}"
2023-03-02 09:26:20,834,DE0005140008,BUY,-491.72,"{buyPrice=11.4354, quantity=43, buyRequestTs=2023-03-02T09:26:20.825, sellRequestTs=2023-03-02T09:24:18.967, change=0, openPrice=11.4954, sellPrice=0.0, minPercent=-7.0, stepChange=0, buySpread=0.002, minPrice=11.4954, name=Deutsche Bank AG, reset=false, maxPrice=11.4954, closePrice=11.4954,}"
2023-03-02 20:26:20,800,US0079031078,BUY,-1955.07,"{buyPrice=75.1951, quantity=26, buyRequestTs=2023-03-02T20:26:20.788, sellRequestTs=2023-02-23T17:14:28.289, change=0, openPrice=73.9359, sellPrice=0.0, stepChange=0, buySpread=0.13, minPrice=73.9359, name=Advanced Micro Devices Inc, reset=false, maxPrice=73.9359, closePrice=73.9359,}"
2023-03-03 08:40:22,432,US0079031078,SELL,13.91,"{buyPrice=75.1951, quantity=26.0, buyRequestTs=2023-03-02T20:26:20.788, sellRequestTs=2023-02-23T17:14:28.289, change=0, openPrice=75.4871, sellPrice=75.7300, stepChange=0, buySpread=0.13, minPrice=75.4871, name=Advanced Micro Devices Inc, reset=false, maxPrice=75.4871, closePrice=75.4871,}"
2023-03-03 08:40:33,525,US0394831020,SELL,6.69,"{buyPrice=74.5044, quantity=6.0, buyRequestTs=2023-03-02T08:36:20.839, sellRequestTs=2023-03-01T20:14:22.215, change=0, openPrice=75.6236, sellPrice=75.6200, minPercent=-7.0, stepChange=0, buySpread=0.29, minPrice=75.6236, name=Archer Daniels Midland Co., reset=false, maxPrice=75.6236, closePrice=75.6236,}"
2023-03-03 11:28:23,405,FR0000120628,BUY,-477.12,"{buyPrice=29.8198, quantity=16, buyRequestTs=2023-03-03T11:28:23.357, change=0, openPrice=29.7260, sellPrice=0.0, minPercent=-7.0, stepChange=0, buySpread=0.01, minPrice=29.7260, name=AXA SA, reset=false, maxPrice=29.7260, closePrice=29.7260,}"
2023-03-03 13:58:22,792,DE0007037129,BUY,-468.71,"{buyPrice=39.0590, quantity=12, buyRequestTs=2023-03-03T13:58:22.784, sellRequestTs=2023-03-02T09:20:21.675, change=0, openPrice=39.1269, sellPrice=0.0, minPercent=-7.0, stepChange=0, buySpread=0.02, minPrice=39.1269, name=RWE AG, reset=false, maxPrice=39.1269, closePrice=39.1269,}"
2023-03-03 16:08:20,689,US4781601046,BUY,-1881.16,"{buyPrice=144.7046, quantity=13, buyRequestTs=2023-03-03T16:08:20.676, sellRequestTs=2023-02-16T15:57:29.895, change=0, minPercentForce=-4.0, openPrice=144.2546, sellPrice=0.0, stepChange=0, buySpread=0.18, minPrice=144.2546, name=Johnson & Johnson, reset=false, maxPrice=144.2546, closePrice=144.2546,}"
2023-03-03 19:26:20,859,US69608A1088,BUY,-1970.73,"{buyPrice=7.8829, quantity=250, buyRequestTs=2023-03-03T19:26:20.848, sellRequestTs=2023-02-23T16:04:58.018, change=0, openPrice=7.9488, sellPrice=0.0, minPercent=-7.0, stepChange=0, buySpread=0.019, minPrice=7.9488, name=Palantir Technologies Inc, reset=false, maxPrice=7.9488, closePrice=7.9488,}"
2023-03-03 19:56:22,327,US69608A1088,SELL,1.98,"{buyPrice=7.8829, quantity=250, buyRequestTs=2023-03-03T19:26:20.848, sellRequestTs=2023-02-23T16:04:58.018, change=0, openPrice=7.8489, sellPrice=7.8908, minPercent=-7.0, stepChange=0, buySpread=0.019, minPrice=7.8489, name=Palantir Technologies Inc, reset=false, maxPrice=7.8489, closePrice=7.8489,}"
2023-03-06 13:04:17,317,DE0005140008,SELL,9.83,"{buyPrice=11.4354, quantity=43.0, buyRequestTs=2023-03-02T09:26:20.825, sellRequestTs=2023-03-02T09:24:18.967, change=0, openPrice=11.6660, sellPrice=11.6640, minPercent=-7.0, stepChange=0, buySpread=0.002, minPrice=11.6660, name=Deutsche Bank AG, reset=false, maxPrice=11.6660, closePrice=11.6660,}"
2023-03-06 16:16:17,242,US81141R1005,BUY,-1564.06,"{buyPrice=62.5625, quantity=25, buyRequestTs=2023-03-06T16:16:17.230, sellRequestTs=2023-01-20T19:19:19.915, change=0, openPrice=61.1446, sellPrice=0.0, minPercent=-7.0, stepChange=0, buySpread=0.3, minPrice=61.1446, name=Sea Ltd., reset=false, maxPrice=61.1446, closePrice=61.1446,}"
2023-03-06 17:26:17,725,US70450Y1038,BUY,-435.38,"{buyPrice=72.5625, quantity=6, buyRequestTs=2023-03-06T17:26:17.716, sellRequestTs=2023-02-23T16:43:06.279, change=0, openPrice=72.6019, sellPrice=0.0, stepChange=0, buySpread=0.12, minPrice=72.6019, name=PayPal Hldgs. Inc, reset=false, maxPrice=72.6019, closePrice=72.6019,}"
2023-03-06 19:32:18,068,US81141R1005,SELL,1.57,"{buyPrice=62.5625, quantity=25, buyRequestTs=2023-03-06T16:16:17.230, sellRequestTs=2023-01-20T19:19:19.915, change=0, openPrice=62.3073, sellPrice=62.6251, minPercent=-7.0, stepChange=0, buySpread=0.3, minPrice=62.3073, name=Sea Ltd., reset=false, maxPrice=62.3073, closePrice=62.3073,}"
2023-03-06 19:46:17,594,US81141R1005,BUY,-1554.05,"{buyPrice=62.1621, quantity=25, buyRequestTs=2023-03-06T19:46:17.584, sellRequestTs=2023-03-06T19:32:18.069, change=0, openPrice=62.2462, sellPrice=0.0, minPercent=-7.0, stepChange=0, buySpread=0.2, minPrice=62.2462, name=Sea Ltd., reset=false, maxPrice=62.2462, closePrice=62.2462,}"
2023-03-06 21:28:17,606,US81141R1005,SELL,1.56,"{buyPrice=62.1621, quantity=25, buyRequestTs=2023-03-06T19:46:17.584, sellRequestTs=2023-03-06T19:32:18.069, change=0, openPrice=61.4139, sellPrice=62.2243, minPercent=-7.0, stepChange=0, buySpread=0.2, minPrice=61.4139, name=Sea Ltd., reset=false, maxPrice=61.4139, closePrice=61.4139,}"
2023-03-07 09:46:20,533,US69608A1088,BUY,-1992.83,"{buyPrice=7.8458, quantity=254, buyRequestTs=2023-03-07T09:46:20.521, sellRequestTs=2023-03-03T19:56:22.327, change=0, openPrice=7.7937, sellPrice=0.0, minPercent=-7.0, stepChange=0, buySpread=0.012, minPrice=7.7937, name=Palantir Technologies Inc, reset=false, maxPrice=7.7937, closePrice=7.7937,}"
2023-03-07 10:06:19,771,DE0005140008,BUY,-491.39,"{buyPrice=11.6997, quantity=42, buyRequestTs=2023-03-07T10:06:19.759, sellRequestTs=2023-03-06T13:04:17.321, change=0, openPrice=11.7459, sellPrice=0.0, minPercent=-7.0, stepChange=0, buySpread=0.002, minPrice=11.7459, name=Deutsche Bank AG, reset=false, maxPrice=11.7459, closePrice=11.7459,}"
2023-03-07 14:26:20,000,US81141R1005,BUY,-1686.69,"{buyPrice=67.4674, quantity=25, buyRequestTs=2023-03-07T14:26:19.984, sellRequestTs=2023-03-06T21:28:17.606, change=0, openPrice=67.3531, sellPrice=0.0, minPercent=-7.0, stepChange=0, buySpread=0.1, minPrice=67.3531, name=Sea Ltd., reset=false, maxPrice=67.3531, closePrice=67.3531,}"
2023-03-07 15:06:20,463,US81141R1005,SELL,1.69,"{buyPrice=67.4674, quantity=25, buyRequestTs=2023-03-07T14:26:19.984, sellRequestTs=2023-03-06T21:28:17.606, change=0, openPrice=66.3791, sellPrice=67.5349, minPercent=-7.0, stepChange=0, buySpread=0.1, minPrice=66.3791, name=Sea Ltd., reset=false, maxPrice=66.3791, closePrice=66.3791,}"
2023-03-07 15:08:22,101,US81141R1005,BUY,-1661.66,"{buyPrice=66.4664, quantity=25, buyRequestTs=2023-03-07T15:08:22.090, sellRequestTs=2023-03-07T15:06:20.463, change=0, openPrice=66.2225, sellPrice=0.0, minPercent=-7.0, stepChange=0, buySpread=0.1, minPrice=66.2225, name=Sea Ltd., reset=false, maxPrice=66.2225, closePrice=66.2225,}"
2023-03-07 16:18:22,643,US83304A1060,BUY,-490.63,"{buyPrice=11.6817, quantity=42, buyRequestTs=2023-03-07T16:18:22.627, sellRequestTs=2022-10-17T16:11:15.723, change=0, openPrice=11.6562, sellPrice=0.0, minPercent=-7.0, stepChange=0, buySpread=0.016, minPrice=11.6562, name=Snap Inc, reset=false, maxPrice=11.6562, closePrice=11.6562,}"
2023-03-07 16:32:20,108,US81141R1005,SELL,123.34,"{buyPrice=66.4664, quantity=25, buyRequestTs=2023-03-07T15:08:22.090, sellRequestTs=2023-03-07T15:06:20.463, change=0, openPrice=70.8767, sellPrice=71.4000, minPercent=-7.0, stepChange=0, buySpread=0.1, minPrice=70.8767, name=Sea Ltd., reset=false, maxPrice=70.8767, closePrice=70.8767,}"
2023-03-07 16:34:20,633,DE0005140008,SELL,0.49,"{buyPrice=11.6997, quantity=42, buyRequestTs=2023-03-07T10:06:19.759, sellRequestTs=2023-03-06T13:04:17.321, change=0, openPrice=11.6247, sellPrice=11.7114, minPercent=-7.0, stepChange=0, buySpread=0.002, minPrice=11.6247, name=Deutsche Bank AG, reset=false, maxPrice=11.6247, closePrice=11.6247,}"
2023-03-07 16:34:32,241,US81141R1005,BUY,-1799.30,"{buyPrice=71.9719, quantity=25, buyRequestTs=2023-03-07T16:34:32.227, sellRequestTs=2023-03-07T16:32:20.108, change=0, openPrice=70.7978, sellPrice=0.0, minPercent=-7.0, stepChange=0, buySpread=0.3, minPrice=70.7978, name=Sea Ltd., reset=false, maxPrice=70.7978, closePrice=70.7978,}"
2023-03-07 16:36:20,465,DE0005140008,BUY,-499.81,"{buyPrice=11.6236, quantity=43, buyRequestTs=2023-03-07T16:36:20.456, sellRequestTs=2023-03-07T16:34:20.633, change=0, openPrice=11.6242, sellPrice=0.0, minPercent=-7.0, stepChange=0, buySpread=0.002, minPrice=11.6242, name=Deutsche Bank AG, reset=false, maxPrice=11.6242, closePrice=11.6242,}"
2023-03-07 16:40:21,922,US70450Y1038,SELL,0.44,"{buyPrice=72.5625, quantity=6.0, buyRequestTs=2023-03-06T17:26:17.716, sellRequestTs=2023-02-23T16:43:06.279, change=0, openPrice=71.5796, sellPrice=72.6351, stepChange=0, buySpread=0.12, minPrice=71.5796, name=PayPal Hldgs. Inc, reset=false, maxPrice=71.5796, closePrice=71.5796,}"
2023-03-07 17:56:22,962,DE0007037129,SELL,0.47,"{buyPrice=39.059, quantity=12.0, buyRequestTs=2023-03-03T13:58:22.784, sellRequestTs=2023-03-02T09:20:21.675, change=0, openPrice=38.7031, sellPrice=39.0981, minPercent=-7.0, stepChange=0, buySpread=0.02, minPrice=38.7031, name=RWE AG, reset=false, maxPrice=38.7031, closePrice=38.7031,}"
2023-03-07 18:30:20,109,US83304A1060,SELL,0.49,"{buyPrice=11.6817, quantity=42, buyRequestTs=2023-03-07T16:18:22.627, sellRequestTs=2022-10-17T16:11:15.723, change=0, openPrice=11.5137, sellPrice=11.6934, minPercent=-7.0, stepChange=0, buySpread=0.016, minPrice=11.5137, name=Snap Inc, reset=false, maxPrice=11.5137, closePrice=11.5137,}"
2023-03-07 19:50:20,446,US81141R1005,SELL,105.70,"{buyPrice=71.9719, quantity=25, buyRequestTs=2023-03-07T16:34:32.227, sellRequestTs=2023-03-07T16:32:20.108, change=0, openPrice=75.6168, sellPrice=76.2000, minPercent=-7.0, stepChange=0, buySpread=0.3, minPrice=75.6168, name=Sea Ltd., reset=false, maxPrice=75.6168, closePrice=75.6168,}"
2023-03-07 20:48:21,837,US83304A1060,BUY,-490.82,"{buyPrice=11.1551, quantity=44, buyRequestTs=2023-03-07T20:48:21.822, sellRequestTs=2023-03-07T18:30:20.109, change=0, openPrice=11.1236, sellPrice=0.0, minPercent=-7.0, stepChange=0, buySpread=0.016, minPrice=11.1236, name=Snap Inc, reset=false, maxPrice=11.1236, closePrice=11.1236,}"
2023-03-07 21:08:20,259,DE0005140008,SELL,0.50,"{buyPrice=11.6236, quantity=43, buyRequestTs=2023-03-07T16:36:20.456, sellRequestTs=2023-03-07T16:34:20.633, change=0, openPrice=11.5054, sellPrice=11.6352, minPercent=-7.0, stepChange=0, buySpread=0.002, minPrice=11.5054, name=Deutsche Bank AG, reset=false, maxPrice=11.5054, closePrice=11.5054,}"
2023-03-08 09:16:19,077,DE0005140008,BUY,-495.60,"{buyPrice=11.5255, quantity=43, buyRequestTs=2023-03-08T09:16:19.064, sellRequestTs=2023-03-07T21:08:20.259, change=0, openPrice=11.4895, sellPrice=0.0, minPercent=-7.0, stepChange=0, buySpread=0.002, minPrice=11.4895, name=Deutsche Bank AG, reset=false, maxPrice=11.4895, closePrice=11.4895,}"
2023-03-08 11:16:18,383,US22788C1053,BUY,-1921.92,"{buyPrice=128.1280, quantity=15, buyRequestTs=2023-03-08T11:16:18.368, sellRequestTs=2022-09-26T16:49:38.712, change=0, openPrice=125.4439, sellPrice=0.0, minPercent=-7.0, stepChange=0, buySpread=0.98, minPrice=125.4439, name=CROWDSTRIKE HOLDINGS INC, reset=false, maxPrice=125.4439, closePrice=125.4439,}"
2023-03-08 15:24:19,503,US83304A1060,SELL,0.49,"{buyPrice=11.1551, quantity=44.0, buyRequestTs=2023-03-07T20:48:21.822, sellRequestTs=2023-03-07T18:30:20.109, change=0, openPrice=10.9690, sellPrice=11.1663, minPercent=-7.0, stepChange=0, buySpread=0.016, minPrice=10.9690, name=Snap Inc, reset=false, maxPrice=10.9690, closePrice=10.9690,}"
2023-03-08 16:28:19,225,US22788C1053,SELL,1.92,"{buyPrice=128.1280, quantity=15, buyRequestTs=2023-03-08T11:16:18.368, sellRequestTs=2022-09-26T16:49:38.712, change=0, openPrice=123.9118, sellPrice=128.2561, minPercent=-7.0, stepChange=0, buySpread=0.98, minPrice=123.9118, name=CROWDSTRIKE HOLDINGS INC, reset=false, maxPrice=123.9118, closePrice=123.9118,}"
2023-03-08 16:28:24,527,US69608A1088,SELL,1.98,"{buyPrice=7.8458, quantity=254.0, buyRequestTs=2023-03-07T09:46:20.521, sellRequestTs=2023-03-03T19:56:22.327, change=0, openPrice=7.9743, sellPrice=7.8536, minPercent=-7.0, stepChange=0, buySpread=0.012, minPrice=7.9743, name=Palantir Technologies Inc, reset=false, maxPrice=7.9743, closePrice=7.9743,}"
2023-03-08 16:36:19,290,US0404131064,BUY,-1952.99,"{buyPrice=139.4994, quantity=14, buyRequestTs=2023-03-08T16:36:19.280, sellRequestTs=2023-02-14T16:46:13.430, change=0, openPrice=136.4392, sellPrice=0.0, minPercent=-7.0, stepChange=0, buySpread=0.84, minPrice=136.4392, name=Arista Networks Inc, reset=false, maxPrice=136.4392, closePrice=136.4392,}"
2023-03-09 12:10:22,318,US0404131064,SELL,1.95,"{buyPrice=139.4994, quantity=14.0, buyRequestTs=2023-03-08T16:36:19.280, sellRequestTs=2023-02-14T16:46:13.430, change=0, openPrice=139.4859, sellPrice=139.6389, minPercent=-7.0, stepChange=0, buySpread=0.84, minPrice=139.4859, name=Arista Networks Inc, reset=false, maxPrice=139.4859, closePrice=139.4859,}"
2023-03-09 15:06:20,429,US70450Y1038,BUY,-809.09,"{buyPrice=73.5535, quantity=11, buyRequestTs=2023-03-09T15:06:20.420, sellRequestTs=2023-03-07T16:40:21.922, change=0, openPrice=73.2712, sellPrice=0.0, stepChange=0, buySpread=0.10, minPrice=73.2712, name=PayPal Hldgs. Inc, reset=false, maxPrice=73.2712, closePrice=73.2712,}"
2023-03-09 15:36:20,045,FR0000120628,SELL,3.20,"{buyPrice=29.8198, quantity=16.0, buyRequestTs=2023-03-03T11:28:23.357, change=0, openPrice=30.0230, sellPrice=30.0200, minPercent=-7.0, stepChange=0, buySpread=0.01, minPrice=30.0230, name=AXA SA, reset=false, maxPrice=30.0230, closePrice=30.0230,}"
2023-03-09 17:46:20,370,US0394831020,BUY,-450.57,"{buyPrice=75.0950, quantity=6, buyRequestTs=2023-03-09T17:46:20.361, sellRequestTs=2023-03-03T08:40:33.526, change=0, openPrice=75.0073, sellPrice=0.0, minPercent=-7.0, stepChange=0, buySpread=0.15, minPrice=75.0073, name=Archer Daniels Midland Co., reset=false, maxPrice=75.0073, closePrice=75.0073,}"
2023-03-09 20:32:21,762,DE0005140008,SELL,0.49,"{buyPrice=11.5255, quantity=43.0, buyRequestTs=2023-03-08T09:16:19.064, sellRequestTs=2023-03-07T21:08:20.259, change=0, openPrice=11.3634, sellPrice=11.5370, minPercent=-7.0, stepChange=0, buySpread=0.002, minPrice=11.3634, name=Deutsche Bank AG, reset=false, maxPrice=11.3634, closePrice=11.3634,}"
2023-03-09 20:38:20,793,US70450Y1038,SELL,0.81,"{buyPrice=73.5535, quantity=11, buyRequestTs=2023-03-09T15:06:20.420, sellRequestTs=2023-03-07T16:40:21.922, change=0, openPrice=72.4323, sellPrice=73.6271, stepChange=0, buySpread=0.10, minPrice=72.4323, name=PayPal Hldgs. Inc, reset=false, maxPrice=72.4323, closePrice=72.4323,}"
2023-03-09 21:18:21,500,US0394831020,SELL,0.45,"{buyPrice=75.0950, quantity=6, buyRequestTs=2023-03-09T17:46:20.361, sellRequestTs=2023-03-03T08:40:33.526, change=0, openPrice=74.0933, sellPrice=75.1701, minPercent=-7.0, stepChange=0, buySpread=0.15, minPrice=74.0933, name=Archer Daniels Midland Co., reset=false, maxPrice=74.0933, closePrice=74.0933,}"
2023-03-09 21:20:21,440,US0394831020,BUY,-442.04,"{buyPrice=73.6736, quantity=6, buyRequestTs=2023-03-09T21:20:21.430, sellRequestTs=2023-03-09T21:18:21.501, change=0, openPrice=74.0771, sellPrice=0.0, minPercent=-7.0, stepChange=0, buySpread=0.16, minPrice=74.0771, name=Archer Daniels Midland Co., reset=false, maxPrice=74.0771, closePrice=74.0771,}"
2023-03-10 08:24:20,957,US4781601046,SELL,1.88,"{buyPrice=144.7046, quantity=13.0, buyRequestTs=2023-03-03T16:08:20.676, sellRequestTs=2023-02-16T15:57:29.895, change=0, minPercentForce=-4.0, openPrice=142.5593, sellPrice=144.8493, stepChange=0, buySpread=0.18, minPrice=142.5593, name=Johnson & Johnson, reset=false, maxPrice=142.5593, closePrice=142.5593,}"
2023-03-10 08:40:20,620,DE0008404005,SELL,0.44,"{buyPrice=222.3221, quantity=2.0, buyRequestTs=2023-02-28T12:06:26.394, sellRequestTs=2022-03-11T13:59:02.503, change=0, openPrice=218.9639, sellPrice=222.5444, stepChange=0, buySpread=0.05, minPrice=218.9639, name=Allianz SE NA, reset=false, maxPrice=218.9639, closePrice=218.9639,}"
2023-03-10 13:05:49,069,US0605051046,BUY,-1991.95,"{buyPrice=28.8688, quantity=69, buyRequestTs=2023-03-10T13:05:49.059, sellRequestTs=2023-03-01T15:24:21.241, change=0, minPercentForce=-4.0, openPrice=28.6554, sellPrice=0.0, stepChange=0, buySpread=0.12, minPrice=28.6554, name=Bank of America Corp, reset=false, maxPrice=28.6554, closePrice=28.6554,}"
2023-03-10 15:15:48,959,US81141R1005,BUY,-1834.33,"{buyPrice=73.3733, quantity=25, buyRequestTs=2023-03-10T15:15:48.948, sellRequestTs=2023-03-07T19:50:20.446, change=0, openPrice=72.6249, sellPrice=0.0, minPercent=-7.0, stepChange=0, buySpread=0.7, minPrice=72.6249, name=Sea Ltd., reset=false, maxPrice=72.6249, closePrice=72.6249,}"
2023-03-10 15:37:48,316,US0605051046,SELL,1.99,"{buyPrice=28.8688, quantity=69, buyRequestTs=2023-03-10T13:05:49.059, sellRequestTs=2023-03-01T15:24:21.241, change=0, minPercentForce=-4.0, openPrice=28.6797, sellPrice=28.8977, stepChange=0, buySpread=0.12, minPrice=28.6797, name=Bank of America Corp, reset=false, maxPrice=28.6797, closePrice=28.6797,}"
2023-03-10 15:45:52,895,US81141R1005,SELL,1.84,"{buyPrice=73.3733, quantity=25, buyRequestTs=2023-03-10T15:15:48.948, sellRequestTs=2023-03-07T19:50:20.446, change=0, openPrice=71.9563, sellPrice=73.4467, minPercent=-7.0, stepChange=0, buySpread=0.7, minPrice=71.9563, name=Sea Ltd., reset=false, maxPrice=71.9563, closePrice=71.9563,}"
2023-03-10 16:15:48,047,US81141R1005,BUY,-1754.25,"{buyPrice=70.1701, quantity=25, buyRequestTs=2023-03-10T16:15:48.038, sellRequestTs=2023-03-10T15:45:52.895, change=0, openPrice=70.2918, sellPrice=0.0, minPercent=-7.0, stepChange=0, buySpread=0.3, minPrice=70.2918, name=Sea Ltd., reset=false, maxPrice=70.2918, closePrice=70.2918,}"
2023-03-10 16:23:48,392,US81141R1005,SELL,1.76,"{buyPrice=70.1701, quantity=25, buyRequestTs=2023-03-10T16:15:48.038, sellRequestTs=2023-03-10T15:45:52.895, change=0, openPrice=69.1969, sellPrice=70.2403, minPercent=-7.0, stepChange=0, buySpread=0.3, minPrice=69.1969, name=Sea Ltd., reset=false, maxPrice=69.1969, closePrice=69.1969,}"
2023-03-10 18:35:48,227,US0394831020,BUY,-437.72,"{buyPrice=72.9529, quantity=6, buyRequestTs=2023-03-10T18:35:48.215, sellRequestTs=2023-03-09T21:18:21.501, change=0, openPrice=72.4816, sellPrice=0.0, minPercent=-7.0, stepChange=0, buySpread=0.15, minPrice=72.4816, name=Archer Daniels Midland Co., reset=false, maxPrice=72.4816, closePrice=72.4816,}"
2023-03-13 11:16:19,677,US0394831020,SELL,0.44,"{buyPrice=72.9529, quantity=6.0, buyRequestTs=2023-03-10T18:35:48.215, sellRequestTs=2023-03-09T21:18:21.501, change=0, openPrice=71.5814, sellPrice=73.0259, minPercent=-7.0, stepChange=0, buySpread=0.15, minPrice=71.5814, name=Archer Daniels Midland Co., reset=false, maxPrice=71.5814, closePrice=71.5814,}"
2023-03-13 11:16:31,108,US81141R1005,BUY,-1724.22,"{buyPrice=68.9689, quantity=25, buyRequestTs=2023-03-13T11:16:31.099, sellRequestTs=2023-03-10T16:23:48.392, change=0, openPrice=68.5872, sellPrice=0.0, minPercent=-7.0, stepChange=0, buySpread=0.5, minPrice=68.5872, name=Sea Ltd., reset=false, maxPrice=68.5872, closePrice=68.5872,}"
2023-03-13 13:58:18,626,US81141R1005,SELL,1.73,"{buyPrice=68.9689, quantity=25, buyRequestTs=2023-03-13T11:16:31.099, sellRequestTs=2023-03-10T16:23:48.392, change=0, openPrice=67.2599, sellPrice=69.0379, minPercent=-7.0, stepChange=0, buySpread=0.5, minPrice=67.2599, name=Sea Ltd., reset=false, maxPrice=67.2599, closePrice=67.2599,}"
2023-03-13 15:46:20,856,US0378331005,BUY,-423.12,"{buyPrice=141.0409, quantity=3, buyRequestTs=2023-03-13T15:46:20.815, sellRequestTs=2023-02-03T19:10:08.274, change=0, openPrice=140.8936, sellPrice=0.0, stepChange=0, buySpread=0.1, minPrice=140.8936, name=Apple Inc, reset=false, maxPrice=140.8936, closePrice=140.8936,}"
2023-03-13 15:56:24,652,US67066G1040,BUY,-427.43,"{buyPrice=213.7135, quantity=2, buyRequestTs=2023-03-13T15:56:24.640, sellRequestTs=2023-02-28T09:54:24.608, change=0, openPrice=212.5387, sellPrice=0.0, stepChange=0, buySpread=0.15, minPrice=212.5387, name=NVIDIA Corp, reset=false, maxPrice=212.5387, closePrice=212.5387,}"
2023-03-13 16:56:17,331,US0079031078,BUY,-1939.19,"{buyPrice=77.5675, quantity=25, buyRequestTs=2023-03-13T16:56:17.322, sellRequestTs=2023-03-03T08:40:22.433, change=0, openPrice=75.9412, sellPrice=0.0, stepChange=0, buySpread=0.06, minPrice=75.9412, name=Advanced Micro Devices Inc, reset=false, maxPrice=75.9412, closePrice=75.9412,}"
2023-03-13 17:38:18,470,US57636Q1040,BUY,-1948.05,"{buyPrice=324.6744, quantity=6, buyRequestTs=2023-03-13T17:38:18.461, sellRequestTs=2023-02-24T15:20:26.513, change=0, minPercentForce=-4.0, openPrice=323.5763, sellPrice=0.0, stepChange=0, buySpread=0.45, minPrice=323.5763, name=Mastercard Inc -A, reset=false, maxPrice=323.5763, closePrice=323.5763,}"
2023-03-13 18:06:21,914,US0079031078,SELL,1.94,"{buyPrice=77.5675, quantity=25, buyRequestTs=2023-03-13T16:56:17.322, sellRequestTs=2023-03-03T08:40:22.433, change=0.0190, openPrice=76.8904, sellPrice=77.6451, stepChange=0, buySpread=0.06, minPrice=76.8904, name=Advanced Micro Devices Inc, reset=false, maxPrice=76.9050, closePrice=76.9050,}"
2023-03-14 09:18:20,058,FR0000120628,BUY,-495.05,"{buyPrice=27.5025, quantity=18, buyRequestTs=2023-03-14T09:18:20.045, sellRequestTs=2023-03-09T15:36:20.046, change=0, openPrice=27.6209, sellPrice=0.0, minPercent=-7.0, stepChange=0, buySpread=0.010, minPrice=27.6209, name=AXA SA, reset=false, maxPrice=27.6209, closePrice=27.6209,}"
2023-03-14 10:02:21,826,FR0000120628,SELL,0.50,"{buyPrice=27.5025, quantity=18, buyRequestTs=2023-03-14T09:18:20.045, sellRequestTs=2023-03-09T15:36:20.046, change=0, openPrice=27.3254, sellPrice=27.5300, minPercent=-7.0, stepChange=0, buySpread=0.010, minPrice=27.3254, name=AXA SA, reset=false, maxPrice=27.3254, closePrice=27.3254,}"
2023-03-14 10:06:19,958,US0079031078,BUY,-1932.18,"{buyPrice=77.2872, quantity=25, buyRequestTs=2023-03-14T10:06:19.950, sellRequestTs=2023-03-13T18:06:21.914, change=0, openPrice=76.9822, sellPrice=0.0, stepChange=0, buySpread=0.05, minPrice=76.9822, name=Advanced Micro Devices Inc, reset=false, maxPrice=76.9822, closePrice=76.9822,}"
2023-03-14 14:10:21,519,US67066G1040,SELL,7.37,"{buyPrice=213.7135, quantity=2.0, buyRequestTs=2023-03-13T15:56:24.640, sellRequestTs=2023-02-28T09:54:24.608, change=0, openPrice=215.0578, sellPrice=217.4000, stepChange=0, buySpread=0.15, minPrice=215.0578, name=NVIDIA Corp, reset=false, maxPrice=215.0578, closePrice=215.0578,}"
2023-03-14 14:28:23,331,US17275R1023,BUY,-455.66,"{buyPrice=45.5655, quantity=10, buyRequestTs=2023-03-14T14:28:23.313, sellRequestTs=2023-02-27T20:57:31.272, change=0, openPrice=45.4153, sellPrice=0.0, stepChange=0, buySpread=0.13, minPrice=45.4153, name=Cisco Systems Inc, reset=false, maxPrice=45.4153, closePrice=45.4153,}"
2023-03-14 14:48:21,693,US5949181045,BUY,-482.78,"{buyPrice=241.3912, quantity=2, buyRequestTs=2023-03-14T14:48:21.685, sellRequestTs=2023-02-07T19:43:17.817, change=0, openPrice=238.9854, sellPrice=0.0, stepChange=0, buySpread=0.05, minPrice=238.9854, name=Microsoft Corp, reset=false, maxPrice=238.9854, closePrice=238.9854,}"
2023-03-14 16:18:21,249,NO0010096985,BUY,-491.44,"{buyPrice=27.3023, quantity=18, buyRequestTs=2023-03-14T16:18:21.239, sellRequestTs=2023-02-24T15:01:19.355, change=0, openPrice=27.1840, sellPrice=0.0, minPercent=-7.0, stepChange=0, buySpread=0.050, minPrice=27.1840, name=Equinor ASA, reset=false, maxPrice=27.1840, closePrice=27.1840,}"
2023-03-14 16:26:21,159,US11135F1012,BUY,-1768.47,"{buyPrice=589.4889, quantity=3, buyRequestTs=2023-03-14T16:26:21.148, sellRequestTs=2022-02-22T12:26:45.890, change=0, openPrice=586.7149, sellPrice=0.0, stepChange=0, buySpread=0.9, minPrice=586.7149, name=BROADCOM INC., reset=false, maxPrice=586.7149, closePrice=586.7149,}"
2023-03-14 18:26:21,588,US0394831020,BUY,-438.92,"{buyPrice=73.1531, quantity=6, buyRequestTs=2023-03-14T18:26:21.577, sellRequestTs=2023-03-13T11:16:19.679, change=0, openPrice=73.3168, sellPrice=0.0, minPercent=-7.0, stepChange=0, buySpread=0.15, minPrice=73.3168, name=Archer Daniels Midland Co., reset=false, maxPrice=73.3168, closePrice=73.3168,}"
2023-03-14 18:46:21,391,US57636Q1040,SELL,12.15,"{buyPrice=324.6744, quantity=6.0, buyRequestTs=2023-03-13T17:38:18.461, sellRequestTs=2023-02-24T15:20:26.513, change=0, minPercentForce=-4.0, openPrice=328.3884, sellPrice=326.7000, stepChange=0, buySpread=0.45, minPrice=328.3884, name=Mastercard Inc -A, reset=false, maxPrice=328.3884, closePrice=328.3884,}"
2023-03-14 18:54:21,280,US0079031078,SELL,97.32,"{buyPrice=77.2872, quantity=25, buyRequestTs=2023-03-14T10:06:19.950, sellRequestTs=2023-03-13T18:06:21.914, change=0, openPrice=81.3428, sellPrice=81.1800, stepChange=0, buySpread=0.05, minPrice=81.3428, name=Advanced Micro Devices Inc, reset=false, maxPrice=81.3428, closePrice=81.3428,}"
2023-03-14 19:34:20,777,NO0010096985,SELL,0.49,"{buyPrice=27.3023, quantity=18, buyRequestTs=2023-03-14T16:18:21.239, sellRequestTs=2023-02-24T15:01:19.355, change=0, openPrice=26.8617, sellPrice=27.3296, minPercent=-7.0, stepChange=0, buySpread=0.050, minPrice=26.8617, name=Equinor ASA, reset=false, maxPrice=26.8617, closePrice=26.8617,}"
2023-03-14 19:46:20,573,US0079031078,BUY,-1944.26,"{buyPrice=81.0109, quantity=24, buyRequestTs=2023-03-14T19:46:20.564, sellRequestTs=2023-03-14T18:54:21.280, change=0, openPrice=80.8254, sellPrice=0.0, stepChange=0, buySpread=0.15, minPrice=80.8254, name=Advanced Micro Devices Inc, reset=false, maxPrice=80.8254, closePrice=80.8254,}"
2023-03-14 20:36:21,384,US8085131055,BUY,-1970.00,"{buyPrice=53.2432, quantity=37, buyRequestTs=2023-03-14T20:36:21.375, sellRequestTs=2022-05-04T17:29:03.388, change=0, openPrice=54.0426, sellPrice=0.0, minPercent=-7.0, stepChange=0, buySpread=0.18, minPrice=54.0426, name=Charles Schwab Corp, reset=false, maxPrice=54.0426, closePrice=54.0426,}"
2023-03-14 20:48:21,455,US11135F1012,SELL,1.77,"{buyPrice=589.4889, quantity=3, buyRequestTs=2023-03-14T16:26:21.148, sellRequestTs=2022-02-22T12:26:45.890, change=0, openPrice=579.7295, sellPrice=590.0784, stepChange=0, buySpread=0.9, minPrice=579.7295, name=BROADCOM INC., reset=false, maxPrice=579.7295, closePrice=579.7295,}"
2023-03-14 21:08:21,060,US8085131055,SELL,1.97,"{buyPrice=53.2432, quantity=37, buyRequestTs=2023-03-14T20:36:21.375, sellRequestTs=2022-05-04T17:29:03.388, change=0, openPrice=53.2976, sellPrice=53.2964, minPercent=-7.0, stepChange=0, buySpread=0.18, minPrice=53.2976, name=Charles Schwab Corp, reset=false, maxPrice=53.2976, closePrice=53.2976,}"
2023-03-15 08:22:21,873,US0605051046,BUY,-1994.53,"{buyPrice=27.3223, quantity=73, buyRequestTs=2023-03-15T08:22:21.860, sellRequestTs=2023-03-10T15:37:48.316, change=0, minPercentForce=-4.0, openPrice=26.8923, sellPrice=0.0, stepChange=0, buySpread=0.145, minPrice=26.8923, name=Bank of America Corp, reset=false, maxPrice=26.8923, closePrice=26.8923,}"
2023-03-15 09:18:21,723,FR0000120628,BUY,-473.33,"{buyPrice=27.8428, quantity=17, buyRequestTs=2023-03-15T09:18:21.713, sellRequestTs=2023-03-14T10:02:21.826, change=0, openPrice=27.6891, sellPrice=0.0, minPercent=-7.0, stepChange=0, buySpread=0.015, minPrice=27.6891, name=AXA SA, reset=false, maxPrice=27.6891, closePrice=27.6891,}"
2023-03-15 10:58:24,474,FR0000120628,SELL,0.47,"{buyPrice=27.8428, quantity=17, buyRequestTs=2023-03-15T09:18:21.713, sellRequestTs=2023-03-14T10:02:21.826, change=0, openPrice=27.3829, sellPrice=27.8706, minPercent=-7.0, stepChange=0, buySpread=0.015, minPrice=27.3829, name=AXA SA, reset=false, maxPrice=27.3829, closePrice=27.3829,}"
2023-03-15 11:36:24,245,US0605051046,SELL,1.99,"{buyPrice=27.3223, quantity=73, buyRequestTs=2023-03-15T08:22:21.860, sellRequestTs=2023-03-10T15:37:48.316, change=0, minPercentForce=-4.0, openPrice=26.4733, sellPrice=27.3496, stepChange=0, buySpread=0.145, minPrice=26.4733, name=Bank of America Corp, reset=false, maxPrice=26.4733, closePrice=26.4733,}"
2023-03-15 13:12:23,235,US5949181045,SELL,3.72,"{buyPrice=241.3912, quantity=2.0, buyRequestTs=2023-03-14T14:48:21.685, sellRequestTs=2023-02-07T19:43:17.817, change=0, openPrice=241.8314, sellPrice=243.2500, stepChange=0, buySpread=0.05, minPrice=241.8314, name=Microsoft Corp, reset=false, maxPrice=241.8314, closePrice=241.8314,}"
2023-03-15 14:16:23,545,DE0008404005,BUY,-408.21,"{buyPrice=204.1039, quantity=2, buyRequestTs=2023-03-15T14:16:23.530, sellRequestTs=2023-03-10T08:40:20.626, change=0, openPrice=204.1218, sellPrice=0.0, stepChange=0, buySpread=0.0, minPrice=204.1218, name=Allianz SE NA, reset=false, maxPrice=204.1218, closePrice=204.1218,}"
2023-03-15 14:28:23,058,FR0000120628,BUY,-495.25,"{buyPrice=26.0660, quantity=19, buyRequestTs=2023-03-15T14:28:23.049, sellRequestTs=2023-03-15T10:58:24.474, change=0, openPrice=26.1788, sellPrice=0.0, minPercent=-7.0, stepChange=0, buySpread=0.005, minPrice=26.1788, name=AXA SA, reset=false, maxPrice=26.1788, closePrice=26.1788,}"
2023-03-15 14:46:21,583,US8085131055,BUY,-1963.70,"{buyPrice=53.0730, quantity=37, buyRequestTs=2023-03-15T14:46:21.574, sellRequestTs=2023-03-14T21:08:21.060, change=0, openPrice=53.5355, sellPrice=0.0, minPercent=-7.0, stepChange=0, buySpread=0.17, minPrice=53.5355, name=Charles Schwab Corp, reset=false, maxPrice=53.5355, closePrice=53.5355,}"
2023-03-15 14:46:32,550,FR0000131104,BUY,-1954.44,"{buyPrice=52.8228, quantity=37, buyRequestTs=2023-03-15T14:46:32.540, change=0, openPrice=51.4693, sellPrice=0.0, minPercent=-7.0, stepChange=0, buySpread=0.03, minPrice=51.4693, name=BNP Paribas SA, reset=false, maxPrice=51.4693, closePrice=51.4693,}"
2023-03-15 15:12:42,861,US8085131055,SELL,44.66,"{buyPrice=53.0730, quantity=37, buyRequestTs=2023-03-15T14:46:21.574, sellRequestTs=2023-03-14T21:08:21.060, change=0, openPrice=52.7669, sellPrice=54.2800, minPercent=-7.0, stepChange=0, buySpread=0.17, minPrice=52.7669, name=Charles Schwab Corp, reset=false, maxPrice=52.7669, closePrice=52.7669,}"
2023-03-15 15:16:22,351,US5949181045,BUY,-497.40,"{buyPrice=248.6985, quantity=2, buyRequestTs=2023-03-15T15:16:22.338, sellRequestTs=2023-03-15T13:12:23.235, change=0, openPrice=248.0285, sellPrice=0.0, stepChange=0, buySpread=0.20, minPrice=248.0285, name=Microsoft Corp, reset=false, maxPrice=248.0285, closePrice=248.0285,}"
2023-03-15 15:16:28,362,US67066G1040,BUY,-446.05,"{buyPrice=223.0228, quantity=2, buyRequestTs=2023-03-15T15:16:28.351, sellRequestTs=2023-03-14T14:10:21.519, change=0, openPrice=224.6439, sellPrice=0.0, stepChange=0, buySpread=0.25, minPrice=224.6439, name=NVIDIA Corp, reset=false, maxPrice=224.6439, closePrice=224.6439,}"
2023-03-15 16:06:21,496,US0378331005,SELL,6.12,"{buyPrice=141.0409, quantity=3.0, buyRequestTs=2023-03-13T15:46:20.815, sellRequestTs=2023-02-03T19:10:08.274, change=0, openPrice=142.6507, sellPrice=143.0800, stepChange=0, buySpread=0.1, minPrice=142.6507, name=Apple Inc, reset=false, maxPrice=142.6507, closePrice=142.6507,}"
2023-03-15 17:12:22,649,FR0000131104,SELL,1.95,"{buyPrice=52.8228, quantity=37, buyRequestTs=2023-03-15T14:46:32.540, change=0, openPrice=52.7074, sellPrice=52.8756, minPercent=-7.0, stepChange=0, buySpread=0.03, minPrice=52.7074, name=BNP Paribas SA, reset=false, maxPrice=52.7074, closePrice=52.7074,}"
2023-03-15 17:28:22,447,US0394831020,SELL,0.44,"{buyPrice=73.1531, quantity=6.0, buyRequestTs=2023-03-14T18:26:21.577, sellRequestTs=2023-03-13T11:16:19.679, change=0, openPrice=72.4100, sellPrice=73.2263, minPercent=-7.0, stepChange=0, buySpread=0.15, minPrice=72.4100, name=Archer Daniels Midland Co., reset=false, maxPrice=72.4100, closePrice=72.4100,}"
2023-03-15 17:30:23,565,FR0000120628,SELL,3.69,"{buyPrice=26.0660, quantity=19, buyRequestTs=2023-03-15T14:28:23.049, sellRequestTs=2023-03-15T10:58:24.474, change=0, openPrice=26.4690, sellPrice=26.2600, minPercent=-7.0, stepChange=0, buySpread=0.005, minPrice=26.4690, name=AXA SA, reset=false, maxPrice=26.4690, closePrice=26.4690,}"
2023-03-15 17:46:21,882,US0079031078,SELL,30.22,"{buyPrice=81.0109, quantity=24.0, buyRequestTs=2023-03-14T19:46:20.564, sellRequestTs=2023-03-14T18:54:21.280, change=0, openPrice=82.5840, sellPrice=82.2700, stepChange=0, buySpread=0.15, minPrice=82.5840, name=Advanced Micro Devices Inc, reset=false, maxPrice=82.5840, closePrice=82.5840,}"
2023-03-15 18:02:25,844,US17275R1023,SELL,4.30,"{buyPrice=45.5655, quantity=10.0, buyRequestTs=2023-03-14T14:28:23.313, sellRequestTs=2023-02-27T20:57:31.272, change=0, openPrice=45.9619, sellPrice=45.9950, stepChange=0, buySpread=0.13, minPrice=45.9619, name=Cisco Systems Inc, reset=false, maxPrice=45.9619, closePrice=45.9619,}"
2023-03-15 20:38:22,334,US0378331005,BUY,-432.61,"{buyPrice=144.2041, quantity=3, buyRequestTs=2023-03-15T20:38:22.321, sellRequestTs=2023-03-15T16:06:21.496, change=0, openPrice=144.1830, sellPrice=0.0, stepChange=0, buySpread=0.20, minPrice=144.1830, name=Apple Inc, reset=false, maxPrice=144.1830, closePrice=144.1830,}"
2023-03-15 20:38:33,265,US17275R1023,BUY,-462.51,"{buyPrice=46.2512, quantity=10, buyRequestTs=2023-03-15T20:38:33.254, sellRequestTs=2023-03-15T18:02:25.844, change=0, openPrice=46.2005, sellPrice=0.0, stepChange=0, buySpread=0.030, minPrice=46.2005, name=Cisco Systems Inc, reset=false, maxPrice=46.2005, closePrice=46.2005,}"
2023-03-16 12:16:25,835,US0394831020,BUY,-434.53,"{buyPrice=72.4224, quantity=6, buyRequestTs=2023-03-16T12:16:25.819, sellRequestTs=2023-03-15T17:28:22.447, change=0, openPrice=72.1573, sellPrice=0.0, minPercent=-7.0, stepChange=0, buySpread=0.28, minPrice=72.1573, name=Archer Daniels Midland Co., reset=false, maxPrice=72.1573, closePrice=72.1573,}"
2023-03-16 14:56:18,335,DE0007037129,BUY,-958.71,"{buyPrice=38.3483, quantity=25, buyRequestTs=2023-03-16T14:56:18.326, sellRequestTs=2023-03-07T17:56:22.962, change=0, openPrice=38.2933, sellPrice=0.0, minPercent=-7.0, stepChange=0, buySpread=0.02, minPrice=38.2933, name=RWE AG, reset=false, maxPrice=38.2933, closePrice=38.2933,}"
2023-03-16 14:56:29,270,JE00B4T3BW64,BUY,-597.54,"{buyPrice=4.7803, quantity=125, buyRequestTs=2023-03-16T14:56:29.260, change=0, openPrice=4.7530, sellPrice=0.0, minPercent=-7.0, stepChange=0, buySpread=0.0030, minPrice=4.7530, name=Glencore PLC, reset=false, maxPrice=4.7530, closePrice=4.7530,}"
2023-03-16 15:04:19,458,US67066G1040,SELL,12.55,"{buyPrice=223.0228, quantity=2.0, buyRequestTs=2023-03-15T15:16:28.351, sellRequestTs=2023-03-14T14:10:21.519, change=0, openPrice=227.4377, sellPrice=229.3000, stepChange=0, buySpread=0.25, minPrice=227.4377, name=NVIDIA Corp, reset=false, maxPrice=227.4377, closePrice=227.4377,}"
2023-03-16 15:08:18,187,AU000000BHP4,BUY,-675.30,"{buyPrice=27.0120, quantity=25, buyRequestTs=2023-03-16T15:08:18.175, sellRequestTs=2022-12-22T19:26:57.417, change=0, openPrice=26.7940, sellPrice=0.0, minPercent=-7.0, stepChange=0, buySpread=0.150, minPrice=26.7940, name=BHP Grp. Ltd, reset=false, maxPrice=26.7940, closePrice=26.7940,}"
2023-03-16 15:08:29,324,DE000DTR0CK8,BUY,-715.80,"{buyPrice=29.8248, quantity=24, buyRequestTs=2023-03-16T15:08:29.315, sellRequestTs=2022-12-22T17:17:49.768, change=0, openPrice=29.5626, sellPrice=0.0, minPercent=-7.0, stepChange=0, buySpread=0.015, minPrice=29.5626, name=DAIMLER TRUCK HOLDING AG, reset=false, maxPrice=29.5626, closePrice=29.5626,}"
2023-03-16 15:50:19,918,US0394831020,SELL,0.43,"{buyPrice=72.4224, quantity=6, buyRequestTs=2023-03-16T12:16:25.819, sellRequestTs=2023-03-15T17:28:22.447, change=0, openPrice=71.1300, sellPrice=72.4948, minPercent=-7.0, stepChange=0, buySpread=0.28, minPrice=71.1300, name=Archer Daniels Midland Co., reset=false, maxPrice=71.1300, closePrice=71.1300,}"
2023-03-16 16:32:20,190,US46625H1005,BUY,-1954.59,"{buyPrice=122.1620, quantity=16, buyRequestTs=2023-03-16T16:32:20.178, sellRequestTs=2023-01-25T08:27:30.584, change=0, minPercentForce=-4.0, openPrice=121.5361, sellPrice=0.0, stepChange=0, buySpread=0.14, minPrice=121.5361, name=JPMorgan Chase & Co, reset=false, maxPrice=121.5361, closePrice=121.5361,}"
2023-03-16 20:12:18,904,US46625H1005,SELL,10.21,"{buyPrice=122.1620, quantity=16, buyRequestTs=2023-03-16T16:32:20.178, sellRequestTs=2023-01-25T08:27:30.584, change=0, minPercentForce=-4.0, openPrice=122.7144, sellPrice=122.8000, stepChange=0, buySpread=0.14, minPrice=122.7144, name=JPMorgan Chase & Co, reset=false, maxPrice=122.7144, closePrice=122.7144,}"
2023-03-16 20:56:19,014,US4824801009,BUY,-1833.83,"{buyPrice=366.7664, quantity=5, buyRequestTs=2023-03-16T20:56:19.003, sellRequestTs=2022-05-19T16:22:25.749, change=0, openPrice=364.7666, sellPrice=0.0, minPercent=-7.0, stepChange=0, buySpread=1.0, minPrice=364.7666, name=KLA CORP., reset=false, maxPrice=364.7666, closePrice=364.7666,}"
2023-03-17 08:40:18,470,US17275R1023,SELL,5.94,"{buyPrice=46.2512, quantity=10.0, buyRequestTs=2023-03-15T20:38:33.254, sellRequestTs=2023-03-15T18:02:25.844, change=0, openPrice=46.8392, sellPrice=46.8450, stepChange=0, buySpread=0.03, minPrice=46.8392, name=Cisco Systems Inc, reset=false, maxPrice=46.8392, closePrice=46.8392,}"
2023-03-17 09:16:19,750,DE0005140008,BUY,-1998.34,"{buyPrice=9.7958, quantity=204, buyRequestTs=2023-03-17T09:16:19.740, sellRequestTs=2023-03-09T20:32:21.762, change=0, openPrice=9.6945, sellPrice=0.0, minPercent=-7.0, stepChange=0, buySpread=0.005, minPrice=9.6945, name=Deutsche Bank AG, reset=false, maxPrice=9.6945, closePrice=9.6945,}"
2023-03-17 09:50:18,414,DE0007037129,SELL,9.79,"{buyPrice=38.3483, quantity=25.0, buyRequestTs=2023-03-16T14:56:18.326, sellRequestTs=2023-03-07T17:56:22.962, change=0, openPrice=38.6467, sellPrice=38.7400, minPercent=-7.0, stepChange=0, buySpread=0.02, minPrice=38.6467, name=RWE AG, reset=false, maxPrice=38.6467, closePrice=38.6467,}"
2023-03-17 10:54:18,877,DE0008404005,SELL,3.19,"{buyPrice=204.1039, quantity=2.0, buyRequestTs=2023-03-15T14:16:23.530, sellRequestTs=2023-03-10T08:40:20.626, change=0, openPrice=206.0725, sellPrice=205.7000, stepChange=0, buySpread=0.0, minPrice=206.0725, name=Allianz SE NA, reset=false, maxPrice=206.0725, closePrice=206.0725,}"
2023-03-17 10:54:30,494,DE0005140008,SELL,2.00,"{buyPrice=9.7958, quantity=204, buyRequestTs=2023-03-17T09:16:19.740, sellRequestTs=2023-03-09T20:32:21.762, change=0, openPrice=9.5864, sellPrice=9.8056, minPercent=-7.0, stepChange=0, buySpread=0.005, minPrice=9.5864, name=Deutsche Bank AG, reset=false, maxPrice=9.5864, closePrice=9.5864,}"
2023-03-17 11:30:18,958,DE000DTR0CK8,SELL,22.80,"{buyPrice=29.8248, quantity=24.0, buyRequestTs=2023-03-16T15:08:29.315, sellRequestTs=2022-12-22T17:17:49.768, change=0, openPrice=30.8110, sellPrice=30.7750, minPercent=-7.0, stepChange=0, buySpread=0.015, minPrice=30.8110, name=DAIMLER TRUCK HOLDING AG, reset=false, maxPrice=30.8110, closePrice=30.8110,}"
2023-03-17 12:02:19,018,AU000000BHP4,SELL,7.20,"{buyPrice=27.012, quantity=25.0, buyRequestTs=2023-03-16T15:08:18.175, sellRequestTs=2022-12-22T19:26:57.417, change=0, openPrice=27.3178, sellPrice=27.3000, minPercent=-7.0, stepChange=0, buySpread=0.15, minPrice=27.3178, name=BHP Grp. Ltd, reset=false, maxPrice=27.3178, closePrice=27.3178,}"
2023-03-17 12:22:27,899,JE00B4T3BW64,SELL,20.34,"{buyPrice=4.7803, quantity=125.0, buyRequestTs=2023-03-16T14:56:29.260, change=0, openPrice=5.0005, sellPrice=4.9430, minPercent=-7.0, stepChange=0, buySpread=0.003, minPrice=5.0005, name=Glencore PLC, reset=false, maxPrice=5.0005, closePrice=5.0005,}"
2023-03-17 13:58:19,314,DE0008404005,BUY,-404.70,"{buyPrice=202.3522, quantity=2, buyRequestTs=2023-03-17T13:58:19.305, sellRequestTs=2023-03-17T10:54:18.877, change=0, openPrice=203.1283, sellPrice=0.0, stepChange=0, buySpread=0.00, minPrice=203.1283, name=Allianz SE NA, reset=false, maxPrice=203.1283, closePrice=203.1283,}"
2023-03-17 14:56:24,823,US29355A1079,BUY,-1974.71,"{buyPrice=179.5193, quantity=11, buyRequestTs=2023-03-17T14:56:24.813, sellRequestTs=2023-02-24T08:04:33.669, change=0, openPrice=184.8092, sellPrice=0.0, minPercent=-7.0, stepChange=0, buySpread=0.78, minPrice=184.8092, name=Enphase Energy Inc, reset=false, maxPrice=184.8092, closePrice=184.8092,}"
2023-03-17 15:08:19,396,US0394831020,BUY,-498.48,"{buyPrice=71.2111, quantity=7, buyRequestTs=2023-03-17T15:08:19.384, sellRequestTs=2023-03-16T15:50:19.918, change=0, openPrice=71.4356, sellPrice=0.0, minPercent=-7.0, stepChange=0, buySpread=0.22, minPrice=71.4356, name=Archer Daniels Midland Co., reset=false, maxPrice=71.4356, closePrice=71.4356,}"
2023-03-17 15:12:21,730,US29355A1079,SELL,1.97,"{buyPrice=179.5193, quantity=11, buyRequestTs=2023-03-17T14:56:24.813, sellRequestTs=2023-02-24T08:04:33.669, change=0, openPrice=181.1869, sellPrice=179.6988, minPercent=-7.0, stepChange=0, buySpread=0.78, minPrice=181.1869, name=Enphase Energy Inc, reset=false, maxPrice=181.1869, closePrice=181.1869,}"
2023-03-17 15:14:19,959,US29355A1079,BUY,-1969.21,"{buyPrice=179.0188, quantity=11, buyRequestTs=2023-03-17T15:14:19.947, sellRequestTs=2023-03-17T15:12:21.730, change=0, openPrice=180.6404, sellPrice=0.0, minPercent=-7.0, stepChange=0, buySpread=0.54, minPrice=180.6404, name=Enphase Energy Inc, reset=false, maxPrice=180.6404, closePrice=180.6404,}"
2023-03-17 15:34:21,358,US29355A1079,SELL,1.97,"{buyPrice=179.0188, quantity=11, buyRequestTs=2023-03-17T15:14:19.947, sellRequestTs=2023-03-17T15:12:21.730, change=0, openPrice=178.1633, sellPrice=179.1978, minPercent=-7.0, stepChange=0, buySpread=0.54, minPrice=178.1633, name=Enphase Energy Inc, reset=false, maxPrice=178.1633, closePrice=178.1633,}"
2023-03-17 15:38:18,955,FR0000120628,BUY,-494.02,"{buyPrice=26.0010, quantity=19, buyRequestTs=2023-03-17T15:38:18.943, sellRequestTs=2023-03-15T17:30:23.566, change=0, openPrice=26.1453, sellPrice=0.0, minPercent=-7.0, stepChange=0, buySpread=0.010, minPrice=26.1453, name=AXA SA, reset=false, maxPrice=26.1453, closePrice=26.1453,}"
2023-03-17 15:48:33,206,DE0008404005,SELL,0.40,"{buyPrice=202.3522, quantity=2, buyRequestTs=2023-03-17T13:58:19.305, sellRequestTs=2023-03-17T10:54:18.877, change=0, openPrice=200.9525, sellPrice=202.5546, stepChange=0, buySpread=0.00, minPrice=200.9525, name=Allianz SE NA, reset=false, maxPrice=200.9525, closePrice=200.9525,}"
2023-03-17 16:00:31,910,US0378331005,SELL,4.67,"{buyPrice=144.2041, quantity=3.0, buyRequestTs=2023-03-15T20:38:22.321, sellRequestTs=2023-03-15T16:06:21.496, change=0, openPrice=145.8990, sellPrice=145.7600, stepChange=0, buySpread=0.2, minPrice=145.8990, name=Apple Inc, reset=false, maxPrice=145.8990, closePrice=145.8990,}"
2023-03-17 16:02:37,523,US0394831020,SELL,0.50,"{buyPrice=71.2111, quantity=7, buyRequestTs=2023-03-17T15:08:19.384, sellRequestTs=2023-03-16T15:50:19.918, change=0, openPrice=70.4591, sellPrice=71.2823, minPercent=-7.0, stepChange=0, buySpread=0.22, minPrice=70.4591, name=Archer Daniels Midland Co., reset=false, maxPrice=70.4591, closePrice=70.4591,}"
2023-03-17 16:20:19,948,US5949181045,SELL,27.20,"{buyPrice=248.6985, quantity=2.0, buyRequestTs=2023-03-15T15:16:22.338, sellRequestTs=2023-03-15T13:12:23.235, change=0, openPrice=263.3730, sellPrice=262.3000, stepChange=0, buySpread=0.2, minPrice=263.3730, name=Microsoft Corp, reset=false, maxPrice=263.3730, closePrice=263.3730,}"
2023-03-17 16:24:20,513,US4824801009,SELL,1.83,"{buyPrice=366.7664, quantity=5.0, buyRequestTs=2023-03-16T20:56:19.003, sellRequestTs=2022-05-19T16:22:25.749, change=0, openPrice=360.0930, sellPrice=367.1332, minPercent=-7.0, stepChange=0, buySpread=1.0, minPrice=360.0930, name=KLA CORP., reset=false, maxPrice=360.0930, closePrice=360.0930,}"
2023-03-17 18:38:19,416,US0394831020,BUY,-488.95,"{buyPrice=69.8498, quantity=7, buyRequestTs=2023-03-17T18:38:19.404, sellRequestTs=2023-03-17T16:02:37.523, change=0, openPrice=69.9757, sellPrice=0.0, minPercent=-7.0, stepChange=0, buySpread=0.13, minPrice=69.9757, name=Archer Daniels Midland Co., reset=false, maxPrice=69.9757, closePrice=69.9757,}"
2023-03-20 08:20:19,328,FR0000120628,SELL,0.49,"{buyPrice=26.001, quantity=19.0, buyRequestTs=2023-03-17T15:38:18.943, sellRequestTs=2023-03-15T17:30:23.566, change=0, openPrice=25.8718, sellPrice=26.0270, minPercent=-7.0, stepChange=0, buySpread=0.01, minPrice=25.8718, name=AXA SA, reset=false, maxPrice=25.8718, closePrice=25.8718,}"
2023-03-20 08:40:18,251,US0394831020,SELL,0.49,"{buyPrice=69.8498, quantity=7.0, buyRequestTs=2023-03-17T18:38:19.404, sellRequestTs=2023-03-17T16:02:37.523, change=0, openPrice=68.8163, sellPrice=69.9196, minPercent=-7.0, stepChange=0, buySpread=0.13, minPrice=68.8163, name=Archer Daniels Midland Co., reset=false, maxPrice=68.8163, closePrice=68.8163,}"
2023-03-20 09:06:20,612,DE0005140008,BUY,-1999.10,"{buyPrice=8.7297, quantity=229, buyRequestTs=2023-03-20T09:06:20.602, sellRequestTs=2023-03-17T10:54:30.494, change=0, openPrice=8.9338, sellPrice=0.0, minPercent=-7.0, stepChange=0, buySpread=0.017, minPrice=8.9338, name=Deutsche Bank AG, reset=false, maxPrice=8.9338, closePrice=8.9338,}"
2023-03-20 09:10:20,706,DE0005140008,SELL,1.99,"{buyPrice=8.7297, quantity=229, buyRequestTs=2023-03-20T09:06:20.602, sellRequestTs=2023-03-17T10:54:30.494, change=0, openPrice=8.9119, sellPrice=8.7384, minPercent=-7.0, stepChange=0, buySpread=0.017, minPrice=8.9119, name=Deutsche Bank AG, reset=false, maxPrice=8.9119, closePrice=8.9119,}"
2023-03-20 09:26:18,523,US0605051046,BUY,-1996.85,"{buyPrice=25.6006, quantity=78, buyRequestTs=2023-03-20T09:26:18.508, sellRequestTs=2023-03-15T11:36:24.246, change=0, minPercentForce=-4.0, openPrice=25.4439, sellPrice=0.0, stepChange=0, buySpread=0.060, minPrice=25.4439, name=Bank of America Corp, reset=false, maxPrice=25.4439, closePrice=25.4439,}"
2023-03-20 09:48:19,799,FR0000120628,BUY,-478.71,"{buyPrice=25.1952, quantity=19, buyRequestTs=2023-03-20T09:48:19.760, sellRequestTs=2023-03-20T08:20:19.329, change=0, openPrice=25.0241, sellPrice=0.0, minPercent=-7.0, stepChange=0, buySpread=0.01, minPrice=25.0241, name=AXA SA, reset=false, maxPrice=25.0241, closePrice=25.0241,}"
2023-03-20 10:00:25,027,DE0008404005,BUY,-393.47,"{buyPrice=196.7365, quantity=2, buyRequestTs=2023-03-20T10:00:25.014, sellRequestTs=2023-03-17T15:48:33.206, change=0, openPrice=193.7801, sellPrice=0.0, stepChange=0, buySpread=0.06, minPrice=193.7801, name=Allianz SE NA, reset=false, maxPrice=193.7801, closePrice=193.7801,}"
2023-03-20 12:16:19,418,US0605051046,SELL,24.13,"{buyPrice=25.6006, quantity=78, buyRequestTs=2023-03-20T09:26:18.508, sellRequestTs=2023-03-15T11:36:24.246, change=0, minPercentForce=-4.0, openPrice=25.7956, sellPrice=25.9100, stepChange=0, buySpread=0.060, minPrice=25.7956, name=Bank of America Corp, reset=false, maxPrice=25.7956, closePrice=25.7956,}"
2023-03-20 13:56:18,480,US46625H1005,BUY,-1899.50,"{buyPrice=118.7186, quantity=16, buyRequestTs=2023-03-20T13:56:18.471, sellRequestTs=2023-03-16T20:12:18.904, change=0, minPercentForce=-4.0, openPrice=117.2198, sellPrice=0.0, stepChange=0, buySpread=0.28, minPrice=117.2198, name=JPMorgan Chase & Co, reset=false, maxPrice=117.2198, closePrice=117.2198,}"
2023-03-20 16:06:24,520,US11135F1012,BUY,-1791.59,"{buyPrice=597.1966, quantity=3, buyRequestTs=2023-03-20T16:06:24.507, sellRequestTs=2023-03-14T20:48:21.455, change=0, openPrice=593.0406, sellPrice=0.0, stepChange=0, buySpread=1.2, minPrice=593.0406, name=BROADCOM INC., reset=false, maxPrice=593.0406, closePrice=593.0406,}"
2023-03-20 16:06:35,542,US8522341036,BUY,-1976.53,"{buyPrice=70.5905, quantity=28, buyRequestTs=2023-03-20T16:06:35.506, sellRequestTs=2023-02-27T15:18:57.959, change=0, openPrice=70.1512, sellPrice=0.0, minPercent=-7.0, stepChange=0, buySpread=0.19, minPrice=70.1512, name=Block Inc A, reset=false, maxPrice=70.1512, closePrice=70.1512,}"
2023-03-20 16:36:19,212,US0079031078,BUY,-1953.79,"{buyPrice=88.8087, quantity=22, buyRequestTs=2023-03-20T16:36:19.203, sellRequestTs=2023-03-15T17:46:21.882, change=0, openPrice=87.9141, sellPrice=0.0, stepChange=0, buySpread=0.06, minPrice=87.9141, name=Advanced Micro Devices Inc, reset=false, maxPrice=87.9141, closePrice=87.9141,}"
2023-03-20 17:20:20,222,US46625H1005,SELL,1.90,"{buyPrice=118.7186, quantity=16, buyRequestTs=2023-03-20T13:56:18.471, sellRequestTs=2023-03-16T20:12:18.904, change=0, minPercentForce=-4.0, openPrice=118.9672, sellPrice=118.8373, stepChange=0, buySpread=0.28, minPrice=118.9672, name=JPMorgan Chase & Co, reset=false, maxPrice=118.9672, closePrice=118.9672,}"
2023-03-20 17:46:24,036,US70450Y1038,BUY,-1347.35,"{buyPrice=67.3673, quantity=20, buyRequestTs=2023-03-20T17:46:24.026, sellRequestTs=2023-03-09T20:38:20.793, change=0, openPrice=67.4448, sellPrice=0.0, stepChange=0, buySpread=0.07, minPrice=67.4448, name=PayPal Hldgs. Inc, reset=false, maxPrice=67.4448, closePrice=67.4448,}"
2023-03-20 17:48:18,804,FR0000120628,SELL,29.16,"{buyPrice=25.1952, quantity=19, buyRequestTs=2023-03-20T09:48:19.760, sellRequestTs=2023-03-20T08:20:19.329, change=0, openPrice=26.6463, sellPrice=26.7300, minPercent=-7.0, stepChange=0, buySpread=0.01, minPrice=26.6463, name=AXA SA, reset=false, maxPrice=26.6463, closePrice=26.6463,}"
2023-03-20 17:50:30,032,US8522341036,SELL,1.98,"{buyPrice=70.5905, quantity=28, buyRequestTs=2023-03-20T16:06:35.506, sellRequestTs=2023-02-27T15:18:57.959, change=0, openPrice=69.2098, sellPrice=70.6611, minPercent=-7.0, stepChange=0, buySpread=0.19, minPrice=69.2098, name=Block Inc A, reset=false, maxPrice=69.2098, closePrice=69.2098,}"
2023-03-20 20:06:19,564,US69608A1088,BUY,-1886.63,"{buyPrice=7.5465, quantity=250, buyRequestTs=2023-03-20T20:06:19.555, sellRequestTs=2023-03-08T16:28:24.527, change=0, openPrice=7.4798, sellPrice=0.0, minPercent=-7.0, stepChange=0, buySpread=0.019, minPrice=7.4798, name=Palantir Technologies Inc, reset=false, maxPrice=7.4798, closePrice=7.4798,}"
2023-03-20 20:16:20,320,US67066G1040,BUY,-1690.79,"{buyPrice=241.5413, quantity=7, buyRequestTs=2023-03-20T20:16:20.307, sellRequestTs=2023-03-16T15:04:19.458, change=0, openPrice=241.2330, sellPrice=0.0, stepChange=0, buySpread=0.2, minPrice=241.2330, name=NVIDIA Corp, reset=false, maxPrice=241.2330, closePrice=241.2330,}"
2023-03-21 13:18:17,236,US0378331005,BUY,-438.20,"{buyPrice=146.0659, quantity=3, buyRequestTs=2023-03-21T13:18:17.224, sellRequestTs=2023-03-17T16:00:31.910, change=0, openPrice=146.1645, sellPrice=0.0, stepChange=0, buySpread=0.04, minPrice=146.1645, name=Apple Inc, reset=false, maxPrice=146.1645, closePrice=146.1645,}"
2023-03-21 13:18:23,323,NO0010096985,BUY,-474.23,"{buyPrice=26.3463, quantity=18, buyRequestTs=2023-03-21T13:18:23.310, sellRequestTs=2023-03-14T19:34:20.777, change=0, openPrice=26.1000, sellPrice=0.0, minPercent=-7.0, stepChange=0, buySpread=0.05, minPrice=26.1000, name=Equinor ASA, reset=false, maxPrice=26.1000, closePrice=26.1000,}"
2023-03-21 13:18:29,660,US17275R1023,BUY,-476.28,"{buyPrice=47.6276, quantity=10, buyRequestTs=2023-03-21T13:18:29.648, sellRequestTs=2023-03-17T08:40:18.471, change=0, openPrice=47.5123, sellPrice=0.0, stepChange=0, buySpread=0.09, minPrice=47.5123, name=Cisco Systems Inc, reset=false, maxPrice=47.5123, closePrice=47.5123,}"
2023-03-21 14:46:21,782,CA82509L1076,BUY,-1992.07,"{buyPrice=41.5015, quantity=48, buyRequestTs=2023-03-21T14:46:21.773, sellRequestTs=2023-02-15T16:06:34.002, change=0, openPrice=40.9854, sellPrice=0.0, minPercent=-7.0, stepChange=0, buySpread=0.105, minPrice=40.9854, name=SHOPIFY INC., reset=false, maxPrice=40.9854, closePrice=40.9854,}"
2023-03-21 14:46:27,977,US81141R1005,BUY,-1948.65,"{buyPrice=72.1721, quantity=27, buyRequestTs=2023-03-21T14:46:27.968, sellRequestTs=2023-03-13T13:58:18.627, change=0, openPrice=71.7402, sellPrice=0.0, minPercent=-7.0, stepChange=0, buySpread=0.2, minPrice=71.7402, name=Sea Ltd., reset=false, maxPrice=71.7402, closePrice=71.7402,}"
2023-03-21 14:46:34,409,US8522341036,BUY,-1933.51,"{buyPrice=71.6115, quantity=27, buyRequestTs=2023-03-21T14:46:34.400, sellRequestTs=2023-03-20T17:50:30.032, change=0, openPrice=69.9461, sellPrice=0.0, minPercent=-7.0, stepChange=0, buySpread=0.12, minPrice=69.9461, name=Block Inc A, reset=false, maxPrice=69.9461, closePrice=69.9461,}"
2023-03-21 15:30:21,564,US69608A1088,SELL,29.38,"{buyPrice=7.5465, quantity=250.0, buyRequestTs=2023-03-20T20:06:19.555, sellRequestTs=2023-03-08T16:28:24.527, change=0, openPrice=7.7370, sellPrice=7.6640, minPercent=-7.0, stepChange=0, buySpread=0.019, minPrice=7.7370, name=Palantir Technologies Inc, reset=false, maxPrice=7.7370, closePrice=7.7370,}"
2023-03-21 15:36:17,689,US0079031078,SELL,13.89,"{buyPrice=88.8087, quantity=22.0, buyRequestTs=2023-03-20T16:36:19.203, sellRequestTs=2023-03-15T17:46:21.882, change=0, openPrice=90.6869, sellPrice=89.4400, stepChange=0, buySpread=0.06, minPrice=90.6869, name=Advanced Micro Devices Inc, reset=false, maxPrice=90.6869, closePrice=90.6869,}"
2023-03-21 16:02:23,043,US8522341036,SELL,1.93,"{buyPrice=71.6115, quantity=27, buyRequestTs=2023-03-21T14:46:34.400, sellRequestTs=2023-03-20T17:50:30.032, change=0, openPrice=71.0732, sellPrice=71.6831, minPercent=-7.0, stepChange=0, buySpread=0.12, minPrice=71.0732, name=Block Inc A, reset=false, maxPrice=71.0732, closePrice=71.0732,}"
2023-03-21 16:44:17,493,NO0010096985,SELL,0.47,"{buyPrice=26.3463, quantity=18, buyRequestTs=2023-03-21T13:18:23.310, sellRequestTs=2023-03-14T19:34:20.777, change=0, openPrice=25.7750, sellPrice=26.3726, minPercent=-7.0, stepChange=0, buySpread=0.05, minPrice=25.7750, name=Equinor ASA, reset=false, maxPrice=25.7750, closePrice=25.7750,}"
2023-03-21 16:56:17,500,US17275R1023,SELL,0.48,"{buyPrice=47.6276, quantity=10, buyRequestTs=2023-03-21T13:18:29.648, sellRequestTs=2023-03-17T08:40:18.471, change=0, openPrice=46.9445, sellPrice=47.6752, stepChange=0, buySpread=0.09, minPrice=46.9445, name=Cisco Systems Inc, reset=false, maxPrice=46.9445, closePrice=46.9445,}"
2023-03-21 17:14:19,150,US67066G1040,SELL,1.69,"{buyPrice=241.5413, quantity=7.0, buyRequestTs=2023-03-20T20:16:20.307, sellRequestTs=2023-03-16T15:04:19.458, change=0, openPrice=238.3239, sellPrice=241.7828, stepChange=0, buySpread=0.2, minPrice=238.3239, name=NVIDIA Corp, reset=false, maxPrice=238.3239, closePrice=238.3239,}"
2023-03-21 18:16:17,479,US02079K3059,BUY,-2917.42,"{buyPrice=97.2472, quantity=30, buyRequestTs=2023-03-21T18:16:17.467, sellRequestTs=2023-01-10T16:57:02.181, change=0, openPrice=96.7544, sellPrice=0.0, stepChange=0, tradeAmount=3000.0, buySpread=0.10, minPrice=96.7544, name=Alphabet Inc A, reset=false, maxPrice=96.7544, closePrice=96.7544,}"
2023-03-21 19:36:17,598,US69608A1088,BUY,-1741.77,"{buyPrice=7.8458, quantity=222, buyRequestTs=2023-03-21T19:36:17.587, sellRequestTs=2023-03-21T15:30:21.565, change=0, openPrice=7.7982, sellPrice=0.0, minPercent=-7.0, stepChange=0, buySpread=0.019, minPrice=7.7982, name=Palantir Technologies Inc, reset=false, maxPrice=7.7982, closePrice=7.7982,}"
2023-03-21 20:58:18,691,US8522341036,BUY,-431.89,"{buyPrice=71.9819, quantity=6, buyRequestTs=2023-03-21T20:58:18.682, sellRequestTs=2023-03-21T16:02:23.043, change=0, openPrice=72.0429, sellPrice=0.0, minPercent=-7.0, stepChange=0, buySpread=0.09, minPrice=72.0429, name=Block Inc A, reset=false, maxPrice=72.0429, closePrice=72.0429,}"
2023-03-21 21:04:17,972,US81141R1005,SELL,38.55,"{buyPrice=72.1721, quantity=27, buyRequestTs=2023-03-21T14:46:27.968, sellRequestTs=2023-03-13T13:58:18.627, change=0, openPrice=74.0407, sellPrice=73.6000, minPercent=-7.0, stepChange=0, buySpread=0.2, minPrice=74.0407, name=Sea Ltd., reset=false, maxPrice=74.0407, closePrice=74.0407,}"
2023-03-21 21:08:27,835,US17275R1023,BUY,-471.12,"{buyPrice=47.1121, quantity=10, buyRequestTs=2023-03-21T21:08:27.826, sellRequestTs=2023-03-21T16:56:17.500, change=0, openPrice=47.0957, sellPrice=0.0, stepChange=0, buySpread=0.135, minPrice=47.0957, name=Cisco Systems Inc, reset=false, maxPrice=47.0957, closePrice=47.0957,}"
2023-03-21 21:38:19,175,CA82509L1076,SELL,34.25,"{buyPrice=41.5015, quantity=48, buyRequestTs=2023-03-21T14:46:21.773, sellRequestTs=2023-02-15T16:06:34.002, change=0, openPrice=42.2206, sellPrice=42.2150, minPercent=-7.0, stepChange=0, buySpread=0.105, minPrice=42.2206, name=SHOPIFY INC., reset=false, maxPrice=42.2206, closePrice=42.2206,}"
2023-03-22 09:20:23,354,US8522341036,SELL,0.43,"{buyPrice=71.9819, quantity=6.0, buyRequestTs=2023-03-21T20:58:18.682, sellRequestTs=2023-03-21T16:02:23.043, change=0, openPrice=71.2215, sellPrice=72.0539, minPercent=-7.0, stepChange=0, buySpread=0.09, minPrice=71.2215, name=Block Inc A, reset=false, maxPrice=71.2215, closePrice=71.2215,}"
2023-03-22 14:06:23,687,US02079K3059,SELL,2.92,"{buyPrice=97.2472, quantity=30.0, buyRequestTs=2023-03-21T18:16:17.467, sellRequestTs=2023-01-10T16:57:02.181, change=0, openPrice=95.6764, sellPrice=97.3444, stepChange=0, tradeAmount=3000.0, buySpread=0.1, minPrice=95.6764, name=Alphabet Inc A, reset=false, maxPrice=95.6764, closePrice=95.6764,}"
2023-03-22 15:04:21,211,US70450Y1038,SELL,59.05,"{buyPrice=67.3673, quantity=20.0, buyRequestTs=2023-03-20T17:46:24.026, sellRequestTs=2023-03-09T20:38:20.793, change=0, openPrice=70.7213, sellPrice=70.3200, stepChange=0, buySpread=0.07, minPrice=70.7213, name=PayPal Hldgs. Inc, reset=false, maxPrice=70.7213, closePrice=70.7213,}"
2023-03-22 16:26:21,374,US69608A1088,SELL,1.73,"{buyPrice=7.8458, quantity=222.0, buyRequestTs=2023-03-21T19:36:17.587, sellRequestTs=2023-03-21T15:30:21.565, change=0, openPrice=7.8944, sellPrice=7.8536, minPercent=-7.0, stepChange=0, buySpread=0.019, minPrice=7.8944, name=Palantir Technologies Inc, reset=false, maxPrice=7.8944, closePrice=7.8944,}"
2023-03-22 16:38:21,583,DE0008404005,SELL,23.13,"{buyPrice=196.7365, quantity=2.0, buyRequestTs=2023-03-20T10:00:25.014, sellRequestTs=2023-03-17T15:48:33.206, change=0, openPrice=208.7417, sellPrice=208.3000, stepChange=0, buySpread=0.06, minPrice=208.7417, name=Allianz SE NA, reset=false, maxPrice=208.7417, closePrice=208.7417,}"
2023-03-22 16:46:21,342,US02079K3059,BUY,-2943.54,"{buyPrice=98.1180, quantity=30, buyRequestTs=2023-03-22T16:46:21.330, sellRequestTs=2023-03-22T14:06:23.687, change=0, openPrice=97.5780, sellPrice=0.0, stepChange=0, tradeAmount=3000.0, buySpread=0.06, minPrice=97.5780, name=Alphabet Inc A, reset=false, maxPrice=97.5780, closePrice=97.5780,}"
2023-03-22 18:38:21,973,US17275R1023,SELL,0.47,"{buyPrice=47.1121, quantity=10.0, buyRequestTs=2023-03-21T21:08:27.826, sellRequestTs=2023-03-21T16:56:17.500, change=0, openPrice=46.4858, sellPrice=47.1592, stepChange=0, buySpread=0.135, minPrice=46.4858, name=Cisco Systems Inc, reset=false, maxPrice=46.4858, closePrice=46.4858,}"
2023-03-22 20:06:21,759,US5949181045,BUY,-1780.48,"{buyPrice=254.3541, quantity=7, buyRequestTs=2023-03-22T20:06:21.747, sellRequestTs=2023-03-17T16:20:19.948, change=0, openPrice=256.4189, sellPrice=0.0, stepChange=0, buySpread=0.1, minPrice=256.4189, name=Microsoft Corp, reset=false, maxPrice=256.4189, closePrice=256.4189,}"
2023-03-22 20:06:27,949,US70450Y1038,BUY,-1950.19,"{buyPrice=69.6496, quantity=28, buyRequestTs=2023-03-22T20:06:27.940, sellRequestTs=2023-03-22T15:04:21.211, change=0, openPrice=70.1469, sellPrice=0.0, stepChange=0, buySpread=0.06, minPrice=70.1469, name=PayPal Hldgs. Inc, reset=false, maxPrice=70.1469, closePrice=70.1469,}"
2023-03-22 20:06:39,132,US67066G1040,BUY,-1998.40,"{buyPrice=249.7996, quantity=8, buyRequestTs=2023-03-22T20:06:39.123, sellRequestTs=2023-03-21T17:14:19.150, change=0, openPrice=251.6340, sellPrice=0.0, stepChange=0, buySpread=0.30, minPrice=251.6340, name=NVIDIA Corp, reset=false, maxPrice=251.6340, closePrice=251.6340,}"
2023-03-22 20:06:50,214,US69608A1088,BUY,-858.88,"{buyPrice=7.7377, quantity=111, buyRequestTs=2023-03-22T20:06:50.205, sellRequestTs=2023-03-22T16:26:21.374, change=0, openPrice=7.7543, sellPrice=0.0, minPercent=-7.0, stepChange=0, buySpread=0.02, minPrice=7.7543, name=Palantir Technologies Inc, reset=false, maxPrice=7.7543, closePrice=7.7543,}"
2023-03-22 20:50:32,055,US67066G1040,SELL,2.00,"{buyPrice=249.7996, quantity=8, buyRequestTs=2023-03-22T20:06:39.123, sellRequestTs=2023-03-21T17:14:19.150, change=0, openPrice=248.6163, sellPrice=250.0494, stepChange=0, buySpread=0.30, minPrice=248.6163, name=NVIDIA Corp, reset=false, maxPrice=248.6163, closePrice=248.6163,}"
2023-03-22 21:04:21,796,US5949181045,SELL,1.78,"{buyPrice=254.3541, quantity=7, buyRequestTs=2023-03-22T20:06:21.747, sellRequestTs=2023-03-17T16:20:19.948, change=0, openPrice=253.7400, sellPrice=254.6085, stepChange=0, buySpread=0.1, minPrice=253.7400, name=Microsoft Corp, reset=false, maxPrice=253.7400, closePrice=253.7400,}"
2023-03-22 21:06:21,346,US02079K3059,SELL,2.94,"{buyPrice=98.1180, quantity=30, buyRequestTs=2023-03-22T16:46:21.330, sellRequestTs=2023-03-22T14:06:23.687, change=0, openPrice=96.4307, sellPrice=98.2161, stepChange=0, tradeAmount=3000.0, buySpread=0.06, minPrice=96.4307, name=Alphabet Inc A, reset=false, maxPrice=96.4307, closePrice=96.4307,}"
2023-03-22 21:06:32,350,US0394831020,BUY,-496.94,"{buyPrice=70.9909, quantity=7, buyRequestTs=2023-03-22T21:06:32.340, sellRequestTs=2023-03-20T08:40:18.251, change=0, openPrice=71.4063, sellPrice=0.0, minPercent=-7.0, stepChange=0, buySpread=0.13, minPrice=71.4063, name=Archer Daniels Midland Co., reset=false, maxPrice=71.4063, closePrice=71.4063,}"
2023-03-22 21:08:21,838,US70450Y1038,SELL,1.95,"{buyPrice=69.6496, quantity=28, buyRequestTs=2023-03-22T20:06:27.940, sellRequestTs=2023-03-22T15:04:21.211, change=0, openPrice=69.3842, sellPrice=69.7192, stepChange=0, buySpread=0.06, minPrice=69.3842, name=PayPal Hldgs. Inc, reset=false, maxPrice=69.3842, closePrice=69.3842,}"
2023-03-22 21:10:21,741,US69608A1088,SELL,0.85,"{buyPrice=7.7377, quantity=111, buyRequestTs=2023-03-22T20:06:50.205, sellRequestTs=2023-03-22T16:26:21.374, change=0, openPrice=7.6440, sellPrice=7.7454, minPercent=-7.0, stepChange=0, buySpread=0.02, minPrice=7.6440, name=Palantir Technologies Inc, reset=false, maxPrice=7.6440, closePrice=7.6440,}"
2023-03-22 21:16:21,864,US11135F1012,SELL,1.79,"{buyPrice=597.1966, quantity=3.0, buyRequestTs=2023-03-20T16:06:24.507, sellRequestTs=2023-03-14T20:48:21.455, change=0, openPrice=585.7863, sellPrice=597.7938, stepChange=0, buySpread=1.2, minPrice=585.7863, name=BROADCOM INC., reset=false, maxPrice=585.7863, closePrice=585.7863,}"
2023-03-23 14:46:26,092,US70450Y1038,BUY,-668.87,"{buyPrice=66.8868, quantity=10, buyRequestTs=2023-03-23T14:46:26.038, sellRequestTs=2023-03-22T21:08:21.838, change=0, openPrice=67.0732, sellPrice=0.0, stepChange=0, buySpread=0.06, minPrice=67.0732, name=PayPal Hldgs. Inc, reset=false, maxPrice=67.0732, closePrice=67.0732,}"
2023-03-23 15:56:22,710,US4824801009,BUY,-1818.07,"{buyPrice=363.6133, quantity=5, buyRequestTs=2023-03-23T15:56:22.699, sellRequestTs=2023-03-17T16:24:20.513, change=0, openPrice=360.3760, sellPrice=0.0, minPercent=-7.0, stepChange=0, buySpread=1.00, minPrice=360.3760, name=KLA CORP., reset=false, maxPrice=360.3760, closePrice=360.3760,}"
2023-03-23 16:06:26,117,US5949181045,BUY,-1804.30,"{buyPrice=257.7575, quantity=7, buyRequestTs=2023-03-23T16:06:26.106, sellRequestTs=2023-03-22T21:04:21.797, change=0, openPrice=255.8396, sellPrice=0.0, stepChange=0, buySpread=0.05, minPrice=255.8396, name=Microsoft Corp, reset=false, maxPrice=255.8396, closePrice=255.8396,}"
2023-03-23 16:06:37,129,US69608A1088,BUY,-867.66,"{buyPrice=7.8168, quantity=111, buyRequestTs=2023-03-23T16:06:37.118, sellRequestTs=2023-03-22T21:10:21.742, change=0, openPrice=7.7937, sellPrice=0.0, minPercent=-7.0, stepChange=0, buySpread=0.019, minPrice=7.7937, name=Palantir Technologies Inc, reset=false, maxPrice=7.7937, closePrice=7.7937,}"
2023-03-23 16:36:26,228,US5128071082,BUY,-1945.54,"{buyPrice=486.3859, quantity=4, buyRequestTs=2023-03-23T16:36:26.219, sellRequestTs=2022-10-13T18:13:49.848, change=0, openPrice=485.5871, sellPrice=0.0, minPercent=-7.0, stepChange=0, buySpread=1.3, minPrice=485.5871, name=Lam Research Corp, reset=false, maxPrice=485.5871, closePrice=485.5871,}"
2023-03-23 17:04:28,750,US69608A1088,SELL,0.87,"{buyPrice=7.8168, quantity=111, buyRequestTs=2023-03-23T16:06:37.118, sellRequestTs=2023-03-22T21:10:21.742, change=0, openPrice=7.6872, sellPrice=7.8246, minPercent=-7.0, stepChange=0, buySpread=0.019, minPrice=7.6872, name=Palantir Technologies Inc, reset=false, maxPrice=7.6872, closePrice=7.6872,}"
2023-03-23 17:06:26,913,US70450Y1038,SELL,8.13,"{buyPrice=66.8868, quantity=10, buyRequestTs=2023-03-23T14:46:26.038, sellRequestTs=2023-03-22T21:08:21.838, change=0, openPrice=67.6972, sellPrice=67.7000, stepChange=0, buySpread=0.06, minPrice=67.6972, name=PayPal Hldgs. Inc, reset=false, maxPrice=67.6972, closePrice=67.6972,}"
2023-03-23 18:39:01,313,US0394831020,SELL,0.50,"{buyPrice=70.9909, quantity=7.0, buyRequestTs=2023-03-22T21:06:32.340, sellRequestTs=2023-03-20T08:40:18.251, change=0, openPrice=70.5465, sellPrice=71.0619, minPercent=-7.0, stepChange=0, buySpread=0.13, minPrice=70.5465, name=Archer Daniels Midland Co., reset=false, maxPrice=70.5465, closePrice=70.5465,}"
2023-03-23 19:07:03,688,US0394831020,BUY,-491.19,"{buyPrice=70.1701, quantity=7, buyRequestTs=2023-03-23T19:07:03.636, sellRequestTs=2023-03-23T18:39:01.315, change=0, openPrice=70.1830, sellPrice=0.0, minPercent=-7.0, stepChange=0, buySpread=0.15, minPrice=70.1830, name=Archer Daniels Midland Co., reset=false, maxPrice=70.1830, closePrice=70.1830,}"
2023-03-23 20:01:00,139,US4824801009,SELL,1.82,"{buyPrice=363.6133, quantity=5.0, buyRequestTs=2023-03-23T15:56:22.699, sellRequestTs=2023-03-17T16:24:20.513, change=0, openPrice=355.6941, sellPrice=363.9769, minPercent=-7.0, stepChange=0, buySpread=1.0, minPrice=355.6941, name=KLA CORP., reset=false, maxPrice=355.6941, closePrice=355.6941,}"
2023-03-23 20:01:11,380,US5128071082,SELL,1.95,"{buyPrice=486.3859, quantity=4.0, buyRequestTs=2023-03-23T16:36:26.219, sellRequestTs=2022-10-13T18:13:49.848, change=0, openPrice=479.0717, sellPrice=486.8723, minPercent=-7.0, stepChange=0, buySpread=1.3, minPrice=479.0717, name=Lam Research Corp, reset=false, maxPrice=479.0717, closePrice=479.0717,}"
2023-03-23 20:47:03,846,US0394831020,SELL,0.49,"{buyPrice=70.1701, quantity=7, buyRequestTs=2023-03-23T19:07:03.636, sellRequestTs=2023-03-23T18:39:01.315, change=0, openPrice=69.3298, sellPrice=70.2403, minPercent=-7.0, stepChange=0, buySpread=0.15, minPrice=69.3298, name=Archer Daniels Midland Co., reset=false, maxPrice=69.3298, closePrice=69.3298,}"
2023-03-24 10:00:21,534,US4781601046,BUY,-1974.29,"{buyPrice=141.0209, quantity=14, buyRequestTs=2023-03-24T10:00:21.520, sellRequestTs=2023-03-10T08:24:20.959, change=0, minPercentForce=-4.0, openPrice=139.9978, sellPrice=0.0, stepChange=0, buySpread=0.66, minPrice=139.9978, name=Johnson & Johnson, reset=false, maxPrice=139.9978, closePrice=139.9978,}"
2023-03-24 15:14:17,273,US0605051046,BUY,-1986.38,"{buyPrice=24.8298, quantity=80, buyRequestTs=2023-03-24T15:14:17.263, sellRequestTs=2023-03-20T12:16:19.418, change=0, minPercentForce=-4.0, openPrice=24.7577, sellPrice=0.0, stepChange=0, buySpread=0.050, minPrice=24.7577, name=Bank of America Corp, reset=false, maxPrice=24.7577, closePrice=24.7577,}"
2023-03-24 17:46:17,441,JE00B4T3BW64,BUY,-633.14,"{buyPrice=5.0651, quantity=125, buyRequestTs=2023-03-24T17:46:17.432, sellRequestTs=2023-03-17T12:22:27.899, change=0, openPrice=5.0348, sellPrice=0.0, minPercent=-7.0, stepChange=0, buySpread=0.014, minPrice=5.0348, name=Glencore PLC, reset=false, maxPrice=5.0348, closePrice=5.0348,}"
2023-03-24 17:58:17,433,JP3633400001,BUY,-497.67,"{buyPrice=12.7607, quantity=39, buyRequestTs=2023-03-24T17:58:17.424, sellRequestTs=2023-02-22T08:24:25.596, change=0, openPrice=12.5407, sellPrice=0.0, stepChange=0, buySpread=0.192, minPrice=12.5407, name=Toyota Motor Corp, reset=false, maxPrice=12.5407, closePrice=12.5407,}"
2023-03-24 17:58:28,426,AU000000BHP4,BUY,-677.30,"{buyPrice=27.0921, quantity=25, buyRequestTs=2023-03-24T17:58:28.416, sellRequestTs=2023-03-17T12:02:19.019, change=0, openPrice=26.8685, sellPrice=0.0, minPercent=-7.0, stepChange=0, buySpread=0.160, minPrice=26.8685, name=BHP Grp. Ltd, reset=false, maxPrice=26.8685, closePrice=26.8685,}"
2023-03-24 20:48:22,381,US0605051046,SELL,25.62,"{buyPrice=24.8298, quantity=80, buyRequestTs=2023-03-24T15:14:17.263, sellRequestTs=2023-03-20T12:16:19.418, change=0, minPercentForce=-4.0, openPrice=25.1265, sellPrice=25.1500, stepChange=0, buySpread=0.050, minPrice=25.1265, name=Bank of America Corp, reset=false, maxPrice=25.1265, closePrice=25.1265,}"
2023-03-27 09:34:22,825,US46625H1005,BUY,-1995.75,"{buyPrice=117.3973, quantity=17, buyRequestTs=2023-03-27T09:34:22.811, sellRequestTs=2023-03-20T17:20:20.222, change=0, minPercentForce=-4.0, openPrice=116.5117, sellPrice=0.0, stepChange=0, buySpread=0.78, minPrice=116.5117, name=JPMorgan Chase & Co, reset=false, maxPrice=116.5117, closePrice=116.5117,}"
2023-03-27 13:06:21,350,US09075V1026,BUY,-1993.54,"{buyPrice=117.2672, quantity=17, buyRequestTs=2023-03-27T13:06:21.339, sellRequestTs=2023-02-16T15:34:22.055, change=0, openPrice=119.2261, sellPrice=0.0, minPercent=-7.0, stepChange=0, buySpread=0.55, minPrice=119.2261, name=BIONTECH SE, reset=false, maxPrice=119.2261, closePrice=119.2261,}"
2023-03-27 13:26:21,607,US09075V1026,SELL,1.99,"{buyPrice=117.2672, quantity=17, buyRequestTs=2023-03-27T13:06:21.339, sellRequestTs=2023-02-16T15:34:22.055, change=0, openPrice=116.4837, sellPrice=117.3845, minPercent=-7.0, stepChange=0, buySpread=0.55, minPrice=116.4837, name=BIONTECH SE, reset=false, maxPrice=116.4837, closePrice=116.4837,}"
2023-03-27 13:28:23,372,US09075V1026,BUY,-1961.21,"{buyPrice=115.3653, quantity=17, buyRequestTs=2023-03-27T13:28:23.363, sellRequestTs=2023-03-27T13:26:21.608, change=0, openPrice=116.1527, sellPrice=0.0, minPercent=-7.0, stepChange=0, buySpread=0.25, minPrice=116.1527, name=BIONTECH SE, reset=false, maxPrice=116.1527, closePrice=116.1527,}"
2023-03-27 13:34:20,549,US09075V1026,SELL,1.96,"{buyPrice=115.3653, quantity=17, buyRequestTs=2023-03-27T13:28:23.363, sellRequestTs=2023-03-27T13:26:21.608, change=0, openPrice=114.3964, sellPrice=115.4807, minPercent=-7.0, stepChange=0, buySpread=0.25, minPrice=114.3964, name=BIONTECH SE, reset=false, maxPrice=114.3964, closePrice=114.3964,}"
2023-03-27 13:36:22,759,US09075V1026,BUY,-1961.21,"{buyPrice=115.3653, quantity=17, buyRequestTs=2023-03-27T13:36:22.750, sellRequestTs=2023-03-27T13:34:20.549, change=0, openPrice=114.4113, sellPrice=0.0, minPercent=-7.0, stepChange=0, buySpread=0.40, minPrice=114.4113, name=BIONTECH SE, reset=false, maxPrice=114.4113, closePrice=114.4113,}"
2023-03-27 15:26:29,808,US5949181045,SELL,14.30,"{buyPrice=257.7575, quantity=7.0, buyRequestTs=2023-03-23T16:06:26.106, sellRequestTs=2023-03-22T21:04:21.797, change=0, openPrice=260.2460, sellPrice=259.8000, stepChange=0, buySpread=0.05, minPrice=260.2460, name=Microsoft Corp, reset=false, maxPrice=260.2460, closePrice=260.2460,}"
2023-03-27 16:12:21,104,US09075V1026,SELL,1.96,"{buyPrice=115.3653, quantity=17, buyRequestTs=2023-03-27T13:36:22.750, sellRequestTs=2023-03-27T13:34:20.549, change=0, openPrice=112.8457, sellPrice=115.4807, minPercent=-7.0, stepChange=0, buySpread=0.40, minPrice=112.8457, name=BIONTECH SE, reset=false, maxPrice=112.8457, closePrice=112.8457,}"
2023-03-27 17:06:21,248,US0378331005,SELL,5.80,"{buyPrice=146.0659, quantity=3.0, buyRequestTs=2023-03-21T13:18:17.224, sellRequestTs=2023-03-17T16:00:31.910, change=0, openPrice=148.2965, sellPrice=148.0000, stepChange=0, buySpread=0.04, minPrice=148.2965, name=Apple Inc, reset=false, maxPrice=148.2965, closePrice=148.2965,}"
2023-03-27 21:16:22,715,US00724F1012,BUY,-347.35,"{buyPrice=347.3470, quantity=1, buyRequestTs=2023-03-27T21:16:22.705, sellRequestTs=2023-01-30T09:19:43.501, change=0, openPrice=346.2528, sellPrice=0.0, stepChange=0, buySpread=0.35, minPrice=346.2528, name=Adobe Inc, reset=false, maxPrice=346.2528, closePrice=346.2528,}"
2023-03-27 21:36:23,739,US68389X1054,BUY,-1929.10,"{buyPrice=83.8738, quantity=23, buyRequestTs=2023-03-27T21:36:23.727, sellRequestTs=2021-06-16T15:57:26.772, change=0, openPrice=83.5724, sellPrice=0.0, stepChange=0, buySpread=0.09, minPrice=83.5724, name=Oracle Corp, reset=false, maxPrice=83.5724, closePrice=83.5724,}"
2023-03-28 10:56:16,527,US00724F1012,SELL,0.35,"{buyPrice=347.347, quantity=1.0, buyRequestTs=2023-03-27T21:16:22.705, sellRequestTs=2023-01-30T09:19:43.501, change=0, openPrice=342.1585, sellPrice=347.6943, stepChange=0, buySpread=0.35, minPrice=342.1585, name=Adobe Inc, reset=false, maxPrice=342.1585, closePrice=342.1585,}"
2023-03-28 11:44:16,277,AU000000BHP4,SELL,3.57,"{buyPrice=27.0921, quantity=25.0, buyRequestTs=2023-03-24T17:58:28.416, sellRequestTs=2023-03-17T12:02:19.019, change=0, openPrice=27.3292, sellPrice=27.2350, minPercent=-7.0, stepChange=0, buySpread=0.16, minPrice=27.3292, name=BHP Grp. Ltd, reset=false, maxPrice=27.3292, closePrice=27.3292,}"
2023-03-28 12:36:16,146,US46625H1005,SELL,20.79,"{buyPrice=117.3973, quantity=17.0, buyRequestTs=2023-03-27T09:34:22.811, sellRequestTs=2023-03-20T17:20:20.222, change=0, minPercentForce=-4.0, openPrice=118.8356, sellPrice=118.6200, stepChange=0, buySpread=0.78, minPrice=118.8356, name=JPMorgan Chase & Co, reset=false, maxPrice=118.8356, closePrice=118.8356,}"
2023-03-28 14:52:17,296,US68389X1054,SELL,1.93,"{buyPrice=83.8738, quantity=23.0, buyRequestTs=2023-03-27T21:36:23.727, sellRequestTs=2021-06-16T15:57:26.772, change=0, openPrice=82.4247, sellPrice=83.9577, stepChange=0, buySpread=0.09, minPrice=82.4247, name=Oracle Corp, reset=false, maxPrice=82.4247, closePrice=82.4247,}"
2023-03-29 13:56:19,780,US0079031078,BUY,-440.74,"{buyPrice=88.1481, quantity=5, buyRequestTs=2023-03-29T13:56:19.770, sellRequestTs=2023-03-21T15:36:17.689, change=0, openPrice=87.9351, sellPrice=0.0, stepChange=0, buySpread=0.05, minPrice=87.9351, name=Advanced Micro Devices Inc, reset=false, maxPrice=87.9351, closePrice=87.9351,}"
2023-03-29 15:46:19,892,US5949181045,BUY,-257.96,"{buyPrice=257.9577, quantity=1, buyRequestTs=2023-03-29T15:46:19.883, sellRequestTs=2023-03-27T15:26:29.808, change=0, openPrice=256.4176, sellPrice=0.0, stepChange=0, buySpread=0.1, minPrice=256.4176, name=Microsoft Corp, reset=false, maxPrice=256.4176, closePrice=256.4176,}"
2023-03-29 15:46:31,082,US00724F1012,BUY,-348.50,"{buyPrice=348.4982, quantity=1, buyRequestTs=2023-03-29T15:46:31.073, sellRequestTs=2023-03-28T10:56:16.529, change=0, openPrice=346.2652, sellPrice=0.0, stepChange=0, buySpread=0.45, minPrice=346.2652, name=Adobe Inc, reset=false, maxPrice=346.2652, closePrice=346.2652,}"
2023-03-29 15:56:18,799,CA82509L1076,BUY,-1960.18,"{buyPrice=42.6126, quantity=46, buyRequestTs=2023-03-29T15:56:18.790, sellRequestTs=2023-03-21T21:38:19.175, change=0, openPrice=41.7197, sellPrice=0.0, minPercent=-7.0, stepChange=0, buySpread=0.11, minPrice=41.7197, name=SHOPIFY INC., reset=false, maxPrice=41.7197, closePrice=41.7197,}"
2023-03-29 16:52:20,149,CA82509L1076,SELL,1.96,"{buyPrice=42.6126, quantity=46, buyRequestTs=2023-03-29T15:56:18.790, sellRequestTs=2023-03-21T21:38:19.175, change=0, openPrice=42.2111, sellPrice=42.6552, minPercent=-7.0, stepChange=0, buySpread=0.11, minPrice=42.2111, name=SHOPIFY INC., reset=false, maxPrice=42.2111, closePrice=42.2111,}"
2023-03-29 21:06:20,075,US81141R1005,BUY,-1971.97,"{buyPrice=78.8788, quantity=25, buyRequestTs=2023-03-29T21:06:20.066, sellRequestTs=2023-03-21T21:04:17.972, change=0, openPrice=78.3237, sellPrice=0.0, minPercent=-7.0, stepChange=0, buySpread=0.2, minPrice=78.3237, name=Sea Ltd., reset=false, maxPrice=78.3237, closePrice=78.3237,}"
2023-03-29 21:26:19,760,US17275R1023,BUY,-472.97,"{buyPrice=47.2973, quantity=10, buyRequestTs=2023-03-29T21:26:19.752, sellRequestTs=2023-03-22T18:38:21.974, change=0, openPrice=47.1206, sellPrice=0.0, stepChange=0, buySpread=0.025, minPrice=47.1206, name=Cisco Systems Inc, reset=false, maxPrice=47.1206, closePrice=47.1206,}"
2023-03-29 21:38:20,902,US6311031081,BUY,-450.45,"{buyPrice=50.0500, quantity=9, buyRequestTs=2023-03-29T21:38:20.889, change=0, openPrice=49.8335, sellPrice=0.0, minPercent=-7.0, stepChange=0, buySpread=0.09, minPrice=49.8335, name=Nasdaq Inc, reset=false, maxPrice=49.8335, closePrice=49.8335,}"
2023-03-29 21:56:19,435,US4581401001,BUY,-495.28,"{buyPrice=29.1341, quantity=17, buyRequestTs=2023-03-29T21:56:19.426, sellRequestTs=2021-07-26T17:13:39.420, change=0, openPrice=29.2433, sellPrice=0.0, stepChange=0, buySpread=0.020, minPrice=29.2433, name=Intel Corp, reset=false, maxPrice=29.2433, closePrice=29.2433,}"
