"TS","MS","ISIN","ACTION","VOL","DATA"
2023-04-20 08:08:29,258,US5398301094,SELL,1.85,"{buyPrice=463.0626, quantity=4.0, buyRequestTs=2023-04-18T16:07:58.797, sellRequestTs=2023-02-28T08:40:24.978, change=0, openPrice=451.0679, sellPrice=463.5257, stepChange=0, buySpread=1.4, minPrice=451.0679, name=Lockheed Martin Corp, reset=false, maxPrice=451.0679, closePrice=451.0679,}"
2023-04-20 10:16:24,872,US6311031081,SELL,0.47,"{buyPrice=52.6126, quantity=9.0, buyRequestTs=2023-04-19T20:57:54.094, sellRequestTs=2023-04-11T10:38:11.949, change=0, openPrice=51.8229, sellPrice=52.6652, minPercent=-7.0, stepChange=0, buySpread=0.16, minPrice=51.8229, name=Nasdaq Inc, reset=false, maxPrice=51.8229, closePrice=51.8229,}"
2023-04-20 16:36:49,035,US0605051046,BUY,-1977.65,"{buyPrice=27.4674, quantity=72, buyRequestTs=2023-04-20T16:36:49.019, sellRequestTs=2023-04-18T10:43:55.573, change=0, minPercentForce=-4.0, openPrice=27.4162, sellPrice=0.0, stepChange=0, buySpread=0.04, minPrice=27.4162, name=Bank of America Corp, reset=false, maxPrice=27.4162, closePrice=27.4162,}"
2023-04-20 17:26:51,317,US00206R1023,BUY,-490.99,"{buyPrice=16.3664, quantity=30, buyRequestTs=2023-04-20T17:26:51.305, sellRequestTs=2021-11-18T16:33:31.303, change=0, openPrice=16.3057, sellPrice=0.0, stepChange=0, buySpread=0.055, minPrice=16.3057, name=AT&T Inc, reset=false, maxPrice=16.3057, closePrice=16.3057,}"
2023-04-20 18:10:51,104,US29355A1079,BUY,-406.71,"{buyPrice=203.3532, quantity=2, buyRequestTs=2023-04-20T18:10:51.067, sellRequestTs=2023-04-05T18:44:12.303, change=0, openPrice=201.5066, sellPrice=0.0, minPercent=-7.0, stepChange=0, buySpread=0.65, minPrice=201.5066, name=Enphase Energy Inc, reset=false, maxPrice=201.5066, closePrice=201.5066,}"
2023-04-20 20:42:49,381,US00206R1023,SELL,0.49,"{buyPrice=16.3664, quantity=30, buyRequestTs=2023-04-20T17:26:51.305, sellRequestTs=2021-11-18T16:33:31.303, change=0, openPrice=16.0862, sellPrice=16.3828, stepChange=0, buySpread=0.055, minPrice=16.0862, name=AT&T Inc, reset=false, maxPrice=16.0862, closePrice=16.0862,}"
2023-04-21 16:06:31,695,US4581401001,BUY,-1994.23,"{buyPrice=27.6977, quantity=72, buyRequestTs=2023-04-21T16:06:31.681, sellRequestTs=2023-03-30T18:26:17.074, change=0, openPrice=27.9007, sellPrice=0.0, stepChange=0, buySpread=0.05, minPrice=27.9007, name=Intel Corp, reset=false, maxPrice=27.9007, closePrice=27.9007,}"
2023-04-21 16:12:29,471,US0605051046,SELL,1.98,"{buyPrice=27.4674, quantity=72.0, buyRequestTs=2023-04-20T16:36:49.019, sellRequestTs=2023-04-18T10:43:55.573, change=0, minPercentForce=-4.0, openPrice=27.0158, sellPrice=27.4949, stepChange=0, buySpread=0.04, minPrice=27.0158, name=Bank of America Corp, reset=false, maxPrice=27.0158, closePrice=27.0158,}"
2023-04-21 21:48:49,288,US4581401001,SELL,1.99,"{buyPrice=27.6977, quantity=72, buyRequestTs=2023-04-21T16:06:31.681, sellRequestTs=2023-03-30T18:26:17.074, change=0, openPrice=27.5691, sellPrice=27.7254, stepChange=0, buySpread=0.05, minPrice=27.5691, name=Intel Corp, reset=false, maxPrice=27.5691, closePrice=27.5691,}"
2023-04-24 08:08:35,966,US29355A1079,SELL,0.41,"{buyPrice=203.3532, quantity=2.0, buyRequestTs=2023-04-20T18:10:51.067, sellRequestTs=2023-04-05T18:44:12.303, change=0, openPrice=204.0081, sellPrice=203.5566, minPercent=-7.0, stepChange=0, buySpread=0.65, minPrice=204.0081, name=Enphase Energy Inc, reset=false, maxPrice=204.0081, closePrice=204.0081,}"
2023-04-24 16:46:36,085,US65339F1012,BUY,-430.39,"{buyPrice=71.7317, quantity=6, buyRequestTs=2023-04-24T16:46:36.046, sellRequestTs=2023-04-06T09:50:11.727, change=0, openPrice=71.5231, sellPrice=0.0, stepChange=0, buySpread=0.12, minPrice=71.5231, name=NEXTERA ENERGY INC., reset=false, maxPrice=71.5231, closePrice=71.5231,}"
2023-04-24 16:56:35,349,US0231351067,BUY,-1928.53,"{buyPrice=96.4263, quantity=20, buyRequestTs=2023-04-24T16:56:35.338, sellRequestTs=2023-01-11T17:02:54.984, change=0, openPrice=96.8140, sellPrice=0.0, stepChange=0, tradeAmount=3000.0, buySpread=0.02, minPrice=96.8140, name=Amazon.com Inc, reset=false, maxPrice=96.8140, closePrice=96.8140,}"
2023-04-24 17:48:36,763,US0231351067,SELL,1.93,"{buyPrice=96.4263, quantity=20, buyRequestTs=2023-04-24T16:56:35.338, sellRequestTs=2023-01-11T17:02:54.984, change=0, openPrice=95.7977, sellPrice=96.5227, stepChange=0, tradeAmount=3000.0, buySpread=0.02, minPrice=95.7977, name=Amazon.com Inc, reset=false, maxPrice=95.7977, closePrice=95.7977,}"
2023-04-24 20:36:37,392,US0394831020,BUY,-439.64,"{buyPrice=73.2732, quantity=6, buyRequestTs=2023-04-24T20:36:37.375, sellRequestTs=2023-04-06T17:22:17.118, change=0, openPrice=73.1341, sellPrice=0.0, minPercent=-7.0, stepChange=0, buySpread=0.2, minPrice=73.1341, name=Archer Daniels Midland Co., reset=false, maxPrice=73.1341, closePrice=73.1341,}"
2023-04-25 15:56:32,648,US0394831020,SELL,0.44,"{buyPrice=73.2732, quantity=6.0, buyRequestTs=2023-04-24T20:36:37.375, sellRequestTs=2023-04-06T17:22:17.118, change=0, openPrice=71.9242, sellPrice=73.3465, minPercent=-7.0, stepChange=0, buySpread=0.2, minPrice=71.9242, name=Archer Daniels Midland Co., reset=false, maxPrice=71.9242, closePrice=71.9242,}"
2023-04-25 15:58:32,153,US0394831020,BUY,-496.10,"{buyPrice=70.8708, quantity=7, buyRequestTs=2023-04-25T15:58:32.143, sellRequestTs=2023-04-25T15:56:32.650, change=0, openPrice=71.8808, sellPrice=0.0, minPercent=-7.0, stepChange=0, buySpread=0.2, minPrice=71.8808, name=Archer Daniels Midland Co., reset=false, maxPrice=71.8808, closePrice=71.8808,}"
2023-04-25 16:00:32,678,US65339F1012,SELL,0.43,"{buyPrice=71.7317, quantity=6.0, buyRequestTs=2023-04-24T16:46:36.046, sellRequestTs=2023-04-06T09:50:11.727, change=0, openPrice=70.6693, sellPrice=71.8034, stepChange=0, buySpread=0.12, minPrice=70.6693, name=NEXTERA ENERGY INC., reset=false, maxPrice=70.6693, closePrice=70.6693,}"
2023-04-25 16:18:32,587,US0394831020,SELL,0.50,"{buyPrice=70.8708, quantity=7, buyRequestTs=2023-04-25T15:58:32.143, sellRequestTs=2023-04-25T15:56:32.650, change=0, openPrice=70.8600, sellPrice=70.9417, minPercent=-7.0, stepChange=0, buySpread=0.2, minPrice=70.8600, name=Archer Daniels Midland Co., reset=false, maxPrice=70.8600, closePrice=70.8600,}"
2023-04-25 17:16:32,043,IE000S9YS762,BUY,-336.29,"{buyPrice=336.2860, quantity=1, buyRequestTs=2023-04-25T17:16:32.033, change=0, openPrice=334.5360, sellPrice=0.0, minPercent=-7.0, stepChange=0, buySpread=0.50, minPrice=334.5360, name=LINDE PLC, reset=false, maxPrice=334.5360, closePrice=334.5360,}"
2023-04-25 19:54:32,978,FR0000120073,SELL,32.22,"{buyPrice=155.7756, quantity=5.0, buyRequestTs=2023-04-05T16:58:12.086, sellRequestTs=2022-12-22T12:10:49.416, change=0, openPrice=162.1520, sellPrice=162.2200, minPercent=-7.0, stepChange=0, buySpread=0.08, minPrice=162.1520, name=AIR LIQUIDE-SA ÉT.EXPL.P.G.CL., reset=false, maxPrice=162.1520, closePrice=162.1520,}"
2023-04-26 13:22:41,575,IE000S9YS762,SELL,0.34,"{buyPrice=336.286, quantity=1.0, buyRequestTs=2023-04-25T17:16:32.033, change=0, openPrice=330.4693, sellPrice=336.6223, minPercent=-7.0, stepChange=0, buySpread=0.5, minPrice=330.4693, name=LINDE PLC, reset=false, maxPrice=330.4693, closePrice=330.4693,}"
2023-04-26 15:38:38,373,US29355A1079,BUY,-455.92,"{buyPrice=151.9718, quantity=3, buyRequestTs=2023-04-26T15:38:38.360, sellRequestTs=2023-04-24T08:08:35.967, change=0, openPrice=160.5724, sellPrice=0.0, minPercent=-7.0, stepChange=0, buySpread=0.42, minPrice=160.5724, name=Enphase Energy Inc, reset=false, maxPrice=160.5724, closePrice=160.5724,}"
2023-04-26 15:40:39,073,US29355A1079,SELL,0.46,"{buyPrice=151.9718, quantity=3, buyRequestTs=2023-04-26T15:38:38.360, sellRequestTs=2023-04-24T08:08:35.967, change=0, openPrice=160.1523, sellPrice=152.1238, minPercent=-7.0, stepChange=0, buySpread=0.42, minPrice=160.1523, name=Enphase Energy Inc, reset=false, maxPrice=160.1523, closePrice=160.1523,}"
2023-04-26 16:06:38,844,US02079K3059,BUY,-2971.84,"{buyPrice=95.8658, quantity=31, buyRequestTs=2023-04-26T16:06:38.808, sellRequestTs=2023-04-11T08:48:12.300, change=0, openPrice=94.3391, sellPrice=0.0, stepChange=0, tradeAmount=3000.0, buySpread=0.08, minPrice=94.3391, name=Alphabet Inc A, reset=false, maxPrice=94.3391, closePrice=94.3391,}"
2023-04-26 16:36:38,921,US7170811035,BUY,-487.69,"{buyPrice=34.8348, quantity=14, buyRequestTs=2023-04-26T16:36:38.912, sellRequestTs=2023-02-27T21:43:30.711, change=0, openPrice=34.9005, sellPrice=0.0, minPercent=-7.0, stepChange=0, buySpread=0.05, minPrice=34.9005, name=Pfizer Inc, reset=false, maxPrice=34.9005, closePrice=34.9005,}"
2023-04-26 17:18:39,281,IE000S9YS762,BUY,-330.43,"{buyPrice=330.4301, quantity=1, buyRequestTs=2023-04-26T17:18:39.270, sellRequestTs=2023-04-26T13:22:41.577, change=0, openPrice=328.8945, sellPrice=0.0, minPercent=-7.0, stepChange=0, buySpread=0.25, minPrice=328.8945, name=LINDE PLC, reset=false, maxPrice=328.8945, closePrice=328.8945,}"
2023-04-26 18:40:38,599,US0605051046,BUY,-1987.10,"{buyPrice=26.1461, quantity=76, buyRequestTs=2023-04-26T18:40:38.589, sellRequestTs=2023-04-21T16:12:29.471, change=0, minPercentForce=-4.0, openPrice=26.1430, sellPrice=0.0, stepChange=0, buySpread=0.04, minPrice=26.1430, name=Bank of America Corp, reset=false, maxPrice=26.1430, closePrice=26.1430,}"
2023-04-26 20:56:38,683,US0605051046,SELL,1.98,"{buyPrice=26.1461, quantity=76, buyRequestTs=2023-04-26T18:40:38.589, sellRequestTs=2023-04-21T16:12:29.471, change=0, minPercentForce=-4.0, openPrice=25.8351, sellPrice=26.1722, stepChange=0, buySpread=0.04, minPrice=25.8351, name=Bank of America Corp, reset=false, maxPrice=25.8351, closePrice=25.8351,}"
2023-04-27 14:10:27,256,US46625H1005,BUY,-1981.18,"{buyPrice=123.8237, quantity=16, buyRequestTs=2023-04-27T14:10:27.244, sellRequestTs=2023-03-28T12:36:16.146, change=0, minPercentForce=-4.0, openPrice=123.2881, sellPrice=0.0, stepChange=0, buySpread=0.3, minPrice=123.2881, name=JPMorgan Chase & Co, reset=false, maxPrice=123.2881, closePrice=123.2881,}"
2023-04-27 15:18:31,459,US83304A1060,BUY,-494.45,"{buyPrice=9.3293, quantity=53, buyRequestTs=2023-04-27T15:18:31.428, sellRequestTs=2023-03-08T15:24:19.503, change=0, openPrice=9.2572, sellPrice=0.0, minPercent=-7.0, stepChange=0, buySpread=0.04, minPrice=9.2572, name=Snap Inc, reset=false, maxPrice=9.2572, closePrice=9.2572,}"
2023-04-27 16:14:30,233,US83304A1060,SELL,0.49,"{buyPrice=9.3293, quantity=53, buyRequestTs=2023-04-27T15:18:31.428, sellRequestTs=2023-03-08T15:24:19.503, change=0, openPrice=9.1022, sellPrice=9.3386, minPercent=-7.0, stepChange=0, buySpread=0.04, minPrice=9.1022, name=Snap Inc, reset=false, maxPrice=9.1022, closePrice=9.1022,}"
2023-04-27 16:16:30,372,DE0006231004,BUY,-1976.05,"{buyPrice=31.8718, quantity=62, buyRequestTs=2023-04-27T16:16:30.362, sellRequestTs=2022-03-11T14:18:29.613, change=0, openPrice=31.9004, sellPrice=0.0, minPercent=-7.0, stepChange=0, buySpread=0.015, minPrice=31.9004, name=Infineon Technologies AG, reset=false, maxPrice=31.9004, closePrice=31.9004,}"
2023-04-27 16:18:30,637,US57636Q1040,BUY,-339.54,"{buyPrice=339.5392, quantity=1, buyRequestTs=2023-04-27T16:18:30.625, sellRequestTs=2023-03-14T18:46:21.391, change=0, minPercentForce=-4.0, openPrice=339.2636, sellPrice=0.0, stepChange=0, buySpread=0.2, minPrice=339.2636, name=Mastercard Inc -A, reset=false, maxPrice=339.2636, closePrice=339.2636,}"
2023-04-27 16:18:41,697,US02079K1079,BUY,-487.84,"{buyPrice=97.5675, quantity=5, buyRequestTs=2023-04-27T16:18:41.686, change=0, openPrice=96.6517, sellPrice=0.0, minPercent=-7.0, stepChange=0, buySpread=0.06, minPrice=96.6517, name=Alphabet Inc C, reset=false, maxPrice=96.6517, closePrice=96.6517,}"
2023-04-27 16:28:30,266,US29355A1079,BUY,-451.17,"{buyPrice=150.3902, quantity=3, buyRequestTs=2023-04-27T16:28:30.255, sellRequestTs=2023-04-26T15:40:39.073, change=0, openPrice=150.4805, sellPrice=0.0, minPercent=-7.0, stepChange=0, buySpread=0.52, minPrice=150.4805, name=Enphase Energy Inc, reset=false, maxPrice=150.4805, closePrice=150.4805,}"
2023-04-27 16:28:41,357,US83304A1060,BUY,-497.15,"{buyPrice=9.0390, quantity=55, buyRequestTs=2023-04-27T16:28:41.345, sellRequestTs=2023-04-27T16:14:30.234, change=0, openPrice=9.0357, sellPrice=0.0, minPercent=-7.0, stepChange=0, buySpread=0.015, minPrice=9.0357, name=Snap Inc, reset=false, maxPrice=9.0357, closePrice=9.0357,}"
2023-04-27 17:32:30,587,US57636Q1040,SELL,0.34,"{buyPrice=339.5392, quantity=1, buyRequestTs=2023-04-27T16:18:30.625, sellRequestTs=2023-03-14T18:46:21.391, change=0, minPercentForce=-4.0, openPrice=335.1311, sellPrice=339.8787, stepChange=0, buySpread=0.2, minPrice=335.1311, name=Mastercard Inc -A, reset=false, maxPrice=335.1311, closePrice=335.1311,}"
2023-04-27 17:34:30,741,US29355A1079,SELL,0.45,"{buyPrice=150.3902, quantity=3, buyRequestTs=2023-04-27T16:28:30.255, sellRequestTs=2023-04-26T15:40:39.073, change=0, openPrice=148.3601, sellPrice=150.5406, minPercent=-7.0, stepChange=0, buySpread=0.52, minPrice=148.3601, name=Enphase Energy Inc, reset=false, maxPrice=148.3601, closePrice=148.3601,}"
2023-04-27 17:48:30,685,US29355A1079,BUY,-452.61,"{buyPrice=150.8707, quantity=3, buyRequestTs=2023-04-27T17:48:30.644, sellRequestTs=2023-04-27T17:34:30.741, change=0, openPrice=148.5324, sellPrice=0.0, minPercent=-7.0, stepChange=0, buySpread=0.62, minPrice=148.5324, name=Enphase Energy Inc, reset=false, maxPrice=148.5324, closePrice=148.5324,}"
2023-04-27 20:16:30,814,US83304A1060,SELL,31.13,"{buyPrice=9.0390, quantity=55, buyRequestTs=2023-04-27T16:28:41.345, sellRequestTs=2023-04-27T16:14:30.234, change=0, openPrice=9.5437, sellPrice=9.6050, minPercent=-7.0, stepChange=0, buySpread=0.015, minPrice=9.5437, name=Snap Inc, reset=false, maxPrice=9.5437, closePrice=9.5437,}"
2023-04-27 20:20:31,450,US29355A1079,SELL,0.45,"{buyPrice=150.8707, quantity=3, buyRequestTs=2023-04-27T17:48:30.644, sellRequestTs=2023-04-27T17:34:30.741, change=0, openPrice=150.9628, sellPrice=151.0216, minPercent=-7.0, stepChange=0, buySpread=0.62, minPrice=150.9628, name=Enphase Energy Inc, reset=false, maxPrice=150.9628, closePrice=150.9628,}"
2023-04-28 08:28:29,563,US02079K1079,SELL,0.49,"{buyPrice=97.5675, quantity=5.0, buyRequestTs=2023-04-27T16:18:41.686, change=0, openPrice=98.0849, sellPrice=97.6651, minPercent=-7.0, stepChange=0, buySpread=0.06, minPrice=98.0849, name=Alphabet Inc C, reset=false, maxPrice=98.0849, closePrice=98.0849,}"
2023-04-28 08:32:30,287,US02079K3059,SELL,38.57,"{buyPrice=95.8658, quantity=31.0, buyRequestTs=2023-04-26T16:06:38.808, sellRequestTs=2023-04-11T08:48:12.300, change=0, openPrice=97.3232, sellPrice=97.1100, stepChange=0, tradeAmount=3000.0, buySpread=0.08, minPrice=97.3232, name=Alphabet Inc A, reset=false, maxPrice=97.3232, closePrice=97.3232,}"
2023-04-28 10:46:29,920,DE0006231004,SELL,19.11,"{buyPrice=31.8718, quantity=62.0, buyRequestTs=2023-04-27T16:16:30.362, sellRequestTs=2022-03-11T14:18:29.613, change=0, openPrice=32.2668, sellPrice=32.1800, minPercent=-7.0, stepChange=0, buySpread=0.015, minPrice=32.2668, name=Infineon Technologies AG, reset=false, maxPrice=32.2668, closePrice=32.2668,}"
2023-04-28 13:56:30,548,US0231351067,BUY,-2926.73,"{buyPrice=97.5575, quantity=30, buyRequestTs=2023-04-28T13:56:30.539, sellRequestTs=2023-04-24T17:48:36.763, change=0, openPrice=97.6443, sellPrice=0.0, stepChange=0, tradeAmount=3000.0, buySpread=0.03, minPrice=97.6443, name=Amazon.com Inc, reset=false, maxPrice=97.6443, closePrice=97.6443,}"
2023-04-28 16:14:30,090,US0231351067,SELL,2.93,"{buyPrice=97.5575, quantity=30, buyRequestTs=2023-04-28T13:56:30.539, sellRequestTs=2023-04-24T17:48:36.763, change=0, openPrice=96.2849, sellPrice=97.6551, stepChange=0, tradeAmount=3000.0, buySpread=0.03, minPrice=96.2849, name=Amazon.com Inc, reset=false, maxPrice=96.2849, closePrice=96.2849,}"
2023-04-28 16:36:30,304,US57636Q1040,BUY,-345.14,"{buyPrice=345.1448, quantity=1, buyRequestTs=2023-04-28T16:36:30.292, sellRequestTs=2023-04-27T17:32:30.587, change=0, minPercentForce=-4.0, openPrice=342.3783, sellPrice=0.0, stepChange=0, buySpread=0.2, minPrice=342.3783, name=Mastercard Inc -A, reset=false, maxPrice=342.3783, closePrice=342.3783,}"
2023-04-28 18:16:30,093,US0231351067,BUY,-2976.80,"{buyPrice=96.0259, quantity=31, buyRequestTs=2023-04-28T18:16:30.081, sellRequestTs=2023-04-28T16:14:30.090, change=0, openPrice=95.5235, sellPrice=0.0, stepChange=0, tradeAmount=3000.0, buySpread=0.05, minPrice=95.5235, name=Amazon.com Inc, reset=false, maxPrice=95.5235, closePrice=95.5235,}"
2023-05-02 08:06:38,905,US0231351067,SELL,2.98,"{buyPrice=96.0259, quantity=31.0, buyRequestTs=2023-04-28T18:16:30.081, sellRequestTs=2023-04-28T16:14:30.090, change=0, openPrice=95.9623, sellPrice=96.1219, stepChange=0, tradeAmount=3000.0, buySpread=0.05, minPrice=95.9623, name=Amazon.com Inc, reset=false, maxPrice=95.9623, closePrice=95.9623,}"
2023-05-02 13:40:36,918,US7170811035,SELL,17.01,"{buyPrice=34.8348, quantity=14.0, buyRequestTs=2023-04-26T16:36:38.912, sellRequestTs=2023-02-27T21:43:30.711, change=0, openPrice=36.0813, sellPrice=36.0500, minPercent=-7.0, stepChange=0, buySpread=0.05, minPrice=36.0813, name=Pfizer Inc, reset=false, maxPrice=36.0813, closePrice=36.0813,}"
2023-05-02 15:36:40,408,US0394831020,BUY,-491.89,"{buyPrice=70.2702, quantity=7, buyRequestTs=2023-05-02T15:36:40.396, sellRequestTs=2023-04-25T16:18:32.587, change=0, openPrice=70.5425, sellPrice=0.0, minPercent=-7.0, stepChange=0, buySpread=0.2, minPrice=70.5425, name=Archer Daniels Midland Co., reset=false, maxPrice=70.5425, closePrice=70.5425,}"
2023-05-02 16:16:36,992,FR0000120628,BUY,-493.41,"{buyPrice=29.0240, quantity=17, buyRequestTs=2023-05-02T16:16:36.977, sellRequestTs=2023-04-04T17:00:15.142, change=0, openPrice=29.1934, sellPrice=0.0, minPercent=-7.0, stepChange=0, buySpread=0.010, minPrice=29.1934, name=AXA SA, reset=false, maxPrice=29.1934, closePrice=29.1934,}"
2023-05-02 16:18:37,423,US29355A1079,BUY,-426.73,"{buyPrice=142.2421, quantity=3, buyRequestTs=2023-05-02T16:18:37.401, sellRequestTs=2023-04-27T20:20:31.451, change=0, openPrice=142.8308, sellPrice=0.0, minPercent=-7.0, stepChange=0, buySpread=0.58, minPrice=142.8308, name=Enphase Energy Inc, reset=false, maxPrice=142.8308, closePrice=142.8308,}"
2023-05-02 16:32:37,607,US0394831020,SELL,0.49,"{buyPrice=70.2702, quantity=7, buyRequestTs=2023-05-02T15:36:40.396, sellRequestTs=2023-04-25T16:18:32.587, change=0, openPrice=69.6285, sellPrice=70.3405, minPercent=-7.0, stepChange=0, buySpread=0.2, minPrice=69.6285, name=Archer Daniels Midland Co., reset=false, maxPrice=69.6285, closePrice=69.6285,}"
2023-05-02 16:38:37,892,US46625H1005,SELL,57.22,"{buyPrice=123.8237, quantity=16.0, buyRequestTs=2023-04-27T14:10:27.244, sellRequestTs=2023-03-28T12:36:16.146, change=0, minPercentForce=-4.0, openPrice=128.0815, sellPrice=127.4000, stepChange=0, buySpread=0.3, minPrice=128.0815, name=JPMorgan Chase & Co, reset=false, maxPrice=128.0815, closePrice=128.0815,}"
2023-05-02 16:58:37,686,US0394831020,BUY,-483.48,"{buyPrice=69.0690, quantity=7, buyRequestTs=2023-05-02T16:58:37.676, sellRequestTs=2023-05-02T16:32:37.607, change=0, openPrice=69.2103, sellPrice=0.0, minPercent=-7.0, stepChange=0, buySpread=0.2, minPrice=69.2103, name=Archer Daniels Midland Co., reset=false, maxPrice=69.2103, closePrice=69.2103,}"
2023-05-02 17:04:36,895,FR0000120628,SELL,0.49,"{buyPrice=29.0240, quantity=17, buyRequestTs=2023-05-02T16:16:36.977, sellRequestTs=2023-04-04T17:00:15.142, change=0, openPrice=28.8578, sellPrice=29.0530, minPercent=-7.0, stepChange=0, buySpread=0.010, minPrice=28.8578, name=AXA SA, reset=false, maxPrice=28.8578, closePrice=28.8578,}"
2023-05-02 17:06:36,856,US29355A1079,SELL,0.43,"{buyPrice=142.2421, quantity=3, buyRequestTs=2023-05-02T16:18:37.401, sellRequestTs=2023-04-27T20:20:31.451, change=0, openPrice=140.7775, sellPrice=142.3843, minPercent=-7.0, stepChange=0, buySpread=0.58, minPrice=140.7775, name=Enphase Energy Inc, reset=false, maxPrice=140.7775, closePrice=140.7775,}"
2023-05-02 17:10:37,917,US57636Q1040,SELL,0.35,"{buyPrice=345.1448, quantity=1.0, buyRequestTs=2023-04-28T16:36:30.292, sellRequestTs=2023-04-27T17:32:30.587, change=0, minPercentForce=-4.0, openPrice=338.5223, sellPrice=345.4899, stepChange=0, buySpread=0.2, minPrice=338.5223, name=Mastercard Inc -A, reset=false, maxPrice=338.5223, closePrice=338.5223,}"
2023-05-02 17:14:36,732,IE000S9YS762,SELL,4.77,"{buyPrice=330.4301, quantity=1.0, buyRequestTs=2023-04-26T17:18:39.270, sellRequestTs=2023-04-26T13:22:41.577, change=0, openPrice=335.4076, sellPrice=335.2000, minPercent=-7.0, stepChange=0, buySpread=0.25, minPrice=335.4076, name=LINDE PLC, reset=false, maxPrice=335.4076, closePrice=335.4076,}"
2023-05-02 19:00:37,480,US0394831020,SELL,0.48,"{buyPrice=69.0690, quantity=7, buyRequestTs=2023-05-02T16:58:37.676, sellRequestTs=2023-05-02T16:32:37.607, change=0, openPrice=68.2423, sellPrice=69.1381, minPercent=-7.0, stepChange=0, buySpread=0.2, minPrice=68.2423, name=Archer Daniels Midland Co., reset=false, maxPrice=68.2423, closePrice=68.2423,}"
2023-05-03 11:38:28,946,US0394831020,BUY,-477.88,"{buyPrice=68.2682, quantity=7, buyRequestTs=2023-05-03T11:38:28.934, sellRequestTs=2023-05-02T19:00:37.480, change=0, openPrice=67.9959, sellPrice=0.0, minPercent=-7.0, stepChange=0, buySpread=0.4, minPrice=67.9959, name=Archer Daniels Midland Co., reset=false, maxPrice=67.9959, closePrice=67.9959,}"
2023-05-03 16:06:34,053,US0404131064,BUY,-1961.16,"{buyPrice=122.5725, quantity=16, buyRequestTs=2023-05-03T16:06:34.040, sellRequestTs=2023-03-09T12:10:22.322, change=0, openPrice=121.6229, sellPrice=0.0, minPercent=-7.0, stepChange=0, buySpread=0.70, minPrice=121.6229, name=Arista Networks Inc, reset=false, maxPrice=121.6229, closePrice=121.6229,}"
2023-05-03 20:36:29,474,CA82509L1076,BUY,-1978.14,"{buyPrice=43.0030, quantity=46, buyRequestTs=2023-05-03T20:36:29.464, sellRequestTs=2023-03-29T16:52:20.149, change=0, openPrice=42.6898, sellPrice=0.0, minPercent=-7.0, stepChange=0, buySpread=0.04, minPrice=42.6898, name=SHOPIFY INC., reset=false, maxPrice=42.6898, closePrice=42.6898,}"
2023-05-03 21:52:29,846,CA82509L1076,SELL,1.98,"{buyPrice=43.0030, quantity=46, buyRequestTs=2023-05-03T20:36:29.464, sellRequestTs=2023-03-29T16:52:20.149, change=0, openPrice=42.1759, sellPrice=43.0460, minPercent=-7.0, stepChange=0, buySpread=0.04, minPrice=42.1759, name=SHOPIFY INC., reset=false, maxPrice=42.1759, closePrice=42.1759,}"
2023-05-04 08:24:31,531,US0404131064,SELL,1.96,"{buyPrice=122.5725, quantity=16.0, buyRequestTs=2023-05-03T16:06:34.040, sellRequestTs=2023-03-09T12:10:22.322, change=0, openPrice=119.6007, sellPrice=122.6951, minPercent=-7.0, stepChange=0, buySpread=0.7, minPrice=119.6007, name=Arista Networks Inc, reset=false, maxPrice=119.6007, closePrice=119.6007,}"
2023-05-04 15:46:32,508,US88160R1014,BUY,-1468.07,"{buyPrice=146.8067, quantity=10, buyRequestTs=2023-05-04T15:46:32.499, sellRequestTs=2023-01-27T19:12:42.054, change=0, openPrice=147.2139, sellPrice=0.0, stepChange=0, buySpread=0.22, minPrice=147.2139, name=Tesla Inc, reset=false, maxPrice=147.2139, closePrice=147.2139,}"
2023-05-04 16:16:33,358,CA82509L1076,BUY,-480.63,"{buyPrice=53.4034, quantity=9, buyRequestTs=2023-05-04T16:16:33.312, sellRequestTs=2023-05-03T21:52:29.847, change=0, openPrice=51.6899, sellPrice=0.0, minPercent=-7.0, stepChange=0, buySpread=0.05, minPrice=51.6899, name=SHOPIFY INC., reset=false, maxPrice=51.6899, closePrice=51.6899,}"
2023-05-04 16:36:34,465,US8522341036,BUY,-1965.77,"{buyPrice=54.6046, quantity=36, buyRequestTs=2023-05-04T16:36:34.456, sellRequestTs=2023-03-30T20:22:36.265, change=0, openPrice=55.0598, sellPrice=0.0, minPercent=-7.0, stepChange=0, buySpread=0.16, minPrice=55.0598, name=Block Inc A, reset=false, maxPrice=55.0598, closePrice=55.0598,}"
2023-05-04 16:42:33,386,CA82509L1076,SELL,0.48,"{buyPrice=53.4034, quantity=9, buyRequestTs=2023-05-04T16:16:33.312, sellRequestTs=2023-05-03T21:52:29.847, change=0, openPrice=52.9155, sellPrice=53.4568, minPercent=-7.0, stepChange=0, buySpread=0.05, minPrice=52.9155, name=SHOPIFY INC., reset=false, maxPrice=52.9155, closePrice=52.9155,}"
2023-05-04 16:46:33,177,US88160R1014,SELL,1.47,"{buyPrice=146.8067, quantity=10, buyRequestTs=2023-05-04T15:46:32.499, sellRequestTs=2023-01-27T19:12:42.054, change=0, openPrice=145.4814, sellPrice=146.9535, stepChange=0, buySpread=0.22, minPrice=145.4814, name=Tesla Inc, reset=false, maxPrice=145.4814, closePrice=145.4814,}"
2023-05-04 17:04:32,615,US8522341036,SELL,1.97,"{buyPrice=54.6046, quantity=36, buyRequestTs=2023-05-04T16:36:34.456, sellRequestTs=2023-03-30T20:22:36.265, change=0, openPrice=54.2678, sellPrice=54.6592, minPercent=-7.0, stepChange=0, buySpread=0.16, minPrice=54.2678, name=Block Inc A, reset=false, maxPrice=54.2678, closePrice=54.2678,}"
2023-05-04 19:44:33,080,US46625H1005,BUY,-1949.15,"{buyPrice=121.8217, quantity=16, buyRequestTs=2023-05-04T19:44:33.070, sellRequestTs=2023-05-02T16:38:37.892, change=0, minPercentForce=-4.0, openPrice=121.4237, sellPrice=0.0, stepChange=0, buySpread=0.1, minPrice=121.4237, name=JPMorgan Chase & Co, reset=false, maxPrice=121.4237, closePrice=121.4237,}"
2023-05-04 21:26:32,937,US0079031078,BUY,-1980.73,"{buyPrice=79.2292, quantity=25, buyRequestTs=2023-05-04T21:26:32.925, sellRequestTs=2023-03-30T16:56:18.906, change=0, openPrice=79.2287, sellPrice=0.0, stepChange=0, buySpread=0.20, minPrice=79.2287, name=Advanced Micro Devices Inc, reset=false, maxPrice=79.2287, closePrice=79.2287,}"
2023-05-05 10:40:30,639,US0079031078,SELL,1.98,"{buyPrice=79.2292, quantity=25.0, buyRequestTs=2023-05-04T21:26:32.925, sellRequestTs=2023-03-30T16:56:18.906, change=0, openPrice=78.2047, sellPrice=79.3084, stepChange=0, buySpread=0.2, minPrice=78.2047, name=Advanced Micro Devices Inc, reset=false, maxPrice=78.2047, closePrice=78.2047,}"
2023-05-05 12:56:31,380,US0605051046,BUY,-1992.39,"{buyPrice=24.9049, quantity=80, buyRequestTs=2023-05-05T12:56:31.367, sellRequestTs=2023-04-26T20:56:38.684, change=0, minPercentForce=-4.0, openPrice=24.7984, sellPrice=0.0, stepChange=0, buySpread=0.02, minPrice=24.7984, name=Bank of America Corp, reset=false, maxPrice=24.7984, closePrice=24.7984,}"
2023-05-05 16:06:33,882,US8522341036,BUY,-1981.62,"{buyPrice=55.0450, quantity=36, buyRequestTs=2023-05-05T16:06:33.868, sellRequestTs=2023-05-04T17:04:32.616, change=0, openPrice=55.1063, sellPrice=0.0, minPercent=-7.0, stepChange=0, buySpread=0.13, minPrice=55.1063, name=Block Inc A, reset=false, maxPrice=55.1063, closePrice=55.1063,}"
2023-05-05 16:18:31,798,US8522341036,SELL,11.34,"{buyPrice=55.0450, quantity=36, buyRequestTs=2023-05-05T16:06:33.868, sellRequestTs=2023-05-04T17:04:32.616, change=0, openPrice=54.4157, sellPrice=55.3600, minPercent=-7.0, stepChange=0, buySpread=0.13, minPrice=54.4157, name=Block Inc A, reset=false, maxPrice=54.4157, closePrice=54.4157,}"
2023-05-05 16:34:31,233,US46625H1005,SELL,31.65,"{buyPrice=121.8217, quantity=16.0, buyRequestTs=2023-05-04T19:44:33.070, sellRequestTs=2023-05-02T16:38:37.892, change=0, minPercentForce=-4.0, openPrice=124.0021, sellPrice=123.8000, stepChange=0, buySpread=0.1, minPrice=124.0021, name=JPMorgan Chase & Co, reset=false, maxPrice=124.0021, closePrice=124.0021,}"
2023-05-05 17:46:30,639,US0605051046,SELL,6.01,"{buyPrice=24.9049, quantity=80, buyRequestTs=2023-05-05T12:56:31.367, sellRequestTs=2023-04-26T20:56:38.684, change=0, minPercentForce=-4.0, openPrice=25.0946, sellPrice=24.9800, stepChange=0, buySpread=0.02, minPrice=25.0946, name=Bank of America Corp, reset=false, maxPrice=25.0946, closePrice=25.0946,}"
2023-05-08 15:36:32,324,FR0000120628,BUY,-495.68,"{buyPrice=27.5375, quantity=18, buyRequestTs=2023-05-08T15:36:32.311, sellRequestTs=2023-05-02T17:04:36.896, change=0, openPrice=27.4325, sellPrice=0.0, minPercent=-7.0, stepChange=0, buySpread=0.015, minPrice=27.4325, name=AXA SA, reset=false, maxPrice=27.4325, closePrice=27.4325,}"
2023-05-08 16:26:31,702,US09075V1026,BUY,-1917.12,"{buyPrice=100.9008, quantity=19, buyRequestTs=2023-05-08T16:26:31.687, sellRequestTs=2023-04-04T10:00:17.346, change=0, openPrice=100.1671, sellPrice=0.0, minPercent=-7.0, stepChange=0, buySpread=0.15, minPrice=100.1671, name=BIONTECH SE, reset=false, maxPrice=100.1671, closePrice=100.1671,}"
2023-05-08 16:36:31,504,US65339F1012,BUY,-1515.77,"{buyPrice=68.8988, quantity=22, buyRequestTs=2023-05-08T16:36:31.320, sellRequestTs=2023-04-25T16:00:32.678, change=0, openPrice=68.9672, sellPrice=0.0, stepChange=0, buySpread=0.13, minPrice=68.9672, name=NEXTERA ENERGY INC., reset=false, maxPrice=68.9672, closePrice=68.9672,}"
2023-05-08 16:36:42,482,US69608A1088,BUY,-1548.89,"{buyPrice=6.9770, quantity=222, buyRequestTs=2023-05-08T16:36:42.473, sellRequestTs=2023-04-05T15:14:12.715, change=0, openPrice=6.9683, sellPrice=0.0, minPercent=-7.0, stepChange=0, buySpread=0.016, minPrice=6.9683, name=Palantir Technologies Inc, reset=false, maxPrice=6.9683, closePrice=6.9683,}"
2023-05-08 16:58:31,792,US98980G1022,BUY,-487.39,"{buyPrice=97.4774, quantity=5, buyRequestTs=2023-05-08T16:58:31.745, sellRequestTs=2023-01-27T16:47:53.484, change=0, openPrice=97.0699, sellPrice=0.0, minPercent=-7.0, stepChange=0, buySpread=0.27, minPrice=97.0699, name=Zscaler Inc, reset=false, maxPrice=97.0699, closePrice=97.0699,}"
2023-05-08 18:38:38,970,US02079K1079,BUY,-488.59,"{buyPrice=97.7176, quantity=5, buyRequestTs=2023-05-08T18:38:38.959, sellRequestTs=2023-04-28T08:28:29.565, change=0, openPrice=97.4399, sellPrice=0.0, minPercent=-7.0, stepChange=0, buySpread=0.08, minPrice=97.4399, name=Alphabet Inc C, reset=false, maxPrice=97.4399, closePrice=97.4399,}"
2023-05-08 18:46:31,525,US57636Q1040,BUY,-350.95,"{buyPrice=350.9506, quantity=1, buyRequestTs=2023-05-08T18:46:31.516, sellRequestTs=2023-05-02T17:10:37.918, change=0, minPercentForce=-4.0, openPrice=350.6847, sellPrice=0.0, stepChange=0, buySpread=0.2, minPrice=350.6847, name=Mastercard Inc -A, reset=false, maxPrice=350.6847, closePrice=350.6847,}"
2023-05-08 18:46:42,716,US70450Y1038,BUY,-482.15,"{buyPrice=68.8788, quantity=7, buyRequestTs=2023-05-08T18:46:42.706, sellRequestTs=2023-03-23T17:06:26.914, change=0, openPrice=68.7882, sellPrice=0.0, stepChange=0, buySpread=0.04, minPrice=68.7882, name=PayPal Hldgs. Inc, reset=false, maxPrice=68.7882, closePrice=68.7882,}"
2023-05-08 19:06:31,131,US09075V1026,SELL,1.92,"{buyPrice=100.9008, quantity=19, buyRequestTs=2023-05-08T16:26:31.687, sellRequestTs=2023-04-04T10:00:17.346, change=0, openPrice=98.8307, sellPrice=101.0017, minPercent=-7.0, stepChange=0, buySpread=0.15, minPrice=98.8307, name=BIONTECH SE, reset=false, maxPrice=98.8307, closePrice=98.8307,}"
2023-05-08 20:48:31,781,US98980G1022,SELL,3.86,"{buyPrice=97.4774, quantity=5, buyRequestTs=2023-05-08T16:58:31.745, sellRequestTs=2023-01-27T16:47:53.484, change=0, openPrice=98.4747, sellPrice=98.2500, minPercent=-7.0, stepChange=0, buySpread=0.27, minPrice=98.4747, name=Zscaler Inc, reset=false, maxPrice=98.4747, closePrice=98.4747,}"
2023-05-08 21:26:32,495,US98980G1022,BUY,-489.69,"{buyPrice=97.9378, quantity=5, buyRequestTs=2023-05-08T21:26:32.486, sellRequestTs=2023-05-08T20:48:31.781, change=0, openPrice=98.1010, sellPrice=0.0, minPercent=-7.0, stepChange=0, buySpread=0.26, minPrice=98.1010, name=Zscaler Inc, reset=false, maxPrice=98.1010, closePrice=98.1010,}"
2023-05-09 08:00:42,698,US70450Y1038,SELL,0.48,"{buyPrice=68.8788, quantity=7.0, buyRequestTs=2023-05-08T18:46:42.706, sellRequestTs=2023-03-23T17:06:26.914, change=0, openPrice=68.7161, sellPrice=68.9477, stepChange=0, buySpread=0.04, minPrice=68.7161, name=PayPal Hldgs. Inc, reset=false, maxPrice=68.7161, closePrice=68.7161,}"
2023-05-09 08:42:36,760,US69608A1088,SELL,323.01,"{buyPrice=6.977, quantity=222.0, buyRequestTs=2023-05-08T16:36:42.473, sellRequestTs=2023-04-05T15:14:12.715, change=0, openPrice=8.3498, sellPrice=8.4320, minPercent=-7.0, stepChange=0, buySpread=0.016, minPrice=8.3498, name=Palantir Technologies Inc, reset=false, maxPrice=8.3498, closePrice=8.3498,}"
2023-05-09 11:26:38,802,US69608A1088,BUY,-1998.95,"{buyPrice=8.4344, quantity=237, buyRequestTs=2023-05-09T11:26:38.788, sellRequestTs=2023-05-09T08:42:36.760, change=0, openPrice=8.4209, sellPrice=0.0, minPercent=-7.0, stepChange=0, buySpread=0.014, minPrice=8.4209, name=Palantir Technologies Inc, reset=false, maxPrice=8.4209, closePrice=8.4209,}"
2023-05-09 12:32:37,713,US69608A1088,SELL,1.99,"{buyPrice=8.4344, quantity=237, buyRequestTs=2023-05-09T11:26:38.788, sellRequestTs=2023-05-09T08:42:36.760, change=0, openPrice=8.3123, sellPrice=8.4428, minPercent=-7.0, stepChange=0, buySpread=0.014, minPrice=8.3123, name=Palantir Technologies Inc, reset=false, maxPrice=8.3123, closePrice=8.3123,}"
2023-05-09 15:46:37,797,US69608A1088,BUY,-1992.93,"{buyPrice=8.0360, quantity=248, buyRequestTs=2023-05-09T15:46:37.787, sellRequestTs=2023-05-09T12:32:37.713, change=0, openPrice=8.2156, sellPrice=0.0, minPercent=-7.0, stepChange=0, buySpread=0.018, minPrice=8.2156, name=Palantir Technologies Inc, reset=false, maxPrice=8.2156, closePrice=8.2156,}"
2023-05-09 15:50:37,492,US69608A1088,BUY,-1633.35,"{buyPrice=8.1261, quantity=201, buyRequestTs=2023-05-09T15:50:37.478, sellRequestTs=2023-05-09T12:32:37.713, change=0, openPrice=8.2259, sellPrice=0.0, minPercent=-7.0, stepChange=0, buySpread=0.018, minPrice=8.2259, name=Palantir Technologies Inc, reset=false, maxPrice=8.2259, closePrice=8.2259,}"
2023-05-09 16:12:40,003,US69608A1088,SELL,53.45,"{buyPrice=8.1261, quantity=201, buyRequestTs=2023-05-09T15:50:37.478, sellRequestTs=2023-05-09T12:32:37.713, change=0, openPrice=8.1154, sellPrice=8.3920, minPercent=-7.0, stepChange=0, buySpread=0.018, minPrice=8.1154, name=Palantir Technologies Inc, reset=false, maxPrice=8.1154, closePrice=8.1154,}"
2023-05-09 16:14:37,397,US69608A1088,BUY,-848.45,"{buyPrice=8.4845, quantity=100, buyRequestTs=2023-05-09T16:14:37.370, sellRequestTs=2023-05-09T16:12:40.004, change=0, openPrice=8.0955, sellPrice=0.0, minPercent=-7.0, stepChange=0, buySpread=0.020, minPrice=8.0955, name=Palantir Technologies Inc, reset=false, maxPrice=8.0955, closePrice=8.0955,}"
2023-05-09 16:16:36,888,US5949181045,BUY,-1975.27,"{buyPrice=282.1819, quantity=7, buyRequestTs=2023-05-09T16:16:36.879, sellRequestTs=2023-04-03T10:28:22.747, change=0, openPrice=282.3159, sellPrice=0.0, stepChange=0, buySpread=0.1, minPrice=282.3159, name=Microsoft Corp, reset=false, maxPrice=282.3159, closePrice=282.3159,}"
2023-05-09 16:38:37,571,US0231351067,BUY,-1452.85,"{buyPrice=96.8568, quantity=15, buyRequestTs=2023-05-09T16:38:37.558, sellRequestTs=2023-05-02T08:06:38.910, change=0, openPrice=96.3383, sellPrice=0.0, stepChange=0, tradeAmount=3000.0, buySpread=0.02, minPrice=96.3383, name=Amazon.com Inc, reset=false, maxPrice=96.3383, closePrice=96.3383,}"
2023-05-09 16:48:37,247,US98980G1022,SELL,19.71,"{buyPrice=97.9378, quantity=5.0, buyRequestTs=2023-05-08T21:26:32.486, sellRequestTs=2023-05-08T20:48:31.781, change=0, openPrice=102.3495, sellPrice=101.8800, minPercent=-7.0, stepChange=0, buySpread=0.26, minPrice=102.3495, name=Zscaler Inc, reset=false, maxPrice=102.3495, closePrice=102.3495,}"
2023-05-09 17:16:38,532,US69608A1088,SELL,9.95,"{buyPrice=8.4845, quantity=100, buyRequestTs=2023-05-09T16:14:37.370, sellRequestTs=2023-05-09T16:12:40.004, change=0, openPrice=8.5296, sellPrice=8.5840, minPercent=-7.0, stepChange=0, buySpread=0.020, minPrice=8.5296, name=Palantir Technologies Inc, reset=false, maxPrice=8.5296, closePrice=8.5296,}"
2023-05-09 17:16:49,629,US02079K1079,SELL,7.66,"{buyPrice=97.7176, quantity=5.0, buyRequestTs=2023-05-08T18:38:38.959, sellRequestTs=2023-04-28T08:28:29.565, change=0, openPrice=99.7785, sellPrice=99.2500, minPercent=-7.0, stepChange=0, buySpread=0.08, minPrice=99.7785, name=Alphabet Inc C, reset=false, maxPrice=99.7785, closePrice=99.7785,}"
2023-05-09 17:56:37,349,US70450Y1038,BUY,-1222.62,"{buyPrice=61.1311, quantity=20, buyRequestTs=2023-05-09T17:56:37.295, sellRequestTs=2023-05-09T08:00:42.722, change=0, openPrice=61.1606, sellPrice=0.0, stepChange=0, buySpread=0.10, minPrice=61.1606, name=PayPal Hldgs. Inc, reset=false, maxPrice=61.1606, closePrice=61.1606,}"
2023-05-09 18:26:48,367,US09075V1026,BUY,-938.14,"{buyPrice=93.8137, quantity=10, buyRequestTs=2023-05-09T18:26:48.356, sellRequestTs=2023-05-08T19:06:31.131, change=0, openPrice=93.8556, sellPrice=0.0, minPercent=-7.0, stepChange=0, buySpread=0.32, minPrice=93.8556, name=BIONTECH SE, reset=false, maxPrice=93.8556, closePrice=93.8556,}"
2023-05-09 20:16:37,384,US8522341036,BUY,-488.56,"{buyPrice=54.2842, quantity=9, buyRequestTs=2023-05-09T20:16:37.369, sellRequestTs=2023-05-05T16:18:31.798, change=0, openPrice=54.1443, sellPrice=0.0, minPercent=-7.0, stepChange=0, buySpread=0.12, minPrice=54.1443, name=Block Inc A, reset=false, maxPrice=54.1443, closePrice=54.1443,}"
2023-05-09 21:48:38,341,US70450Y1038,SELL,1.22,"{buyPrice=61.1311, quantity=20, buyRequestTs=2023-05-09T17:56:37.295, sellRequestTs=2023-05-09T08:00:42.722, change=0, openPrice=60.4266, sellPrice=61.1922, stepChange=0, buySpread=0.10, minPrice=60.4266, name=PayPal Hldgs. Inc, reset=false, maxPrice=60.4266, closePrice=60.4266,}"
2023-05-09 21:56:37,769,US70450Y1038,BUY,-602.90,"{buyPrice=60.2902, quantity=10, buyRequestTs=2023-05-09T21:56:37.757, sellRequestTs=2023-05-09T21:48:38.341, change=0, openPrice=60.3728, sellPrice=0.0, stepChange=0, buySpread=0.06, minPrice=60.3728, name=PayPal Hldgs. Inc, reset=false, maxPrice=60.3728, closePrice=60.3728,}"
2023-05-10 09:56:36,992,US5949181045,SELL,1.98,"{buyPrice=282.1819, quantity=7.0, buyRequestTs=2023-05-09T16:16:36.879, sellRequestTs=2023-04-03T10:28:22.747, change=0, openPrice=279.3397, sellPrice=282.4641, stepChange=0, buySpread=0.1, minPrice=279.3397, name=Microsoft Corp, reset=false, maxPrice=279.3397, closePrice=279.3397,}"
2023-05-10 15:48:37,784,US02079K1079,BUY,-500.00,"{buyPrice=99.9999, quantity=5, buyRequestTs=2023-05-10T15:48:37.774, sellRequestTs=2023-05-09T17:16:49.629, change=0, openPrice=99.3534, sellPrice=0.0, minPercent=-7.0, stepChange=0, buySpread=0.1, minPrice=99.3534, name=Alphabet Inc C, reset=false, maxPrice=99.3534, closePrice=99.3534,}"
2023-05-10 16:10:36,729,US70450Y1038,SELL,0.60,"{buyPrice=60.2902, quantity=10.0, buyRequestTs=2023-05-09T21:56:37.757, sellRequestTs=2023-05-09T21:48:38.341, change=0, openPrice=59.6688, sellPrice=60.3505, stepChange=0, buySpread=0.06, minPrice=59.6688, name=PayPal Hldgs. Inc, reset=false, maxPrice=59.6688, closePrice=59.6688,}"
2023-05-10 16:12:36,535,US70450Y1038,BUY,-591.49,"{buyPrice=59.1491, quantity=10, buyRequestTs=2023-05-10T16:12:36.524, sellRequestTs=2023-05-10T16:10:36.730, change=0, openPrice=59.5099, sellPrice=0.0, stepChange=0, buySpread=0.04, minPrice=59.5099, name=PayPal Hldgs. Inc, reset=false, maxPrice=59.5099, closePrice=59.5099,}"
2023-05-10 16:18:37,738,FR0000120628,SELL,0.50,"{buyPrice=27.5375, quantity=18.0, buyRequestTs=2023-05-08T15:36:32.311, sellRequestTs=2023-05-02T17:04:36.896, change=0, openPrice=27.1222, sellPrice=27.5650, minPercent=-7.0, stepChange=0, buySpread=0.015, minPrice=27.1222, name=AXA SA, reset=false, maxPrice=27.1222, closePrice=27.1222,}"
2023-05-10 16:30:38,196,US70450Y1038,SELL,0.59,"{buyPrice=59.1491, quantity=10, buyRequestTs=2023-05-10T16:12:36.524, sellRequestTs=2023-05-10T16:10:36.730, change=0, openPrice=58.8511, sellPrice=59.2082, stepChange=0, buySpread=0.04, minPrice=58.8511, name=PayPal Hldgs. Inc, reset=false, maxPrice=58.8511, closePrice=58.8511,}"
2023-05-10 16:56:37,476,FR0000120628,BUY,-487.30,"{buyPrice=27.0720, quantity=18, buyRequestTs=2023-05-10T16:56:37.467, sellRequestTs=2023-05-10T16:18:37.739, change=0, openPrice=27.0565, sellPrice=0.0, minPercent=-7.0, stepChange=0, buySpread=0.025, minPrice=27.0565, name=AXA SA, reset=false, maxPrice=27.0565, closePrice=27.0565,}"
2023-05-10 16:58:37,924,US8522341036,SELL,0.49,"{buyPrice=54.2842, quantity=9.0, buyRequestTs=2023-05-09T20:16:37.369, sellRequestTs=2023-05-05T16:18:31.798, change=0, openPrice=53.4422, sellPrice=54.3385, minPercent=-7.0, stepChange=0, buySpread=0.12, minPrice=53.4422, name=Block Inc A, reset=false, maxPrice=53.4422, closePrice=53.4422,}"
2023-05-10 17:24:38,640,US57636Q1040,SELL,0.35,"{buyPrice=350.9506, quantity=1.0, buyRequestTs=2023-05-08T18:46:31.516, sellRequestTs=2023-05-02T17:10:37.918, change=0, minPercentForce=-4.0, openPrice=346.8250, sellPrice=351.3016, stepChange=0, buySpread=0.2, minPrice=346.8250, name=Mastercard Inc -A, reset=false, maxPrice=346.8250, closePrice=346.8250,}"
2023-05-10 17:36:39,531,US0231351067,SELL,49.55,"{buyPrice=96.8568, quantity=15.0, buyRequestTs=2023-05-09T16:38:37.558, sellRequestTs=2023-05-02T08:06:38.910, change=0, openPrice=99.1857, sellPrice=100.1600, stepChange=0, tradeAmount=3000.0, buySpread=0.02, minPrice=99.1857, name=Amazon.com Inc, reset=false, maxPrice=99.1857, closePrice=99.1857,}"
2023-05-10 17:44:37,030,US09075V1026,SELL,0.94,"{buyPrice=93.8137, quantity=10.0, buyRequestTs=2023-05-09T18:26:48.356, sellRequestTs=2023-05-08T19:06:31.131, change=0, openPrice=92.5223, sellPrice=93.9075, minPercent=-7.0, stepChange=0, buySpread=0.32, minPrice=92.5223, name=BIONTECH SE, reset=false, maxPrice=92.5223, closePrice=92.5223,}"
2023-05-10 17:46:37,928,US70450Y1038,BUY,-586.09,"{buyPrice=58.6086, quantity=10, buyRequestTs=2023-05-10T17:46:37.919, sellRequestTs=2023-05-10T16:30:38.196, change=0, openPrice=58.4430, sellPrice=0.0, stepChange=0, buySpread=0.10, minPrice=58.4430, name=PayPal Hldgs. Inc, reset=false, maxPrice=58.4430, closePrice=58.4430,}"
2023-05-10 19:10:37,325,US70450Y1038,SELL,0.59,"{buyPrice=58.6086, quantity=10, buyRequestTs=2023-05-10T17:46:37.919, sellRequestTs=2023-05-10T16:30:38.196, change=0, openPrice=57.7271, sellPrice=58.6672, stepChange=0, buySpread=0.10, minPrice=57.7271, name=PayPal Hldgs. Inc, reset=false, maxPrice=57.7271, closePrice=57.7271,}"
2023-05-10 19:46:37,048,US70450Y1038,BUY,-862.91,"{buyPrice=57.5275, quantity=15, buyRequestTs=2023-05-10T19:46:37.036, sellRequestTs=2023-05-10T19:10:37.326, change=0, openPrice=57.7577, sellPrice=0.0, stepChange=0, buySpread=0.15, minPrice=57.7577, name=PayPal Hldgs. Inc, reset=false, maxPrice=57.7577, closePrice=57.7577,}"
2023-05-10 21:16:41,108,US02079K3059,BUY,-2971.99,"{buyPrice=102.4824, quantity=29, buyRequestTs=2023-05-10T21:16:41.099, sellRequestTs=2023-04-28T08:32:30.288, change=0, openPrice=101.8282, sellPrice=0.0, stepChange=0, tradeAmount=3000.0, buySpread=0.08, minPrice=101.8282, name=Alphabet Inc A, reset=false, maxPrice=101.8282, closePrice=101.8282,}"
2023-05-10 21:36:39,642,US88339J1051,BUY,-1971.74,"{buyPrice=59.7497, quantity=33, buyRequestTs=2023-05-10T21:36:39.631, sellRequestTs=2023-01-30T09:41:17.210, change=0, openPrice=59.5306, sellPrice=0.0, minPercent=-7.0, stepChange=0, buySpread=0.08, minPrice=59.5306, name=The Trade Desk Inc, reset=false, maxPrice=59.5306, closePrice=59.5306,}"
2023-05-10 21:46:38,112,IE000S9YS762,BUY,-336.54,"{buyPrice=336.5362, quantity=1, buyRequestTs=2023-05-10T21:46:38.100, sellRequestTs=2023-05-02T17:14:36.732, change=0, openPrice=335.0413, sellPrice=0.0, minPercent=-7.0, stepChange=0, buySpread=0.6, minPrice=335.0413, name=LINDE PLC, reset=false, maxPrice=335.0413, closePrice=335.0413,}"
2023-05-10 21:58:38,611,US6311031081,BUY,-453.51,"{buyPrice=50.3903, quantity=9, buyRequestTs=2023-05-10T21:58:38.599, sellRequestTs=2023-04-20T10:16:24.872, change=0, openPrice=50.1153, sellPrice=0.0, minPercent=-7.0, stepChange=0, buySpread=0.14, minPrice=50.1153, name=Nasdaq Inc, reset=false, maxPrice=50.1153, closePrice=50.1153,}"
2023-05-11 08:32:36,414,US02079K1079,SELL,12.80,"{buyPrice=99.9999, quantity=5.0, buyRequestTs=2023-05-10T15:48:37.774, sellRequestTs=2023-05-09T17:16:49.629, change=0, openPrice=102.0734, sellPrice=102.5600, minPercent=-7.0, stepChange=0, buySpread=0.1, minPrice=102.0734, name=Alphabet Inc C, reset=false, maxPrice=102.0734, closePrice=102.0734,}"
2023-05-11 15:32:36,532,US88339J1051,SELL,1.97,"{buyPrice=59.7497, quantity=33.0, buyRequestTs=2023-05-10T21:36:39.631, sellRequestTs=2023-01-30T09:41:17.210, change=0, openPrice=62.7290, sellPrice=59.8094, minPercent=-7.0, stepChange=0, buySpread=0.08, minPrice=62.7290, name=The Trade Desk Inc, reset=false, maxPrice=62.7290, closePrice=62.7290,}"
2023-05-11 15:46:35,122,FR0000120628,SELL,0.49,"{buyPrice=27.072, quantity=18.0, buyRequestTs=2023-05-10T16:56:37.467, sellRequestTs=2023-05-10T16:18:37.739, change=0, openPrice=26.7585, sellPrice=27.0991, minPercent=-7.0, stepChange=0, buySpread=0.025, minPrice=26.7585, name=AXA SA, reset=false, maxPrice=26.7585, closePrice=26.7585,}"
2023-05-11 16:14:35,690,US65339F1012,SELL,12.57,"{buyPrice=68.8988, quantity=22.0, buyRequestTs=2023-05-08T16:36:31.320, sellRequestTs=2023-04-25T16:00:32.678, change=0, openPrice=69.7880, sellPrice=69.4700, stepChange=0, buySpread=0.13, minPrice=69.7880, name=NEXTERA ENERGY INC., reset=false, maxPrice=69.7880, closePrice=69.7880,}"
2023-05-11 16:38:35,394,US0231351067,BUY,-2554.05,"{buyPrice=102.1621, quantity=25, buyRequestTs=2023-05-11T16:38:35.384, sellRequestTs=2023-05-10T17:36:39.532, change=0, openPrice=102.5262, sellPrice=0.0, stepChange=0, tradeAmount=3000.0, buySpread=0.02, minPrice=102.5262, name=Amazon.com Inc, reset=false, maxPrice=102.5262, closePrice=102.5262,}"
2023-05-11 16:38:46,392,US5949181045,BUY,-1978.08,"{buyPrice=282.5823, quantity=7, buyRequestTs=2023-05-11T16:38:46.383, sellRequestTs=2023-05-10T09:56:37, change=0, openPrice=282.2754, sellPrice=0.0, stepChange=0, buySpread=0.15, minPrice=282.2754, name=Microsoft Corp, reset=false, maxPrice=282.2754, closePrice=282.2754,}"
2023-05-11 17:26:35,346,US98980G1022,BUY,-420.98,"{buyPrice=105.2451, quantity=4, buyRequestTs=2023-05-11T17:26:35.337, sellRequestTs=2023-05-09T16:48:37.247, change=0, openPrice=105.1218, sellPrice=0.0, minPercent=-7.0, stepChange=0, buySpread=0.28, minPrice=105.1218, name=Zscaler Inc, reset=false, maxPrice=105.1218, closePrice=105.1218,}"
2023-05-11 20:26:35,658,US02079K3059,SELL,129.27,"{buyPrice=102.4824, quantity=29.0, buyRequestTs=2023-05-10T21:16:41.099, sellRequestTs=2023-04-28T08:32:30.288, change=0, openPrice=106.8972, sellPrice=106.9400, stepChange=0, tradeAmount=3000.0, buySpread=0.08, minPrice=106.8972, name=Alphabet Inc A, reset=false, maxPrice=106.8972, closePrice=106.8972,}"
2023-05-12 09:06:31,050,DE0008404005,BUY,-418.22,"{buyPrice=209.1089, quantity=2, buyRequestTs=2023-05-12T09:06:31.003, sellRequestTs=2023-03-22T16:38:21.583, change=0, openPrice=212.0771, sellPrice=0.0, stepChange=0, buySpread=0.1, minPrice=212.0771, name=Allianz SE NA, reset=false, maxPrice=212.0771, closePrice=212.0771,}"
2023-05-12 09:42:28,643,DE0008404005,SELL,0.78,"{buyPrice=209.1089, quantity=2, buyRequestTs=2023-05-12T09:06:31.003, sellRequestTs=2023-03-22T16:38:21.583, change=0, openPrice=209.0994, sellPrice=209.5000, stepChange=0, buySpread=0.1, minPrice=209.0994, name=Allianz SE NA, reset=false, maxPrice=209.0994, closePrice=209.0994,}"
2023-05-12 09:46:28,377,DE0008404005,BUY,-420.52,"{buyPrice=210.2601, quantity=2, buyRequestTs=2023-05-12T09:46:28.364, sellRequestTs=2023-05-12T09:42:28.644, change=0, openPrice=208.9307, sellPrice=0.0, stepChange=0, buySpread=0.05, minPrice=208.9307, name=Allianz SE NA, reset=false, maxPrice=208.9307, closePrice=208.9307,}"
2023-05-12 16:00:28,391,US70450Y1038,SELL,10.54,"{buyPrice=57.5275, quantity=15.0, buyRequestTs=2023-05-10T19:46:37.036, sellRequestTs=2023-05-10T19:10:37.326, change=0, openPrice=58.8949, sellPrice=58.2300, stepChange=0, buySpread=0.15, minPrice=58.8949, name=PayPal Hldgs. Inc, reset=false, maxPrice=58.8949, closePrice=58.8949,}"
2023-05-12 18:50:29,211,DE0008404005,SELL,2.78,"{buyPrice=210.2601, quantity=2, buyRequestTs=2023-05-12T09:46:28.364, sellRequestTs=2023-05-12T09:42:28.644, change=0, openPrice=211.5242, sellPrice=211.6500, stepChange=0, buySpread=0.05, minPrice=211.5242, name=Allianz SE NA, reset=false, maxPrice=211.5242, closePrice=211.5242,}"
2023-05-12 18:52:28,473,US0231351067,SELL,2.56,"{buyPrice=102.1621, quantity=25.0, buyRequestTs=2023-05-11T16:38:35.384, sellRequestTs=2023-05-10T17:36:39.532, change=0, openPrice=101.4680, sellPrice=102.2643, stepChange=0, tradeAmount=3000.0, buySpread=0.02, minPrice=101.4680, name=Amazon.com Inc, reset=false, maxPrice=101.4680, closePrice=101.4680,}"
2023-05-15 17:58:04,542,CA82509L1076,BUY,-455.66,"{buyPrice=56.9569, quantity=8, buyRequestTs=2023-05-15T17:58:04.493, sellRequestTs=2023-05-04T16:42:33.386, change=0, openPrice=56.5437, sellPrice=0.0, minPercent=-7.0, stepChange=0, buySpread=0.05, minPrice=56.5437, name=SHOPIFY INC., reset=false, maxPrice=56.5437, closePrice=56.5437,}"
2023-05-15 18:08:06,742,US70450Y1038,BUY,-459.18,"{buyPrice=57.3973, quantity=8, buyRequestTs=2023-05-15T18:08:06.733, sellRequestTs=2023-05-12T16:00:28.391, change=0, openPrice=57.0616, sellPrice=0.0, stepChange=0, buySpread=0.10, minPrice=57.0616, name=PayPal Hldgs. Inc, reset=false, maxPrice=57.0616, closePrice=57.0616,}"
2023-05-16 08:32:04,554,US98980G1022,SELL,20.78,"{buyPrice=105.2451, quantity=4.0, buyRequestTs=2023-05-11T17:26:35.337, sellRequestTs=2023-05-09T16:48:37.247, change=0, openPrice=110.6137, sellPrice=110.4400, minPercent=-7.0, stepChange=0, buySpread=0.28, minPrice=110.6137, name=Zscaler Inc, reset=false, maxPrice=110.6137, closePrice=110.6137,}"
2023-05-16 08:40:05,374,US0394831020,SELL,6.52,"{buyPrice=68.2682, quantity=7.0, buyRequestTs=2023-05-03T11:38:28.934, sellRequestTs=2023-05-02T19:00:37.480, change=0, openPrice=69.2000, sellPrice=69.2000, minPercent=-7.0, stepChange=0, buySpread=0.4, minPrice=69.2000, name=Archer Daniels Midland Co., reset=false, maxPrice=69.2000, closePrice=69.2000,}"
2023-05-16 13:26:05,061,CA82509L1076,SELL,0.46,"{buyPrice=56.9569, quantity=8.0, buyRequestTs=2023-05-15T17:58:04.493, sellRequestTs=2023-05-04T16:42:33.386, change=0, openPrice=55.8118, sellPrice=57.0139, minPercent=-7.0, stepChange=0, buySpread=0.05, minPrice=55.8118, name=SHOPIFY INC., reset=false, maxPrice=55.8118, closePrice=55.8118,}"
2023-05-16 15:38:07,146,US0394831020,BUY,-480.68,"{buyPrice=68.6686, quantity=7, buyRequestTs=2023-05-16T15:38:07.088, sellRequestTs=2023-05-16T08:40:05.374, change=0, openPrice=69.0999, sellPrice=0.0, minPercent=-7.0, stepChange=0, buySpread=0.2, minPrice=69.0999, name=Archer Daniels Midland Co., reset=false, maxPrice=69.0999, closePrice=69.0999,}"
2023-05-16 17:02:05,505,US70450Y1038,SELL,0.46,"{buyPrice=57.3973, quantity=8.0, buyRequestTs=2023-05-15T18:08:06.733, sellRequestTs=2023-05-12T16:00:28.391, change=0, openPrice=56.3309, sellPrice=57.4547, stepChange=0, buySpread=0.1, minPrice=56.3309, name=PayPal Hldgs. Inc, reset=false, maxPrice=56.3309, closePrice=56.3309,}"
2023-05-16 18:40:06,112,US0394831020,SELL,0.48,"{buyPrice=68.6686, quantity=7, buyRequestTs=2023-05-16T15:38:07.088, sellRequestTs=2023-05-16T08:40:05.374, change=0, openPrice=68.1629, sellPrice=68.7373, minPercent=-7.0, stepChange=0, buySpread=0.2, minPrice=68.1629, name=Archer Daniels Midland Co., reset=false, maxPrice=68.1629, closePrice=68.1629,}"
2023-05-16 18:56:07,582,US0394831020,BUY,-477.88,"{buyPrice=68.2682, quantity=7, buyRequestTs=2023-05-16T18:56:07.573, sellRequestTs=2023-05-16T18:40:06.112, change=0, openPrice=68.1097, sellPrice=0.0, minPercent=-7.0, stepChange=0, buySpread=0.2, minPrice=68.1097, name=Archer Daniels Midland Co., reset=false, maxPrice=68.1097, closePrice=68.1097,}"
2023-05-16 20:46:06,230,US70450Y1038,BUY,-561.76,"{buyPrice=56.1761, quantity=10, buyRequestTs=2023-05-16T20:46:06.220, sellRequestTs=2023-05-16T17:02:05.505, change=0, openPrice=56.0365, sellPrice=0.0, stepChange=0, buySpread=0.04, minPrice=56.0365, name=PayPal Hldgs. Inc, reset=false, maxPrice=56.0365, closePrice=56.0365,}"
2023-05-17 08:40:05,875,US5949181045,SELL,27.77,"{buyPrice=282.5823, quantity=7.0, buyRequestTs=2023-05-11T16:38:46.383, sellRequestTs=2023-05-10T09:56:37, change=0, openPrice=286.4704, sellPrice=286.5500, stepChange=0, buySpread=0.15, minPrice=286.4704, name=Microsoft Corp, reset=false, maxPrice=286.4704, closePrice=286.4704,}"
2023-05-17 09:36:06,081,DE0008404005,BUY,-417.02,"{buyPrice=208.5083, quantity=2, buyRequestTs=2023-05-17T09:36:06.035, sellRequestTs=2023-05-12T18:50:29.211, change=0, openPrice=208.3535, sellPrice=0.0, stepChange=0, buySpread=0.05, minPrice=208.3535, name=Allianz SE NA, reset=false, maxPrice=208.3535, closePrice=208.3535,}"
2023-05-17 14:56:05,768,DE0005140008,BUY,-1991.46,"{buyPrice=9.6206, quantity=207, buyRequestTs=2023-05-17T14:56:05.757, sellRequestTs=2023-03-20T09:10:20.707, change=0, openPrice=9.5862, sellPrice=0.0, minPercent=-7.0, stepChange=0, buySpread=0.002, minPrice=9.5862, name=Deutsche Bank AG, reset=false, maxPrice=9.5862, closePrice=9.5862,}"
2023-05-17 16:22:07,717,US0394831020,SELL,0.48,"{buyPrice=68.2682, quantity=7.0, buyRequestTs=2023-05-16T18:56:07.573, sellRequestTs=2023-05-16T18:40:06.112, change=0, openPrice=67.1691, sellPrice=68.3365, minPercent=-7.0, stepChange=0, buySpread=0.2, minPrice=67.1691, name=Archer Daniels Midland Co., reset=false, maxPrice=67.1691, closePrice=67.1691,}"
2023-05-17 17:18:17,613,US0394831020,BUY,-470.87,"{buyPrice=67.2672, quantity=7, buyRequestTs=2023-05-17T17:18:17.602, sellRequestTs=2023-05-17T16:22:07.717, change=0, openPrice=66.9939, sellPrice=0.0, minPercent=-7.0, stepChange=0, buySpread=0.2, minPrice=66.9939, name=Archer Daniels Midland Co., reset=false, maxPrice=66.9939, closePrice=66.9939,}"
2023-05-18 16:12:08,744,US70450Y1038,SELL,5.84,"{buyPrice=56.1761, quantity=10.0, buyRequestTs=2023-05-16T20:46:06.220, sellRequestTs=2023-05-16T17:02:05.505, change=0, openPrice=56.7314, sellPrice=56.7600, stepChange=0, buySpread=0.04, minPrice=56.7314, name=PayPal Hldgs. Inc, reset=false, maxPrice=56.7314, closePrice=56.7314,}"
2023-05-18 16:30:06,116,DE0005140008,SELL,29.06,"{buyPrice=9.6206, quantity=207.0, buyRequestTs=2023-05-17T14:56:05.757, sellRequestTs=2023-03-20T09:10:20.707, change=0, openPrice=9.7505, sellPrice=9.7610, minPercent=-7.0, stepChange=0, buySpread=0.002, minPrice=9.7505, name=Deutsche Bank AG, reset=false, maxPrice=9.7505, closePrice=9.7505,}"
2023-05-18 17:36:07,153,CA82509L1076,BUY,-454.45,"{buyPrice=56.8068, quantity=8, buyRequestTs=2023-05-18T17:36:07.144, sellRequestTs=2023-05-16T13:26:05.061, change=0, openPrice=56.6111, sellPrice=0.0, minPercent=-7.0, stepChange=0, buySpread=0.05, minPrice=56.6111, name=SHOPIFY INC., reset=false, maxPrice=56.6111, closePrice=56.6111,}"
2023-05-18 20:16:07,352,US0231351067,BUY,-2170.97,"{buyPrice=108.5484, quantity=20, buyRequestTs=2023-05-18T20:16:07.342, sellRequestTs=2023-05-12T18:52:28.474, change=0, openPrice=108.7351, sellPrice=0.0, stepChange=0, tradeAmount=3000.0, buySpread=0.04, minPrice=108.7351, name=Amazon.com Inc, reset=false, maxPrice=108.7351, closePrice=108.7351,}"
2023-05-18 20:16:13,304,US67066G1040,BUY,-1751.35,"{buyPrice=291.8916, quantity=6, buyRequestTs=2023-05-18T20:16:13.292, sellRequestTs=2023-03-22T20:50:32.055, change=0, openPrice=292.6238, sellPrice=0.0, stepChange=0, buySpread=0.1, minPrice=292.6238, name=NVIDIA Corp, reset=false, maxPrice=292.6238, closePrice=292.6238,}"
2023-05-18 20:16:19,838,US5949181045,BUY,-1766.67,"{buyPrice=294.4442, quantity=6, buyRequestTs=2023-05-18T20:16:19.829, sellRequestTs=2023-05-17T08:40:05.879, change=0, openPrice=294.0990, sellPrice=0.0, stepChange=0, buySpread=0.10, minPrice=294.0990, name=Microsoft Corp, reset=false, maxPrice=294.0990, closePrice=294.0990,}"
2023-05-18 20:34:06,391,CA82509L1076,SELL,0.45,"{buyPrice=56.8068, quantity=8, buyRequestTs=2023-05-18T17:36:07.144, sellRequestTs=2023-05-16T13:26:05.061, change=0, openPrice=55.9875, sellPrice=56.8636, minPercent=-7.0, stepChange=0, buySpread=0.05, minPrice=55.9875, name=SHOPIFY INC., reset=false, maxPrice=55.9875, closePrice=55.9875,}"
2023-05-18 21:26:06,960,CA82509L1076,BUY,-453.65,"{buyPrice=56.7067, quantity=8, buyRequestTs=2023-05-18T21:26:06.922, sellRequestTs=2023-05-18T20:34:06.391, change=0, openPrice=56.2998, sellPrice=0.0, minPercent=-7.0, stepChange=0, buySpread=0.15, minPrice=56.2998, name=SHOPIFY INC., reset=false, maxPrice=56.2998, closePrice=56.2998,}"
2023-05-19 13:32:06,465,US6311031081,SELL,5.67,"{buyPrice=50.3903, quantity=9.0, buyRequestTs=2023-05-10T21:58:38.599, sellRequestTs=2023-04-20T10:16:24.872, change=0, openPrice=51.2324, sellPrice=51.0200, minPercent=-7.0, stepChange=0, buySpread=0.14, minPrice=51.2324, name=Nasdaq Inc, reset=false, maxPrice=51.2324, closePrice=51.2324,}"
2023-05-19 16:20:07,602,US67066G1040,SELL,1.75,"{buyPrice=291.8916, quantity=6.0, buyRequestTs=2023-05-18T20:16:13.292, sellRequestTs=2023-03-22T20:50:32.055, change=0, openPrice=289.5337, sellPrice=292.1835, stepChange=0, buySpread=0.1, minPrice=289.5337, name=NVIDIA Corp, reset=false, maxPrice=289.5337, closePrice=289.5337,}"
2023-05-19 18:18:07,547,CA82509L1076,SELL,0.45,"{buyPrice=56.7067, quantity=8.0, buyRequestTs=2023-05-18T21:26:06.922, sellRequestTs=2023-05-18T20:34:06.391, change=0, openPrice=55.5387, sellPrice=56.7634, minPercent=-7.0, stepChange=0, buySpread=0.15, minPrice=55.5387, name=SHOPIFY INC., reset=false, maxPrice=55.5387, closePrice=55.5387,}"
2023-05-19 18:22:07,867,US0231351067,SELL,2.17,"{buyPrice=108.5484, quantity=20.0, buyRequestTs=2023-05-18T20:16:07.342, sellRequestTs=2023-05-12T18:52:28.474, change=0, openPrice=107.5900, sellPrice=108.6569, stepChange=0, tradeAmount=3000.0, buySpread=0.04, minPrice=107.5900, name=Amazon.com Inc, reset=false, maxPrice=107.5900, closePrice=107.5900,}"
2023-05-19 21:16:07,146,US98980G1022,BUY,-465.10,"{buyPrice=116.2762, quantity=4, buyRequestTs=2023-05-19T21:16:07.136, sellRequestTs=2023-05-16T08:32:04.558, change=0, openPrice=115.6409, sellPrice=0.0, minPercent=-7.0, stepChange=0, buySpread=0.26, minPrice=115.6409, name=Zscaler Inc, reset=false, maxPrice=115.6409, closePrice=115.6409,}"
2023-05-22 13:24:07,232,DE0008404005,SELL,4.28,"{buyPrice=208.5083, quantity=2.0, buyRequestTs=2023-05-17T09:36:06.035, sellRequestTs=2023-05-12T18:50:29.211, change=0, openPrice=210.9181, sellPrice=210.6500, stepChange=0, buySpread=0.05, minPrice=210.9181, name=Allianz SE NA, reset=false, maxPrice=210.9181, closePrice=210.9181,}"
2023-05-22 13:36:05,951,IE000S9YS762,SELL,5.31,"{buyPrice=336.5362, quantity=1.0, buyRequestTs=2023-05-10T21:46:38.100, sellRequestTs=2023-05-02T17:14:36.732, change=0, openPrice=341.5769, sellPrice=341.8500, minPercent=-7.0, stepChange=0, buySpread=0.6, minPrice=341.5769, name=LINDE PLC, reset=false, maxPrice=341.5769, closePrice=341.5769,}"
2023-05-22 15:56:09,079,DE0007165607,BUY,-1940.94,"{buyPrice=277.2770, quantity=7, buyRequestTs=2023-05-22T15:56:09.068, sellRequestTs=2022-05-16T09:38:28.496, change=0, openPrice=273.2610, sellPrice=0.0, minPercent=-7.0, stepChange=0, buySpread=1.5, minPrice=273.2610, name=Sartorius AG, reset=false, maxPrice=273.2610, closePrice=273.2610,}"
2023-05-22 16:06:08,352,US5738741041,BUY,-466.59,"{buyPrice=42.4174, quantity=11, buyRequestTs=2023-05-22T16:06:08.341, sellRequestTs=2022-08-26T08:07:09.826, change=0, openPrice=41.8049, sellPrice=0.0, minPercent=-7.0, stepChange=0, buySpread=0.045, minPrice=41.8049, name=MARVELL TECHNOLOGY INC., reset=false, maxPrice=41.8049, closePrice=41.8049,}"
2023-05-22 17:36:07,832,US70450Y1038,BUY,-1984.52,"{buyPrice=58.3683, quantity=34, buyRequestTs=2023-05-22T17:36:07.821, sellRequestTs=2023-05-18T16:12:08.745, change=0, openPrice=58.0394, sellPrice=0.0, stepChange=0, buySpread=0.10, minPrice=58.0394, name=PayPal Hldgs. Inc, reset=false, maxPrice=58.0394, closePrice=58.0394,}"
2023-05-22 17:36:18,943,US8522341036,BUY,-1952.85,"{buyPrice=55.7957, quantity=35, buyRequestTs=2023-05-22T17:36:18.930, sellRequestTs=2023-05-10T16:58:37.924, change=0, openPrice=55.3404, sellPrice=0.0, minPercent=-7.0, stepChange=0, buySpread=0.08, minPrice=55.3404, name=Block Inc A, reset=false, maxPrice=55.3404, closePrice=55.3404,}"
2023-05-22 19:54:08,707,US98980G1022,SELL,14.50,"{buyPrice=116.2762, quantity=4.0, buyRequestTs=2023-05-19T21:16:07.136, sellRequestTs=2023-05-16T08:32:04.558, change=0, openPrice=119.6881, sellPrice=119.9000, minPercent=-7.0, stepChange=0, buySpread=0.26, minPrice=119.6881, name=Zscaler Inc, reset=false, maxPrice=119.6881, closePrice=119.6881,}"
